1,Robert Arneson,"American, 1930–1992",American,male,1930,1992,,
2,Doroteo Arnaiz,"Spanish, born 1936",Spanish,male,1936,0,,
3,Bill Arnold,"American, born 1941",American,male,1941,0,,
4,Charles Arnoldi,"American, born 1946",American,male,1946,0,Q1063584,500027998
5,Per Arnoldi,"Danish, born 1941",Danish,male,1941,0,,
6,Danilo Aroldi,"Italian, born 1925",Italian,male,1925,0,,
7,Bill Aron,"American, born 1941",American,male,1941,0,,
9,David Aronson,"American, born Lithuania 1923",American,male,1923,0,Q5230870,500003363
10,Irene Aronson,"American, born Germany 1918",American,female,1918,0,Q19748568,500042413
11,Jean (Hans) Arp,"French, born Germany (Alsace). 1886–1966",French,male,1886,1966,Q153739,500031000
12,Jüri Arrak,"Estonian, born 1936",Estonian,male,1936,0,,
13,José Arellano Fischer,"Mexican, 1911–1995",Mexican,male,1911,1995,,
15,Folke Arstrom,"Swedish, 1907–1997",Swedish,male,1907,1997,,
16,Cristobal Arteche,"Spanish, 1900–1964",Spanish,male,1900,1964,,
18,Artko,,,,0,0,,
19,Richard Artschwager,"American, 1923–2013",American,male,1923,2013,Q568262,500114981
21,Ruth Asawa,"American, 1926–2013",American,female,1926,2013,Q7382874,500077806
22,Isidora Aschheim,Israeli,Israeli,female,0,0,,
23,Charles Robert Ashbee,"British, 1863–1942",British,male,1863,1942,Q614071,500030367
24,Donald Ashcraft,"American, born 1927",American,male,1927,0,,
25,E. M. Ashe,"American, 1867–1941",American,male,1867,1941,,
26,Göran Åslin,"Swedish, born 1940",Swedish,,1940,0,,
27,Erik Gunnar Asplund,"Swedish, 1885–1940",Swedish,male,1885,1940,Q312070,500011232
28,Geneviève Asse,"French, born 1923",French,female,1923,0,Q1978192,500025324
30,Sergio Asti,"Italian, 1926–2021",Italian,male,1926,2021,,
31,Dana Atchley,"American, 1941–2000",American,female,1941,2000,,
32,Atelier Eggers,French,French,,0,0,,
33,A.A.P.,American,American,,0,0,,
34,Alvar Aalto,"Finnish, 1898–1976",Finnish,male,1898,1976,Q82840,500002617
35,Aino Aalto,"Finnish, 1894–1949",Finnish,female,1894,1949,Q273511,500024110
36,Eero Aarnio,"Finnish, born 1932",Finnish,male,1932,0,Q707025,500270610
37,Jules Aarons,"American, 1921–2008",American,male,1921,2008,,
38,Magdalena Abakanowicz,"Polish, 1930–2017",Polish,female,1930,2017,Q158080,500084577
39,James Abbe,"American, 1883–1973",American,male,1883,1973,Q321301,500026671
40,Jussuf Abbo,"Palestinian, 1888–1953",Palestinian,male,1888,1953,,
41,Berenice Abbott,"American, 1898–1991",American,female,1898,1991,Q231861,500020631
42,Nobuya Abe,"Japanese, 1913–1971",Japanese,male,1913,1971,,
43,Abe Shiro (pen Name: Suichiku),"Japanese, born 1900",Japanese,male,1900,0,,
44,Robert Abel,"American, born 1937",American,male,1937,0,Q7341326,
46,Sigmund Abeles,"American, born 1934",American,male,1934,0,,
47,Raimund Abraham,"American, born Austria. 1933–2010",American,male,1933,2010,Q78819,500031964
49,Ivor Abrahams,"British, born 1935",British,male,1935,0,Q11714362,500012378
50,Gerald Abramovitz,"British, born South Africa. 1928–2011",British,male,1928,2011,,
51,William Ross Abrams,"American, 1920–2007",American,male,1920,2007,,
52,Rodolfo Abularach,"Guatemalan, 1933–2020",Guatemalan,male,1933,2020,Q7357131,500118427
53,Vito Acconci,"American, 1940–2017",American,male,1940,2017,Q433471,500014538
54,Milton Ackoff,"American, born 1915",American,male,1915,0,,
55,Norman Ackroyd,British,British,male,0,0,Q7051892,500029028
56,Luis Alberto Acuña,"Colombian, 1904–1994",Colombian,male,1904,1994,,
57,Henri Georges Adam,"French, 1904–1967",French,male,1904,1967,Q662900,500020748
58,Antoine Samuel Adam-Salomon,"French, 1818–1881",French,male,1818,1881,,
59,Valerio Adami,"Italian, born 1935",Italian,male,1935,0,Q562139,500013534
60,Ansel Adams,"American, 1902–1984",American,male,1902,1984,Q60809,500026108
61,Alice Adams,"American, born 1930",American,female,1930,0,Q4725709,500033075
62,Clinton Adams,"American, 1918–2002",American,male,1918,2002,Q5134058,500042367
63,Dacres Adams,"British, 1864–1951",British,male,1864,1951,,
64,Dennis Adams,"American, born 1948",American,male,1948,0,,
65,Kenneth M. Adams,"American, 1897–1966",American,male,1897,1966,,
66,Robert Adams,"American, born 1937",American,male,1937,0,Q1392710,500037036
67,Shelby Lee Adams,"American, born 1950",American,male,1950,0,,
68,Charles Addams,"American, 1912–1988",American,male,1912,1988,Q361106,500074368
69,Allan Adler,"American, 1916–2002",American,male,1916,2002,,
70,Jankel Adler,"Polish, 1895–1949",Polish,male,1895,1949,Q213726,500027359
71,Virginia Admiral,"American, 1915–2000",American,female,1915,2000,Q7815833,500044912
72,Pic Adrian,"Romanian, born 1910",Romanian,male,1910,0,,
74,Roy Adzak,"British, 1927–1987",British,male,1927,1987,Q3445734,500032997
76,Nicholas Africano,"American, born 1948",American,male,1948,0,,
77,Afro (Afro Basaldella),"Italian, 1912–1976",Italian,male,1912,1976,Q388090,500014109
78,Aftograf,Russian,Russian,,0,0,,
79,Agam (Yaacov Agam),"Israeli, born 1928",Israeli,male,1928,0,Q276030,500019224
80,Mehemed Fehmy Agha,"American, born Russia. 1896–1978",American,male,1896,1978,Q3853982,500032736
81,Kathleen Agnoli,"American, born 1945",American,female,1945,0,,
82,Peter Agostini,"American, 1913–1993",American,male,1913,1993,,
83,Olympe Aguado de las Marismas,"French, 1827–1894",French,male,1827,1894,Q2734214,500345720
84,Dongkuk S. Ahn,"American, 1937–2013",American,male,1937,2013,,
85,Aarne Aho,"Finnish, 1904–1978",Finnish,male,1904,1978,,
86,Otl Aicher (also known as Otto Aicher),"German, 1922–1991",German,male,1922,1991,Q61191,500058307
87,Lucien Aigner,"American, born Hungary. 1901–1999",American,male,1901,1999,Q3265338,500043259
88,Gregory Ain,"American, 1908–1988",American,male,1908,1988,Q5606793,500008108
89,Edgar Ainsworth,"British, 1906–1975",British,male,1906,1975,,
91,Roberto Aizenberg,"Argentine, 1928–1996",Argentine,male,1928,1996,,
92,Kinji Akagawa,"American, born Japan 1940",American,male,1940,0,,
93,Ryoji Akiyama,"Japanese, born 1942",Japanese,male,1942,0,Q7385596,
94,Munira Al-Kazi,"Kuwaiti, born 1939",Kuwaiti,female,1939,0,,
95,Alastair (Hans H. Voight),"German, 1887–1969",German,male,1887,1969,,
96,Anni Albers,"American, born Germany. 1899–1994",American,female,1899,1994,Q86078,500012591
97,Josef Albers,"American, born Germany. 1888–1976",American,male,1888,1976,Q170071,500033049
98,Beatrice Albert,American,American,female,0,0,,
99,Joan Albert,"American, 1943–2012",American,female,1943,2012,,
100,Ivan LeLorraine Albright,"American, 1897–1983",American,male,1897,1983,Q1392676,500016413
101,Album-miscellaneous,Various,,,0,0,,
103,Albert Alcalay,"American, 1917–2008",American,male,1917,2008,,
104,L. (Alfred Lewin Copley) Alcopley,"American, born Germany. 1910–1992",American,male,1910,1992,Q3611295,500019879
105,A. Alcorn,American,American,,0,0,,
106,Alan Aldridge,"British, born 1943",British,male,1943,0,,
107,Pierre Alechinsky,"Belgian, born 1927",Belgian,male,1927,0,Q328248,500027985
108,Peter Alexander,"American, 1939–2020",American,male,1939,2020,,
111,Carlo Alfano,Italian,Italian,male,0,0,,
112,José R. Alicea,"American, born Puerto Rico 1928",American,male,1928,0,,
113,Leopoldo and Guiseppe Alinari,Italian,Italian,,0,0,,
114,James Alinder,"American, born 1941",American,male,1941,0,,
115,Yves Alix,"French, 1890–1969",French,male,1890,1969,,
116,Wobbe Alkema,"Dutch, 1900–1984",Dutch,male,1900,1984,,
117,William Allan,"American, born 1936",American,male,1936,0,,
118,Alexander Alland,"American, born Russia. 1902–1989",American,male,1902,1989,,
119,Harry Allen,"American, born 1964",American,male,1964,0,,
120,Terry Allen,"American, born 1943",American,male,1943,0,Q1279401,500103769
121,Adrian Allinson,"British, 1890–1959",British,male,1890,1959,,
123,Carlos Alonso,"Argentine, born 1929",Argentine,male,1929,0,,
124,Glen Alps,"American, 1914–1996",American,male,1914,1996,,
126,Henry Altchek,"American, born 1943",American,male,1943,0,,
127,Gerhard Altenbourg,"German, 1926–1989",German,male,1926,1989,Q111018,500029807
128,Hobie Alter,"American, born 1933",American,male,1933,0,,
129,Harold Altman,"American, 1924–2003",American,male,1924,2003,,500028706
131,Gioacchino Altobelli,"Italian, 1814–c. 1879",Italian,male,1814,1879,,
132,John Altoon,"American, 1925–1969",American,male,1925,1969,Q4062989,500019079
135,Manuel Álvarez Bravo,"Mexican, 1902–2002",Mexican,male,1902,2002,Q712262,500028115
136,Dag Alveng,"Norwegian, born 1953",Norwegian,male,1953,0,,
137,Getulio Alviani,"Italian, born 1939",Italian,male,1939,0,Q325200,500006302
138,Edmond-François Aman Jean,"French, 1858–1936",French,male,1858,1936,Q576570,500012380
139,Kunihiro Amano,"Japanese, born 1929",Japanese,male,1929,0,,
140,Jim Amaral,"American, born 1933",American,male,1933,0,,
141,Emilio Ambasz,"Argentine, born 1943",Argentine,male,1943,0,Q655905,500016432
142,M. Ameen,Nationality unknown,Nationality unknown,,0,0,,
143,Irving Amen,"American, 1918–2011",American,male,1918,2011,,
144,Woody van Amen,"Dutch, born 1936",Dutch,male,1936,0,,
145,Gregory Amenoff,"American, born 1948",American,male,1948,0,,
148,Florencia de Amesti,"Chilean, 1925–2006",Chilean,female,1925,2006,,
149,Cuno Amiet,"Swiss, 1868–1961",Swiss,male,1868,1961,Q566797,500005153
150,Francisco Amighetti Ruiz,"Costa Rican, 1907–1998",Costa Rican,male,1907,1998,,
152,Ralph Ammirati,American,American,male,0,0,,
153,Emma Amos,"American, 1937–2020",American,female,1937,2020,Q5372719,500124746
154,Mauricio Amster Cats,"Chilean, born Lvov, 1907–1980",Chilean,male,1907,1980,,
155,William Anastasi,"American, 1933–2023",American,male,1933,2023,Q15459073,500056778
157,Stephen Ancona,"American, born 1932",American,male,1932,0,,
158,Jiþi Anderle,"Czech, born 1936",Czech,male,1936,0,,
159,Gunnar Aagaard Andersen,"Danish, 1919–1982",Danish,male,1919,1982,,
160,Karin Schou Andersen,"Danish, born 1953",Danish,female,1953,0,,
161,Clarence William Anderson,"American, 1891–1971",American,male,1891,1971,,
162,Carl Anderson,"American, 1903–1989",American,male,1903,1989,Q1036742,
163,Dennis Anderson,"American, born 1948",American,male,1948,0,,
164,Jeremy Anderson,"American, 1921–1982",American,male,1921,1982,,
165,James Anderson,"British, 1813–1877",British,male,1813,1877,Q3160907,500001454
166,Jerry Anderson,"American, born 1938",American,male,1938,0,,
167,John S. Anderson,"American, 1928–2021",American,male,1928,2021,,
168,Neil Anderson,"American, born 1933",American,male,1933,0,,
169,Paul L. Anderson,"American, 1880–1956",American,male,1880,1956,Q7152029,500065743
170,Monika Andersson,"Swedish, born 1957",Swedish,female,1957,0,,
172,Joe Andoe,"American, born 1955",American,male,1955,0,,
173,Farnese de Andrade-Neto,"Brazilian, 1926–1996",Brazilian,male,1926,1996,,
174,Carl Andre,"American, 1935–2024",American,male,1935,2024,Q315348,500011651
175,Pat Andrea,"Dutch, born 1942",Dutch,male,1942,0,,
176,A. Andreas,French,French,,0,0,,
177,Henning Andreasen,"Danish, born 1923",Danish,male,1923,0,,
178,Laura Andreson,"American, 1902–1999",American,female,1902,1999,,
179,Mariano Andreù,"Spanish, 1888–1976",Spanish,male,1888,1976,,
180,Benny Andrews,"American, 1930–2006",American,male,1930,2006,Q4889934,500111179
181,Emmy Andriesse,"Dutch, 1914–1953",Dutch,female,1914,1953,Q530883,
182,Claudia Andujar,"Brazilian, born Switzerland 1931",American,female,1931,0,,
183,Manuel Angeles Ortiz,"Spanish, 1896–1984",Spanish,male,1895,1984,Q5994858,
184,Ludwig Angerer,"Austrian, 1827–1879",Austrian,male,1827,1879,,
185,Bruce Angrave,British,British,male,0,0,,
186,Raúl Anguiano,"Mexican, 1915–2006",Mexican,male,1915,2006,Q325503,500061635
188,Sibyl Anikeef,"American, 1896–1996",American,female,1896,1996,,
189,James Craig Annan,"British, 1864–1946",British,male,1864,1946,Q2138560,500016620
190,Thomas Annan,"British, 1829–1887",British,male,1829,1887,Q1926294,500010588
193,David Annesley,"British, born 1936",British,male,1936,0,,
194,Horst Antes,"German, born 1936",German,male,1936,0,Q446519,500010821
195,William Anthony,"American, born 1934",American,male,1934,0,,
196,Stephen Antonakos,"American, born Greece. 1926–2013",American,male,1926,2013,Q15429571,500091275
198,Garo Antreasian,"American, 1922–2018",American,male,1922,2018,,
199,Nemesio Antúnez,"Chilean, 1918–1993",Chilean,male,1918,1993,,
200,Richard Anuszkiewicz,"American, 1930–2020",American,male,1930,2020,Q558505,500025580
201,Aoki Toshio,,,,1854,1912,,
202,Carl Apfelschnitt,"American, born 1948",American,male,1948,0,,
203,Karel Appel,"Dutch, 1921–2006",Dutch,male,1921,2006,Q152793,500030857
204,Leon Appelbaum,American,American,male,0,0,,
205,Ida Applebroog,"American, 1929–2023",American,female,1929,2023,Q1488149,500091955
207,Shusaku Arakawa,"American, born Japan. 1936–2010",American,male,1936,2010,Q478264,500123705
208,Diane Arbus,"American, 1923–1971",American,female,1923,1971,Q234608,500012758
209,Alexander Archipenko,"American, born Ukraine. 1887–1964",American,male,1887,1964,Q157578,500022523
211,Mordecai Ardon,"Israeli, born Poland. 1896–1992",Israeli,male,1896,1992,Q631835,500030956
212,Luis Arenal,"Mexican, 1909–1985",Mexican,male,1909,1985,,
214,Egmont Arens,"American, 1888–1966",American,male,1888,1966,Q1298270,500125347
215,Tamotsu Arikawa,Japanese,Japanese,male,0,0,,
216,Avigdor Arikha,"Romanian, 1929–2010",Romanian,male,1929,2010,,
217,Gonzalo Ariza,"Colombian, 1912–1995",Colombian,male,1912,1995,,
218,Alda Maria Armagni,Argentine,Argentine,female,0,0,,
219,Siah Armajani,"American, born Iran. 1939–2020",American,male,1939,2020,Q325184,500020843
220,Arman,"American, born France. 1928–2005",American,male,1928,2005,Q367973,500003632
221,Armando,"Dutch, born 1929",Dutch,male,1929,0,,
222,F. Armbruster,"French, 1835–1912",French,male,1835,1912,,
224,Kenneth Armitage,"British, 1916–2002",British,male,1916,2002,Q659535,500008896
225,John Taylor Arms,"American, 1887–1953",American,male,1887,1953,Q6260399,500022283
226,John Armstrong,"British, 1893–1973",British,male,1893,1973,Q19325186,500027012
227,François Arnal,"French, 1924–2012",French,male,1924,2012,,
229,Eugène Atget,"French, 1857–1927",French,male,1857,1927,Q322030,500008199
230,John Atherton,"American, 1900–1952",American,male,1900,1952,Q20200670,500011141
231,Anna Atkins,"British, 1799–1871",British,female,1799,1871,,
232,Conrad Atkinson,"British, born 1940",British,male,1940,0,,
233,Lawrence Atkinson,"British, 1873–1931",British,male,1873,1931,Q4072108,500002487
234,Terry Atkinson,"British, born 1939",British,male,1939,0,Q325740,500012421
235,Jean-Michel Atlan,"French, born Algeria. 1913–1960",French,male,1913,1960,Q689646,500055885
236,Dotty Attie,"American, born 1938",American,female,1938,0,Q5299500,500024829
238,Carl Auböck,"Austrian, 1924–1993",Austrian,male,1924,1993,,
239,Charles Aubry,"French, 1811–1877",French,male,1811,1877,,
240,Frank Auerbach,"British, born Germany. 1931–2024",British,male,1931,2024,Q215919,500023601
241,Gae Aulenti,"Italian, 1930–2012",Italian,female,1930,2012,Q8867,
242,Keith James Aulik,"American, 1918–1999",American,male,1918,1999,,
243,George Ault,"American, 1891–1948",American,male,1891,1948,Q2282231,500005655
245,Irving Austin,American,American,male,0,0,,
246,Mario Avati,"Italian, 1921–2009",Italian,male,1921,2009,,
247,Edward Avedisian,"American, 1936–2007",American,male,1936,2007,Q5341650,500004353
248,Richard Avedon,"American, 1923–2004",American,male,1923,2004,Q305497,500013773
249,Frances Avery,"American, born Canada. 1910–2006",American,female,1910,2006,,
250,Milton Avery,"American, 1885–1965",American,male,1885,1965,Q2714574,500002713
251,David Avison,"American, 1937–2004",American,male,1937,2004,,
252,Mordechai Avniel,Israeli,Israeli,male,0,0,,
254,Kiyoshi Awazu,"Japanese, 1929–2009",Japanese,male,1929,2009,,
255,Ay-O,"Japanese, born 1931",Japanese,male,1931,0,Q2874830,500125452
256,Alice Aycock,"American, born 1946",American,female,1946,0,Q523722,500026635
257,Pierre Ayot,"Canadian, 1943–1995",Canadian,male,1943,1995,,
258,Michael Ayrton,"British, 1921–1975",British,male,1921,1975,Q2739689,500018746
259,Luis Cruz Azaceta,"American, born 1942",American,male,1942,0,,
260,Umetaro Azechi,"Japanese, 1902–1999",Japanese,male,1902,1999,Q11578726,500330875
261,Kengiro Azuma,"Japanese, born 1926",Japanese,male,1926,0,Q139095,500192170
262,Johannes Baader,"German, 1875–1955",German,male,1875,1955,Q67897,500072111
263,Johannes Theodor Baargeld (Alfred Emanuel Ferdinand Gruenwald),"German, 1892–1927",German,male,1892,1927,Q481655,500108031
264,Kurt W. Baasch,"American, born Venezuela. 1891–1964",American,male,1891,1964,,
265,Alice Baber,"American, 1928–1982",American,female,1928,1982,,
266,Bacard Fils,French,French,male,0,0,,
268,Edmondo Bacci,"Italian, 1913–1978",Italian,male,1913,1978,,
269,Elvira Bach,"German, born 1951",German,female,1951,0,,
270,Olof Backman,"Swedish, born 1899",Swedish,male,1899,0,,
271,Olof Backstrom,"Finnish, 1922–1998",Finnish,male,1922,1998,,
272,Francis Bacon,"British, born Ireland. 1909–1992",British,male,1909,1992,Q154340,500021153
273,Peggy Bacon,"American, 1895–1987",American,female,1895,1987,Q7160630,500024574
275,Karl Baden,"American, born 1952",American,male,1952,0,,
276,Mowry Thatcher Baden,"American, born 1936",American,male,1936,0,,
277,Aquiles Badi,"Argentine, 1894–1976",Argentine,male,1894,1976,,
278,Libero Badii,"Argentine, 1916–2001",Argentine,male,1916,2001,,
279,Frank Badur,"German, born 1944",German,male,1944,0,,
280,Donald Baechler,"American, 1956–2022",American,male,1956,2022,,
281,Jo Baer,"American, 1929–2025",American,female,1929,2025,Q1689871,500009657
282,Martin Baer,"American, 1894–1961",American,male,1894,1961,,
283,Olle Baertling,"Swedish, 1911–1981",Swedish,male,1911,1981,,
284,Myrna Báez,"American, born Puerto Rico 1931",American,female,1931,0,,
285,John Bageris,"American, 1924–2000",American,male,1924,2000,Q6220240,
286,Heinz Bahr,"German, born 1934",German,male,1934,0,,
287,Malcolm Bailey,"American, 1947–2011",American,male,1947,2011,,
288,Oscar Bailey,"American, 1925–2010",American,male,1925,2010,,
289,William Bailey,"American, 1930–2020",American,male,1930,2020,,
290,Larry Bair,"American, 1952–1990",American,male,1952,1990,,
291,Eugenie Baizerman,"American, born Poland. 1899–1949",American,female,1899,1949,,
292,Enrico Baj,"Italian, 1924–2003",Italian,male,1924,2003,Q765758,500030098
294,Carl Baker,American,American,male,0,0,,
296,Mikal Baker,"American, born 1946",American,male,1946,0,,
298,Vagrich Bakhchanyan,"Russian, 1938–2009",Russian,male,1938,2009,,
299,Gerhard H. Bakker,"American, born Germany. 1906–1988",American,male,1906,1988,,
300,Léon Bakst,"Russian, 1866–1924",Russian,male,1866,1924,Q214666,500009524
301,Gerard Baksteen,"Dutch, 1887–1976",Dutch,male,1887,1976,,
302,Amèrico Balán,"Argentine, 1915–1986",Argentine,male,1915,1986,,
303,Jirí Balcar,"Czech, 1929–1968",Czech,male,1929,1968,,
304,John Baldessari,"American, 1931–2020",American,male,1931,2020,Q683378,500098854
305,George Baldessin,"Australian, 1939–1978",Australian,male,1939,1978,,
307,C. Leroy Baldridge,"American, 1889–1975",American,male,1889,1975,,
308,Édouard-Denis Baldus,"French, 1813–1882",French,male,1813,1882,Q71244,500024737
309,Benjamin Baldwin,"American, 1913–1993",American,male,1913,1993,,
310,Joost Baljeu,"Dutch, 1925–1991",Dutch,male,1925,1991,Q12012418,500000507
311,Giacomo Balla,"Italian, 1871–1958",Italian,male,1871,1958,Q368254,500014876
313,R. Maxil Ballinger,"American, 1914–1958",American,male,1914,1958,,
314,Theo H. Ballmer,"Swiss, 1902–1965",Swiss,male,1902,1965,Q2416828,500060722
315,Alexander Bally,"American, born 1938",American,male,1938,0,,
316,John F. Balossi,"American, 1931–2007",American,male,1931,2007,,
317,Balthus (Baltusz Klossowski de Rola),"French, 1908–2001",French,male,1908,2001,Q325925,500021167
318,Lewis Baltz,"American, 1945–2014",American,male,1945,2014,Q353266,500011333
319,Thomas Bamberger,"American, born 1948",American,male,1948,0,,
320,McDonald (Mackey Jeffries) Bane,"American, born 1928",American,female,1928,0,,
321,Colette Bangert,"American, born 1934",American,female,1934,0,,
322,Walter Darby Bannard,"American, 1934–2016",American,male,1934,2016,,
323,John Banting,"British, 1902–1972",British,male,1902,1972,Q6220564,500028747
324,Rudolf Baranik,"American, 1920–1998",American,male,1920,1998,,
325,Vladimir Baranoff-Rossiné,"Ukrainian, 1888–1944",Ukrainian,male,1888,1944,Q573654,500017903
327,Anthony Barboza,"American, born 1944",American,male,1944,0,,
329,Miquel Barcelo,"Spanish, born 1957",Spanish,male,1957,0,Q561930,500003657
330,Peter Bardazzi,"American, born 1943",American,male,1943,0,,
331,Jules-Jean-Antoine Baric,"French, 1825–1905",French,male,1825,1905,,
332,Richard Baringer,"American, 1921–1980",American,male,1921,1980,,
333,George Barker,"Australian, born 1942",Australian,male,1942,0,,
334,Walter William Barker,"American, born Germany. 1921–2004",American,male,1921,2004,,
335,Ernst Barlach,"German, 1870–1938",German,male,1870,1938,Q156890,500013940
336,George N. Barnard,"American, 1819–1902",American,male,1819,1902,Q127916,500115186
337,Cyril H. Barnes,American,American,male,0,0,,
339,Robert Barnes,"American, born 1934",American,male,1934,0,,
342,Will Barnet,"American, 1911–2012",American,male,1911,2012,Q1566998,500010278
343,Tina Barney,"American, born 1945",American,female,1945,0,Q522240,500118716
344,Hannelore Baron,"American, 1926–1987",American,female,1926,1987,,
345,Martin Barooshian,"American, 1929–2022",American,male,1929,2022,,
347,Steve Barraclough,British,British,male,0,0,,
348,Maurice Barraud,"Swiss, 1889–1955",Swiss,male,1889,1955,,
349,Susan Barron,"American, born 1947",American,female,1947,0,,
350,Thomas F. Barrow,"American, 1938–2024",American,male,1938,2024,,
351,David Francis Barry,"American, 1854–1934",American,male,1854,1934,,
352,Robert Barry,"American, born 1936",American,male,1936,0,Q477373,500053936
353,Robert Bart,"American, born Canada 1923",American,male,1923,0,,
354,Frances Barth,"American, born 1946",American,female,1946,0,,
355,Ruodi Barth,"Swiss, 1921–1999",Swiss,male,1921,1999,,
356,"Ralph Bartholomew, Jr.","American, 1907–1985",American,male,1907,1985,,
357,Jennifer Bartlett,"American, 1941–2022",American,female,1941,2022,Q6178106,500021315
358,Robert Bartlett,"British, 1922–1979",British,male,1922,1979,,
359,Carlo Bartoli,"Italian, 1931–2020",Italian,male,1931,2020,,
360,Luigi Bartolini,"Italian, 1892–1963",Italian,male,1892,1963,Q172346,500016350
361,Joseph Bartscherer,"American, born 1954",American,male,1954,0,,
362,Gianfranco Baruchello,"Italian, 1924–2023",Italian,male,1924,2023,Q328719,500022197
363,Héctor Basaldua,"Argentine, 1895–1976",Argentine,male,1895,1976,,
364,Bernard Baschet,"French, 1917–2015",French,male,1917,2015,,
365,François Baschet,"French, 1920–2014",French,male,1920,2014,,
366,Georg Baselitz,"German, born 1938",German,male,1938,0,Q164775,500045683
368,Mati Basis,"Israeli, born 1933",Israeli,male,1933,0,,
369,Leonard Baskin,"American, 1922–2000",American,male,1922,2000,Q2601617,500003136
370,Jean-Michel Basquiat,"American, 1960–1988",American,male,1960,1988,Q155407,500093239
371,Joel Bass,"American, 1943–2019",American,male,1943,2019,,
372,Saul Bass,"American, 1920–1996",American,male,1920,1996,Q536884,500021030
373,Giampiero Bassi,"Italian, born 1926",Italian,,1926,0,,
374,Myriam Bat-Yosef,"German, born 1931",German,female,1931,0,,
375,Georges Bataille,"French, 1897–1962",French,male,1897,1962,Q207359,500093456
377,Josef Bato,"Hungarian, 1888–1966",Hungarian,male,1888,1966,,
378,John Battan,"American, 1943–1976",American,male,1943,1976,,
379,Wall Batterton,"British, born 1932",British,male,1932,0,,
380,Dora M. Batty,"British, 1900–1966",British,female,1900,1966,,
381,Eugen Batz,"German, 1905–1986; at Bauhaus 1929–31",German,male,1905,1986,,
382,"Harry W. Batz, Jr.",American,American,male,0,0,,
383,André Bauchant,"French, 1873–1958",French,male,1873,1958,Q516924,500003676
384,Karl Bauer,"German, 1868–1942",German,male,1868,1942,,
385,Rudolph Bauer,"American, born Poland. 1889–1954",American,male,1889,1954,,
386,Mary Bauermeister,"American, 1934–2023",American,female,1934,2023,Q1426004,500021872
387,Bauhaus,German,German,,0,0,,
388,Marilyn Baum,"American, born 1939",American,female,1939,0,,
390,Hans Theo Baumann,"German, born Switzerland. 1924–2016",German,male,1924,2016,,
391,Otto Baumberger,"Swiss, 1889–1961",Swiss,male,1889,1961,Q121025,
392,Willi Baumeister,"German, 1889–1955",German,male,1889,1955,Q707911,500022627
393,Lothar Baumgarten,"German, 1944–2018",German,male,1944,2018,Q455070,500088417
395,Edward Bawden,"British, 1903–1989",British,male,1903,1989,Q3305396,500027999
396,Glen Baxter,British,British,male,0,0,,
397,Iain Baxter&,"Canadian, born England. 1936",Canadian,male,1936,1936,Q522534,500073717
398,Hippolyte Bayard,"French, 1801–1887",French,male,1801,1887,Q559668,500003577
399,Herbert Bayer,"American, born Austria. 1900–1985",American,male,1900,1985,Q213637,500009369
401,Ed Baynard,"American, born 1940",American,male,1940,0,,
402,Thomas Bayrle,"German, born 1937",German,male,1937,0,,
403,Douglas Baz,"American, born 1943",American,male,1943,0,,
404,Jean Bazaine,"French, 1904–2001",French,male,1904,2001,Q708504,500031929
405,Castera Bazile,"Haitian, 1923–1966",Haitian,male,1923,1966,Q2941413,500075513
406,William Baziotes,"American, 1912–1963",American,male,1912,1963,Q652548,500023351
407,Gifford Beal,"American, 1879–1956",American,male,1879,1956,Q5559916,500019899
408,Jack Beal,"American,1931–2013",American,male,1931,2013,Q14828019,500010820
409,Lester Beall,"American, 1903–1969",American,male,1903,1969,Q6531814,500330273
411,Mark Beard,"American, born 1956",American,male,1956,0,,
412,Romare Bearden,"American, 1911–1988",American,male,1911,1988,Q1291679,500007871
413,Aubrey Beardsley,"British, 1872–1898",British,male,1872,1898,Q272566,500032068
414,Bruce Beasley,"American, born 1939",American,male,1939,0,Q612519,500107573
415,Beath,"British, 1913–1991",British,,1913,1991,,
416,Felice Beato,"Italian, 1825–1903",Italian,male,1825,1903,Q318352,
417,Cecil Beaton,"British, 1904–1980",British,male,1904,1980,Q697096,500001040
418,Leslie Beaton,American,American,female,0,0,,
420,André Beaudin,"French, 1895–1975",French,male,1895,1975,,
421,Alessandro Becchi,"Italian, born 1946",Italian,male,1946,0,,
422,Bernd Becher,"German, 1931–2007",German,male,1931,2007,Q16947617,500027822
423,Thelma Becherer,"American, 1916–2008",American,female,1916,2008,,
424,Robert Bechtle,"American, 1932–2020",American,male,1932,2020,Q328645,500016607
425,Gustav K. Beck,"Austrian, 1902–1983",Austrian,male,1902,1983,,
426,A. Becker,German,German,,0,0,,
427,Fred Becker,"American, 1913–2004",American,male,1913,2004,,
428,Bill Beckley,"American, 1946–2024",American,male,1946,2024,Q4908082,500001551
429,Max Beckmann,"German, 1884–1950",German,male,1884,1950,Q164683,500024106
430,Francis Bedford,"British, 1816–1894",British,male,1816,1894,Q3504712,500023245
431,René Beeh,"German, 1886–1922",German,male,1886,1922,,
432,Jan Bontjes van Beek,"German, 1899–1969",German,male,1899,1969,,
433,Chris Hendrik Beekman,"Dutch, 1887–1964",Dutch,male,1887,1964,,
434,Max Beerbohm,"British, 1872–1956",British,male,1872,1956,Q472071,500017622
436,Hedda Beese,"German, born 1944",German,female,1944,0,,
437,"Beggarstaffs (James Pryde, Scottish 1866-1941 & William Nicholson, British 1872-1949)",,British,,1866,1949,,
438,Peter Behrens,"German, 1868–1940",German,male,1868,1940,Q76726,500022843
439,Edith Behring,"Brazilian, 1916–1996",Brazilian,female,1916,1996,,
440,John Behringer,"American, born 1939",American,male,1939,0,,
441,J. J. Beljon,"Dutch, 1922–2002",Dutch,male,1922,2002,,
442,Alistair Macready Bell,"Canadian, 1913–1997",Canadian,male,1913,1997,,
443,Charles M. Bell,"American, 1848–1893",American,male,1848,1893,,
444,Larry Bell,"American, born 1939",American,male,1939,0,Q202621,500005382
445,Vanessa Bell,"British, 1879–1961",British,female,1879,1961,Q255294,500008308
446,William H. Bell,"American, born England 1830–1910",American,male,1830,1910,,
447,Ross Bellah,"American, 1907–2004",American,male,1907,2004,,
448,Joseph Bellanca,"American, 1930–2013",American,male,1930,2013,,
449,John Bellany,"British, 1942–2013",British,male,1942,2013,,
450,Rudolf Belling,"German, 1886–1972",German,male,1886,1972,Q215029,500087529
451,Mario Bellini,"Italian, born 1935",Italian,male,1935,0,Q1360756,500014815
452,Hans Bellmer,"German, 1902–1975",German,male,1902,1975,Q213703,500018770
453,Ernest J. Bellocq,"American, 1873–1949",American,male,1873,1949,Q712326,500060703
455,George Bellows,"American, 1882–1925",American,male,1882,1925,Q167132,500003261
456,Rossella Bellusci,"Italian, born 1947",Italian,female,1947,0,,
457,Giandomenico Belotti,"Italian, born 1922",Italian,male,1922,0,,
458,Christian Belpaire,"Congolese, 1949–2003",Congolese,male,1949,2003,,
459,Antoli Pawlowitsch Belski,"Russian, 1896–1971",Russian,male,1896,1971,,
461,David Ben Shaul,Israeli,Israeli,male,0,0,,
462,Ahron Ben-Shmuel,"American, 1903–1984",American,male,1903,1984,,
463,Ben-Zion,"American, born Ukraine. 1897–1987",American,male,1897,1987,,
464,Adolf Benca,"American, born 1959",American,male,1959,0,,
465,W. T. Benda,"American, 1873–1948",American,male,1873,1948,,
466,C. Whitney Bender,"American, born 1929",American,,1929,0,,
467,Niels Sylvester Bendtsen,"Danish, born 1943",Danish,male,1943,0,,
468,Nair Benedicto,"Brazilian, born 1940",Brazilian,female,1940,0,,
469,Luis Fernando Benedit,"Argentine, 1937–2011",Argentine,male,1937,2011,Q9024950,500018458
470,G. A. Beneker,"American, 1882–1934",American,male,1882,1934,,
471,Lynda Benglis,"American, born 1941",American,female,1941,0,Q538986,500092195
472,Billy Al Bengston,"American, 1934–2022",American,male,1934,2022,Q4912103,500015413
473,Jim Bengston,"American, born 1942",American,male,1942,0,,
474,Anthony Benjamin,British,British,male,0,0,,
475,Gordon Bennett,"American, 1933–2012",American,male,1933,2012,,
476,Henry Hamilton Bennett,"American, born Canada. 1843–1908",American,male,1843,1908,Q5628273,500019160
478,Ward Bennett,"American, 1917–2003",American,male,1917,2003,Q7968974,500066150
481,David Bentley,"American, born 1938",American,male,1938,0,,
482,Nicholas Bentley,"British, 1907–1978",British,male,1907,1978,Q7029528,500043306
483,Thomas Hart Benton,"American, 1889–1975",American,male,1889,1975,Q471764,500005998
484,Roloff Beny,"Canadian, 1924–1984",Canadian,male,1924,1984,,
485,Etienne (Istvan) Béothy,"Hungarian, 1897–1962",Hungarian,male,1897,1962,,
486,Christian Bérard,"French, 1902–1949",French,male,1902,1949,Q1079125,500032124
487,Roberto Berdecio,"Bolivian, 1913–1996",Bolivian,male,1913,1996,Q7351596,500122205
488,Vera Berdich,"American,1915–2003",American,female,1915,2003,,
489,Ed Bereal,"American, born 1937",American,male,1937,0,,
490,Stephen Lynn Berens,"American, born 1952",American,male,1952,0,,
491,Berger (?),"British, born 1938",British,,1938,0,,
492,Charles Berger,"American, born 1943",American,male,1943,0,,
493,Jason Berger,"American, 1924–2010",American,male,1924,2010,,
495,Hagbard Elis Bergh,"Swedish, 1881–1954",Swedish,male,1881,1954,,
496,Håkan Bergkvist,"Swedish, born 1946",Swedish,male,1946,0,,
497,Ella Bergmann-Michel,"German, 1896–1971",German,female,1896,1971,,
498,Paul Bergtold,"American, born 1942",American,male,1942,0,,
501,Henryk Berlewi,"Polish, 1894–1967",Polish,male,1894,1967,Q709033,500032191
502,Eugene Berman,"American, born Russia. 1899–1972",American,male,1899,1972,Q1373050,500028943
503,Mieczyslaw Berman,"Polish, 1903–1975",Polish,male,1903,1975,Q7941133,500084460
504,Sarah Berman,"American,1895–1957",American,female,1895,1957,,
505,Wallace Berman,"American, 1926–1976",American,male,1926,1976,Q7962743,500025293
506,Zeke Berman,"American, born 1951",American,male,1951,0,,500333537
507,Cundo Bermúdez,"Cuban, 1914–2008",Cuban,male,1914,2008,,
508,José Ygnacio Bermúdez,"Cuban, 1922–1988",Cuban,male,1922,1988,,
509,Thoni Bern,Swiss,Swiss,,0,0,,
510,Camille Bernabé,"French, born 1808?",French,male,1808,1900,,
511,Émile Bernard,"French, 1868–1941",French,male,1868,1941,Q264193,500012925
512,Francis Bernard,"French, 1900–1979",French,male,1900,1979,,
513,Valère Bernard,"French, 1860–1936",French,male,1860,1936,,
514,Jerry Berndt,"American, 1943–2013",American,male,1943,2013,,
515,Lucian Bernhard,"American, born Germany. 1883–1972",American,male,1883,1972,Q472989,
516,Ruth Bernhard,"American, born Germany. 1905–2006",American,female,1905,2006,Q2177580,500105646
517,Antonio Berni,"Argentine, 1905–1981",Argentine,male,1905,1981,,
518,Janez Bernik,"Slovenian, 1933–2016",Slovenian,male,1933,2016,Q1502530,500029793
519,Judith Bernstein,"American, born 1942",American,female,1942,0,,
520,Richard Bernstein,"American, 1939–2002",American,male,1939,2002,,
521,Jean Berque,"French, 1896–1954",French,male,1896,1954,,
522,Miguel Ortiz Berrocal,"Spanish, 1933–2006",Spanish,male,1933,2006,Q586843,500037927
523,Bertall & Cie.,French,French,,0,0,,
524,M. Berthaud,"French, active c. 1870s–1890s",French,male,0,0,,
525,Palme Berthold,,,,0,0,,
526,Berthold-Mahn (Charles Désiré),"French, 1893–1975",French,male,1893,1975,,
527,René Bertholo,"Portuguese, 1935–2005",Portuguese,male,1935,2005,Q10359463,
528,Paul Berthon,"French, 1872–1909",French,male,1872,1909,Q2178796,500006763
529,Jake Berthot,"American, 1939–2014",American,male,1939,2014,,500014747
530,Gianni Bertini,"Italian, born 1922",Italian,male,1922,0,,
531,Harry Bertoia,"American, born Italy. 1915–1978",American,male,1915,1978,Q2551765,500032341
532,Emilio Bertonati,"Italian, 1934–1981",Italian,male,1934,1981,,
533,Albert Besnard,"French, 1849–1934",French,male,1849,1934,Q424348,500030831
534,Forrest Bess,"American, 1911–1977",American,male,1911,1977,Q5470435,500099698
535,Ruth Bessoudo Courvoisier,"Brazilian, born Germany. 1914–2015",Brazilian,female,1914,2015,,
536,Alan Randall Best,"Canadian, born 1958",Canadian,male,1958,0,,
537,William Betsch,American,American,male,0,0,,
538,Pierre Betz,"French, 1899–1969",French,male,1899,1969,,
539,Wim Beuning,"Dutch, 1914–1986",Dutch,male,1914,1986,,
540,Joseph Beuys,"German, 1921–1986",German,male,1921,1986,Q153965,500024607
541,Art Bevacqua,Nationality unknown,Nationality unknown,male,0,0,,
542,Thomas Bewick,"British, 1753–1828",British,male,1753,1828,,
544,Jyoti Bhatt,"Indian, born 1934",Indian,male,1934,0,,
545,Domenico Bianchi,"Italian, born 1955",Italian,male,1955,0,,
546,Pamela Bianco,"American, born England. 1906–1994",American,female,1906,1994,,
547,Fulvio Bianconi,"Italian, 1915–1996",Italian,male,1915,1996,,
548,Carl Bianga,German,German,male,0,0,,
549,Alberto Biasi,"Italian, born 1937",Italian,male,1937,0,Q3608150,500128155
550,Guido Biasi,"Italian, born 1933",Italian,male,1933,0,,
551,Ashley Bickerton,"British, 1959–2022",British,male,1959,2022,Q4805366,500118758
553,George Biddle,"American, 1885–1973",American,male,1885,1973,Q5536970,500005782
554,Charles Biederman,"American, 1906–2004",American,male,1906,2004,Q15429307,500031104
555,James Biederman,"American, born 1947",American,male,1947,0,Q19958994,
556,Aenne Biermann,"German, 1898–1933",German,female,1898,1933,,
557,Wilson Bigaud,"Haitian, 1931–2010",Haitian,male,1931,2010,Q3057700,500077121
559,Max Bill,"Swiss, 1908–1994",Swiss,male,1908,1994,Q123454,500005369
560,Joseph Binder,"American, 1898–1972",American,male,1898,1972,Q1706624,500030625
561,Ilse Bing,"American, born Germany. 1899–1998",American,female,1899,1998,Q85719,500007274
562,Robert J. Bingham,"British, 1824–1870",British,male,1824,1870,Q16214312,500015888
563,Manfred Bingler,"Swiss, born 1928",Swiss,male,1928,0,,
564,Peter Birkhauser,"Swiss, 1911–1976",Swiss,male,1911,1976,Q678067,500345161
565,Robert Birmelin,"American, born 1933",American,male,1933,0,,
566,Werner Bischof,"Swiss, 1916–1954",Swiss,male,1916,1954,Q120369,500070840
567,Elmer Bischoff,"American, 1916–1991",American,male,1916,1991,Q3051555,500000068
568,Isabel Bishop,"American, 1902–1988",American,female,1902,1988,,
569,James Bishop,"American, 1927–2021",American,male,1927,2021,,
570,Michael Bishop,"American, 1946–2016",American,male,1946,2016,,
571,Maureen Bisilliat,"American, born England 1931",American,female,1931,0,,
572,Antonio Bisquert Pérez,"Spanish, 1906–1990",Spanish,male,1906,1990,,
573,Julius Bissier,"German, 1893–1965",German,male,1893,1965,Q872641,500008365
574,Roger Bissière,"French, 1888–1964",French,male,1888,1964,Q518444,500021487
575,George Bissill,"British, 1896–1973",British,male,1896,1973,,
576,Auguste-Rosalie Bisson,"French, 1826–1900",French,male,1826,1900,Q477709,500036839
577,Louis-Auguste Bisson,"French, 1814–1876",French,male,1814,1876,Q127287,500020179
578,Arnold Bittleman,"American, 1933–1985",American,male,1933,1985,,
579,Dolores Dembus Bittleman,"American, born 1931",American,female,1931,0,,
580,Ion Bitzan,"Romanian, 1924–1997",Romanian,male,1924,1997,,
581,Judith Black,"American, born 1945",American,female,1945,0,,
582,James Wallace Black,"American, 1825–1896",American,male,1825,1896,Q289479,500006013
583,Roman Black,Nationality unknown,Nationality unknown,male,0,0,,
584,Wendell Black,"American, 1919–1972",American,male,1919,1972,,
585,Elizabeth Blackadder,"British, born 1931",British,female,1931,0,,
586,Morris Blackburn,"American, 1902–1979",American,male,1902,1979,,
587,Tom Blackwell,"American, 1938–2020",American,male,1938,2020,,
588,Ronald Bladen,"American, 1918–1988",American,male,1918,1988,Q1261891,500077632
589,Nell Blaine,"American, 1922–1996",American,female,1922,1996,Q6990000,500016457
590,Jean-Charles Blais,"French, born 1956",French,male,1956,0,,
591,Jeffrey Blake,"American, born 1954",American,male,1954,0,,
592,Peter Blake,"British, born 1932",British,male,1932,0,Q504611,500021263
593,Camilo Blas (José Alfonso Sánchez Urteaga),"Peruvian, 1903–1985",Peruvian,male,1903,1985,,
594,Werner Blaser,"Swiss, born 1924",Swiss,male,1924,0,Q1715499,500030955
595,Edwin Howland Blashfield,"American, 1848–1936",American,male,1848,1936,,
597,Ross Bleckner,"American, born 1949",American,male,1949,0,Q1711445,500118722
599,René Bleibtreu,"French, born 1920",French,male,1920,0,,
601,Blessum,Nationality unknown,Nationality unknown,,0,0,,
602,André Bloc,"French, born Algeria, 1896–1966",French,male,1896,1966,,
603,Albert Bloch,"American, 1882–1961",American,male,1882,1961,,
604,Julius Thiengen Bloch,"American, 1888–1966",American,male,1888,1966,,
605,Pierrette Bloch,"French, born 1928",French,female,1928,0,Q3387890,
606,Clarence Lincoln Block,"American, 1913–1942",American,male,1913,1942,,
607,Gay Block,"American, born 1942",American,female,1942,0,Q5528548,
608,Barbara Bloom,"American, born 1951",American,female,1951,0,Q807360,500057050
609,Hyman Bloom,"American, born Latvia. 1913–2009",American,male,1913,2009,Q11105744,500022094
610,Vern Blosum,"American, 1936–2017",American,male,1936,2017,,
611,Sandra Blow,"British, 1925–2006",British,female,1925,2006,Q7416550,500015905
612,Oscar Bluemner,"American, born Germany. 1867–1938",American,male,1867,1938,Q215773,500027801
613,Norman Bluhm,"American, 1920–1999",American,male,1920,1999,Q321158,500027802
614,Donald Blumberg,"American, born 1935",American,male,1935,0,,
615,Anna Blume,"German, 1937–2020",German,female,1937,2020,,
616,Bernhard Blume,"German, 1937–2011",German,male,1937,2011,,
617,Peter Blume,"American, 1906–1992",American,male,1906,1992,Q2990693,500028254
618,Erwin Blumenfeld,"German, 1897–1969",German,male,1897,1969,Q71827,500022598
623,Marcello Boccacci,"Italian, 1914–1996",Italian,male,1914,1996,,
624,Umberto Boccioni,"Italian, 1882–1916",Italian,male,1882,1916,Q152797,500012624
625,Mel Bochner,"American, 1940–2025",American,male,1940,2025,Q1485390,500032444
626,Bengt Böckman,"Swedish, born 1936",Swedish,male,1936,0,,
627,Peter Bodnar,"American, 1928–2021",American,male,1928,2021,,
629,Cini Boeri,"Italian, 1924–2020",Italian,female,1924,2020,Q3677243,
630,Alighiero Boetti,"Italian, 1940–1994",Italian,male,1940,1994,Q556337,500053938
631,Marinus Boezem,"Dutch, born 1934",Dutch,male,1934,0,Q477388,500073961
632,Ricardo Bofill,"Spanish, born 1939",Spanish,male,1939,0,Q316413,500022547
633,Arthur Emil Bofinger,"Swiss, born 1909",Swiss,male,1909,0,,
634,Jóhanna Boga,Icelandic,Icelandic,female,0,0,,
635,Varujan Boghosian,"American, born 1926",American,male,1926,0,,
636,Theodor Bogler,"German, 1897–1968",German,male,1897,1968,Q2417367,
637,Alexander Bogomazov,"Ukrainian, 1880–1930",Ukrainian,male,1880,1930,Q1984317,500023043
638,Blythe Bohnen,"American, 1940–2022",American,female,1940,2022,Q15451740,500030071
639,Olaf von Bohr,"Austrian, born 1927",Austrian,male,1927,0,,
640,Karl Bohrmann,"German, 1928–1998",German,male,1928,1998,,
641,Bruce Boice,"American, born 1941",American,male,1941,0,,
642,Charles Boily,French,French,male,0,0,,
643,Frédéric Boissonnas,"Swiss, 1858–1946",Swiss,male,1858,1946,,
644,Richard Boix,"Spanish, 1894–1949",Spanish,male,1894,1949,,
645,Jakob (Jack) Friedrich Bollschweiler,"German, 1888–1938",German,male,1888,1938,,
646,Roger Bolomey,"American, 1918–2011",American,male,1918,2011,,
647,Jay Bolotin,"American, born 1949",American,male,1949,0,,
648,Ilya Bolotowsky,"American, born Russia. 1907–1981",American,male,1907,1981,Q4091000,500014068
649,Christian Boltanski,"French, 1944–2021",French,male,1944,2021,Q705225,500083011
651,David Bomberg,"British, 1890–1957",British,male,1890,1957,Q734355,500014864
652,Camille Bombois,"French, 1883–1970",French,male,1883,1970,Q683264,500024562
653,Giorgio Bompadre,Italian,Italian,male,0,0,,
654,Bona,"Italian, born 1926",Italian,female,1926,0,,
655,Claus Bonderup,"Danish, 1943–2022",Danish,male,1943,2022,Q5581593,500018481
656,Emile Bondonneau,French,French,male,0,0,,
657,Muirhead Bone,"British, 1876–1953",British,male,1876,1953,Q5581681,500000110
658,Antonio Bonet,"Spanish, 1913–1989",Spanish,male,1913,1989,,500035947
659,Rodolfo Bonetto,"Italian, 1929–1991",Italian,male,1929,1991,Q2161208,
660,Marcelo Bonevardi,"Argentine, 1929–1994",Argentine,male,1929,1994,Q6756509,500019920
661,Felix Bonfils,"French, 1831–1885",French,male,1831,1885,Q2915801,500016696
662,Dusti Bongé,"American, 1903–1993",American,female,1903,1993,,
664,Paolo Boni,"Italian, born 1926",Italian,male,1926,0,,
665,Pierre Bonnard,"French, 1867–1947",French,male,1867,1947,Q26408,500115555
666,William Bonnell,American,American,male,0,0,,
668,Maria Bonomi,"Brazilian, born 1935",Brazilian,female,1935,0,Q10325755,
669,Robert Bononno,"American, born 1949",American,male,1949,0,,
670,Lee Bontecou,"American, 1931–2022",American,female,1931,2022,Q276372,500024833
671,Fabio Bonzi,"Italian, born 1943",Italian,male,1943,0,,
673,Peter Booth,"Australian, born 1940",Australian,male,1940,0,Q7172881,500088023
674,Osvaldo Borda,"Argentine, born 1929",Argentine,male,1929,0,,
675,Enrico Bordoni,"Italian, 1904–1969",Italian,male,1904,1969,,
676,Paul-Émile Borduas,"Canadian, 1905–1960",Canadian,male,1905,1960,Q360286,500008086
677,Wendela Boreel,"British, 1895–1985",British,female,1895,1985,,
678,Francisco Borès,"Spanish, 1898–1972",Spanish,male,1898,1972,Q1406524,500031770
679,Norah Borges de Torre,"Argentine, 1901–1998",Argentine,female,1901,1998,Q3343469,500185694
682,Jonathan Borofsky,"American, born 1942",American,male,1942,0,Q321527,500022042
684,Arnold von Borsig,German,German,male,0,0,,
685,Elena Borstein,"American, born 1946",American,female,1946,0,,
686,Sándor (Alexander) Bortnyik,"Hungarian, 1893–1976",Hungarian,male,1893,1976,Q562814,500026527
687,Fritz Boscovits,"Swiss, 1871–1965",Swiss,male,1871,1965,,
688,Derek Boshier,"British, born 1937",British,male,1937,0,Q5261826,500004033
689,Richard Bosman,"Australian, born India 1944",Australian,male,1944,0,Q21071066,500010976
690,Michael P. Bosniak,American,American,male,0,0,,
691,Rodolphe-Théophile Bosshard,"Swiss, 1889–1960",Swiss,male,1889,1960,,
692,Check  Boterf,"American, born 1934",American,male,1934,0,,
693,Fernando Botero,"Colombian, 1932–2023",Colombian,male,1932,2023,Q272877,500004359
694,Dorr Bothwell,"American, 1902–2000",American,female,1902,2000,Q5298723,500096320
696,Mario Botta,"Swiss, born 1943",Swiss,male,1943,0,Q122363,500015342
697,Kenneth J. Botto,"American, 1937–2008",American,male,1937,2008,,
698,Édouard Boubat,"French, 1923–1999",French,male,1923,1999,Q274241,500001755
699,René Robert Bouché,"American, 1905–1963",American,male,1905,1963,Q7313672,500043549
700,Jean Boucher,French,French,male,0,0,,
701,Alice Boughton,"American, 1865–1943",American,female,1865,1943,Q440673,500076205
702,Bouillon,French,French,,0,0,,
703,Firmin Bouisset,"French, 1859–1925",French,male,1859,1925,,
704,Bart Boumans,Dutch,Dutch,male,0,0,,
705,Christine Boumeester,"Dutch, 1904–1971",Dutch,female,1904,1971,,
706,Louis Bouquet,"French, 1885–1952",French,male,1885,1952,,
707,Harry Bouras,"American, 1931–1993",American,male,1931,1993,,
708,Émile-Antoine Bourdelle,"French, 1861–1929",French,male,1861,1929,Q314350,500028923
709,Jouineau Bourduge,French,French,,0,0,,
710,Louise Bourgeois,"American, born France. 1911–2010",American,female,1911,2010,Q159409,500057350
711,Fergus Bourke,"Irish, 1934–2004",Irish,male,1934,2004,,
712,Margaret Bourke-White,"American, 1904–1971",American,female,1904,1971,Q238364,500023145
713,Samuel Bourne,"British, 1834–1912",British,male,1834,1912,Q337475,500022534
714,J. Bouski,Polish,Polish,,0,0,,
715,Jean-Louis Boussingault,"French, 1883–1943",French,male,1883,1943,,
716,Henri Boutet,"French, 1851–1919",French,male,1851,1919,,
717,Boutrou,French,French,,0,0,,
718,Lynn Bowers,"American, born Canada 1932",American,male,1932,0,,
719,Frank Bowling,"British, born British Guiana (now Guyana) 1934",British,male,1934,0,,
720,Stanley Boxer,"American,1926–2000",American,male,1926,2000,Q7599492,500028179
721,Fiske Boyd,"American, 1895–1975",American,male,1895,1975,,
722,Fionnuala Boyd,"British, born 1944",British,female,1944,0,Q17708736,500021130
723,James Henderson Boyd,"Canadian, 1928–2002",Canadian,male,1928,2002,,
724,Mark Boyle,"British, born 1934",British,male,1934,0,Q6766809,500053939
725,James Boynton,"American, 1928–2010",American,male,1928,2010,,
726,Paul Brach,"American, 1924–2007",American,male,1924,2007,Q7149478,500018752
727,Ángel Bracho,"Mexican, 1911–2005",Mexican,male,1911,2005,,
728,M. Leone Bracker,"American, 1885–1937",American,male,1885,1937,,
729,Su Braden,"British, born 1940",British,female,1940,0,,
730,Martin Bradley,British,British,male,0,0,,
731,Paul Bradley,"American, born 1960",American,male,1960,0,,
732,William Bradley,"American, 1868–1962",American,male,1868,1962,Q1357158,500010977
733,Dove Bradshaw,"American, born 1949",American,male,1949,0,,
734,Mathew B. Brady (studio of),"American, 1823–1896",American,male,1823,1896,Q187850,500126201
736,Joe Brainard,"American, 1942–1994",American,male,1942,1994,Q1691342,500027180
737,Emile Branchard,"American, 1881–1938",American,male,1881,1938,,
738,Constantin Brâncuși,"Romanian and French, born Romania. 1876–1957",French,male,1876,1957,Q153048,500016157
739,Hans Brand,"German, 1854–1945",German,male,1854,1945,,
740,Bill Brandt,"British, born Germany. 1904–1983",British,male,1904,1983,Q63184,500026943
741,Marianne Brandt,"German, 1893–1983",German,female,1893,1983,Q456521,500019983
742,Robert Brandwein,"American, 1933–1972",American,male,1933,1972,,
743,Frank Brangwyn,"British, born Belgium. 1867–1956",British,male,1867,1956,Q560115,500026093
744,Georges Braque,"French, 1882–1963",French,male,1882,1963,Q153793,500025200
745,Brassaï (Gyula Halász),"French, born Brassó. 1899–1984",French,male,1899,1984,Q354804,500000306
746,John Randall Bratby,"British, 1928–1992",British,male,1928,1992,Q3809107,500001732
747,Pieter Brattinga,"Dutch, born 1931",Dutch,male,1931,0,Q1894090,500116719
749,Adolphe Braun,"French, 1812–1877",French,male,1812,1877,Q365683,500016067
750,Braun et Compagnie,French,French,male,0,0,,
751,Victor Brauner,"Romanian, 1903–1966",Romanian,male,1903,1966,Q558060,500027528
752,Troy Brauntuch,"American, born 1954",American,male,1954,0,Q7846772,500003205
753,Claudio Bravo,"Chilean, 1936–2011",Chilean,male,1936,2011,Q491787,500014128
755,Stipe Brčić,"Croatian, born 1948",Croatian,male,1948,0,,
756,George Brecht,"American, 1926–2008",American,male,1926,2008,Q686321,500045721
757,Charles H. Breed,"American, 1876–1950",American,male,1876,1950,,
758,Robert Breer,"American, 1926–2011",American,male,1926,2011,Q526954,500060118
759,Carl-Arne Breger,"Swedish, born 1923",Swedish,male,1923,0,Q1036399,
760,K. P. Brehmer,"German, 1938–1997",German,male,1938,1997,Q1718932,500058494
761,Raymond Breinin,"American, 1910–2000",American,male,1910,2000,Q19595180,500006860
762,Joseph Breitenbach,"American, born Germany. 1896–1984",American,male,1896,1984,Q1704370,500037093
763,Bjorn G. Breitholtz,Swedish,Swedish,male,0,0,,
764,Uwe Bremer,"German, born 1940",German,male,1940,0,,
766,Miguel Bresciano,"Uruguayan, 1937–1979",Uruguayan,male,1937,1979,,
767,Rodolphe Bresdin,"French, 1822–1885",French,male,1822,1885,Q467130,500018116
768,André Breton,"French, 1896–1966",French,male,1896,1966,Q161955,500125870
769,Marcel Breuer,"American, born Hungary. 1902–1981",American,male,1902,1981,Q57588,500118800
771,William Brice,"American, 1921–2008",American,male,1921,2008,,
772,Charles D. Briddell,American,American,male,0,0,,
773,Marilyn Bridges,"American, born 1948",American,female,1948,0,,
774,Barry Bridgwood,"American, born 1957",American,male,1957,0,,
775,G. Stanislaus Brien,"British, born Poland",British,,0,0,,
776,Judson Briggs,"American, 1906–pre-2007",American,male,1906,0,,
777,Anne W. Brigman,"American, 1869–1950",American,female,1869,1950,Q434674,500007600
778,Serge Brignoni,"Swiss, 1903–2002",Swiss,male,1903,2002,,
779,Denis Brihat,"French, 1928–2024",French,male,1928,2024,,
780,Enrique Brinkmann,"Spanish, born 1938",Spanish,male,1938,0,,
781,Horace Bristol,"American, 1908–1997",American,male,1908,1997,,
782,L. N. Britton,"American, 1858–1934",American,,1858,1934,,
783,René Brô,"French, 1930–1987",French,male,1930,1987,Q2144563,
784,John Brockman,"American, born 1941",American,male,1941,0,Q1314332,
785,Gottfried Brockmann,"German, 1903–1983",German,male,1903,1983,Q1471465,500076076
787,Gandy Brodie,"American, 1925–1975",American,male,1925,1975,Q17308840,500005976
788,Alexey Brodovitch,"American, born Russia. 1898–1971",American,male,1898,1971,Q525387,500125873
789,Alexander Brodsky,"Russian, born 1955",Russian,male,1955,0,Q433192,500222251
790,Jürgen Brodwolf,"Swiss, born 1932",Swiss,male,1932,0,,
791,Stephen Brody,"American, born 1926",American,male,1926,0,,
792,Horace Brodzky,"American, 1885–1969",American,male,1885,1969,Q18671475,500025308
793,Stig Brøgger,"Danish, born 1941",Danish,male,1941,0,,
794,Robert Broner,"American, 1922–2010",American,male,1922,2010,,
795,Marcel Broodthaers,"Belgian, 1924–1976",Belgian,male,1924,1976,Q834926,500004693
796,Alexander Brook,"American, 1898–1980",American,male,1898,1980,Q4718429,500020389
797,John Brook,"American, born 1924",American,male,1924,0,,
798,James Brooks,"American, 1906–1992",American,male,1906,1992,Q472785,500017163
799,Milton Brooks,"American, 1901–1956",American,male,1901,1956,,
800,Wendell Brooks,"American, born 1939",American,male,1939,0,,
801,Harry Brorby,"American, 1927–2012",American,male,1927,2012,,
802,Joan Brossa,"Spanish, 1919–1998",Spanish,male,1919,1998,Q260436,500271680
803,Gary Stephen Brotmeyer,"American, born 1946",American,male,1946,0,,
804,Arthur William Brown,"American, 1881–1966",American,male,1881,1966,,
805,Gustav A. Brown,"American, born 1908",American,male,1908,0,,
806,James Brown,"American, 1951–2020",American,male,1951,2020,,
807,Joan Brown,"American, 1938–1990",American,female,1938,1990,Q6204894,500025543
808,Kathan Brown,"American, born 1935",American,female,1935,0,Q6376101,500095189
809,Margaret DeM Brown,"American, 1880–1959",American,female,1880,1959,,
810,Ray Brown,"American, born 1933",American,male,1933,0,,
811,Roger Brown,"American, 1941–1997",American,male,1941,1997,Q15487281,500017835
814,Byron Browne,"American, 1907–1961",American,male,1907,1961,,
815,Colleen Browning,"American, born 1923",American,female,1923,0,,
816,Robert Brownjohn,"American, 1925–1970",American,male,1925,1970,,
817,Kenneth Brozen,"American, 1927–1989",American,male,1927,1989,,
818,Roser Llop Bru,"Chilean, born 1923",Chilean,female,1923,0,,
819,Salvador Bru,"Chilean, born 1923",Chilean,male,1923,0,,
820,Jon O. Brubaker,"American, 1875–1953",American,male,1875,1953,,
821,Patrick Henry Bruce,"American, 1881–1936",American,male,1881,1936,Q1392667,500007545
822,Anton Bruehl,"American, born Australia. 1900–1982",American,male,1900,1982,,
824,Francis Bruguière,"American, 1879–1945",American,male,1879,1945,Q5480354,500014276
825,Paul Brühwiler,"Swiss, born 1939",Swiss,male,1939,0,,
826,William Brui,"Russian, born 1946",Russian,male,1946,0,,
827,Brumhoff,Nationality unknown,Nationality unknown,,0,0,,
828,Donald Brun,"Swiss, 1909–1999",Swiss,male,1909,1999,Q1239735,
829,Peter Brüning,"German, 1929–1970",German,male,1929,1970,Q1373454,500014970
830,Robert Brunner,"American, born 1958",American,male,1958,0,,
831,Albin Brunovsky,Slovak,Slovak,male,0,0,,
832,Norman Bruns,"American, 1921–2005",American,male,1921,2005,,
833,Günter Brus,"Austrian, 1938–2024",Austrian,male,1938,2024,Q677218,500098254
834,Grisha Bruskin,"Russian, born 1945",Russian,male,1945,0,Q1754439,
835,Wim Brusse,"Dutch, 1910–1978",Dutch,male,1910,1978,,
836,William Bryant,"American, born 1946",American,male,1946,0,,
837,Camille Bryen,"French, 1907–1977",French,male,1907,1977,,
838,Tadeusz Brzozowski,"Polish, 1918–1987",Polish,male,1918,1987,Q475148,500009828
839,Gernot Bubenik,"German, born 1942",German,male,1942,0,,
840,Boris Bućan,"Croatian, born Yugoslavia, 1947",Croatian,male,1947,0,,
841,Erich Buchegger,"Austrian, born 1924",Austrian,male,1924,0,,
842,Gustave Buchet,"Swiss, 1888–1963",Swiss,male,1888,1963,,
843,Carl Buchheister,"German, 1890–1964",German,male,1890,1964,Q476542,500003056
844,Erich Buchholz,"German, 1891–1972",German,male,1891,1972,Q1352028,500015787
845,John Buck,"American, born 1946",American,male,1946,0,,
846,Peer Bücking,"German, 1906–1940",German,,1906,1940,,
847,John Buckland-Wright,"British, born New Zealand. 1897–1954",British,male,1897,1954,Q1566235,500124952
848,Peter H. Buckley,"American, 1925–1991",American,male,1925,1991,,
849,Stephen Buckley,British,British,male,0,0,Q20200829,500033027
850,David Budd,"American, 1927–1991",American,male,1927,1991,,
851,Dan Budnik,"American, 1933–2020",American,male,1933,2020,Q5213204,500349012
852,Budry,Greek,Greek,,0,0,,
853,Eugene Buechel,"American, born Germany. 1874–1954",American,male,1874,1954,Q1373058,
854,Alice Standish Buell,"American, 1892–1964",American,female,1892,1964,,
855,Bernard Buffet,"French, 1928–1999",French,male,1928,1999,Q365304,500013970
856,Fritz Bühler,"Swiss, 1909–1963",Swiss,male,1909,1963,,
857,Felix Buhot,"French, 1847–1898",French,male,1847,1898,,
858,Adam Bujak,"Polish, born 1940",Polish,male,1940,0,,
860,John G. Bullock,"American, 1854–1939",American,male,1854,1939,,
861,Wynn Bullock,"American, 1902–1975",American,male,1902,1975,Q587386,500124373
862,Torun Bülow-Hübe,"Swedish, born 1929",Swedish,female,1929,0,,
863,Louis Bunce,"American, 1907–1983",American,male,1907,1983,,
864,Willi Bunkowski,"German, born 1949",German,male,1949,0,,
865,Édouard-Wilfred Buquet,"French, born 1866",French,male,1866,0,,
866,Pierre Buraglio,"French, born 1939",French,male,1939,0,,
867,Pablo Burchard,"Chilean, 1875–1964",Chilean,male,1875,1964,,
869,Max Burchartz,"German, 1887–1961",German,male,1887,1961,Q471444,500002068
870,Charles Burchfield,"American, 1893–1967",American,male,1893,1967,Q3349279,500015189
871,Chris Burden,"American,1946–2015",American,male,1946,2015,Q720832,500118760
873,Daniel Buren,"French, born 1938",French,male,1938,0,Q593621,500033028
874,Bill Burke,"American, born 1943",American,male,1943,0,,
875,Burkhard,Swiss,Swiss,,0,0,,
876,Paul Burlin,"American, 1886–1969",American,male,1886,1969,Q7149608,500005636
877,David Burliuk,"Ukrainian, 1882–1967",Ukrainian,male,1882,1967,Q610532,500026962
878,Ian Burn,"Australian, 1939–1993",Australian,male,1939,1993,Q1655457,500192590
879,Edward Burne-Jones,"British, 1833–1898",British,male,1833,1898,Q216406,500001381
880,Deirdre Burnett,"British, born 1939",British,female,1939,0,,
881,Joseph Burnett,"American, born 1923",American,male,1923,0,,
882,Marsha Burns,"American, born 1945",American,female,1945,0,,
883,Edward Burra,"British, 1905–1976",British,male,1905,1976,Q1291799,500006654
884,Alberto Burri,"Italian, 1915–1995",Italian,male,1915,1995,Q461740,500015319
885,René Burri,"Swiss, 1933–2014",Swiss,male,1933,2014,Q671527,500115621
886,Larry Burrows,"British, 1926–1971",British,male,1926,1971,Q1348644,500124535
888,Richmond Burton,"American, born 1960",American,male,1960,0,,
889,Scott Burton,"American, 1939–1989",American,male,1939,1989,Q7436079,500024444
890,Pol Bury,"Belgian, 1922–2005",Belgian,male,1922,2005,Q492909,500008200
892,Andrew Foster Bush,"American, born 1956",American,male,1956,0,,
893,Jack Bush,"Canadian, 1909–1977",Canadian,male,1909,1977,Q6111490,500021036
894,Wolf von dem Bussche,"American, 1934–2014",American,male,1934,2014,,
895,Solomon D. Butcher,"American, 1856–1927",American,male,1856,1927,Q2299191,500004708
898,Frances Butler,"American, born 1940",American,female,1940,0,,
899,Horacio A. Butler,"Argentine, 1897–1983",Argentine,male,1897,1983,,
900,Reg Butler,"British, 1913–1983",British,male,1913,1983,Q570353,500000379
901,Elizabeth Butterworth,"British, born 1949",British,female,1949,0,Q5362505,500071494
902,James Lee Byars,"American, 1932–1997",American,male,1932,1997,Q882861,500089748
903,Michael Byron,"American, born 1954",American,male,1954,0,Q6831373,500118762
904,C.N. and Company,British,British,,0,0,,
905,Roland Cabot,Brazilian,Brazilian,male,0,0,,
906,Luigi Caccia Dominioni,"Italian, born 1913",Italian,male,1913,0,,
907,Cadavre Exquis,French,French,,0,0,,
908,John Cadenhead,"American, born 1937",American,male,1937,0,,
909,Paul Cadmus,"American, 1904–1999",American,male,1904,1999,Q519534,500009073
910,Poul Cadovius,"Danish, born 1911",Danish,male,1911,0,,
911,Deborah Fleming Caffery,"American, born 1948",American,female,1948,0,,
912,John Cage,"American, 1912–1992",American,male,1912,1992,Q180727,500092036
913,Corrado Cagli,"Italian, 1910–1976",Italian,male,1910,1976,Q2997862,500004817
914,Miriam Cahn,"Swiss, born 1949",Swiss,female,1949,0,,
915,Marcelle Cahn,"French, 1895–1981",French,female,1895,1981,,
916,Fred Cain,"American, born 1938",American,male,1938,0,,
917,José Milner Cajahuaringa,"Peruvian, born 1932",Peruvian,male,1932,0,,
918,Charles Cajori,"American, born 1921",American,male,1921,0,,
919,Letterio Calapai,"American, 1902–1993",American,male,1902,1993,,
920,Nicolas Calas,"American, born Switzerland. 1907–1988",American,male,1907,1988,,
921,Lawrence Calcagno,"American, 1916–1993",American,male,1916,1993,,
922,Alexander Calder,"American, 1898–1976",American,male,1898,1976,Q151580,500007824
923,Dale R. Caldwell,"American, born 1929",American,male,1929,0,,
924,Harry Callahan,"American, 1912–1999",American,male,1912,1999,Q1383354,500000873
925,Kenneth Callahan,"American, 1905–1986",American,male,1905,1986,Q6389939,500019403
926,Mary Callery,"American, 1903–1977",American,female,1903,1977,Q6779164,500012644
927,Edwin Calligan,British,British,male,0,0,,
928,Jo Ann Callis,"American, born 1940",American,female,1940,0,,
931,"P. E. Camerer, St. Paul, MN",American,American,,0,0,,
932,Julia Margaret Cameron,"British, born India. 1815–1879",British,female,1815,1879,Q230120,500118804
933,Julio Camino Sanchez,"Peruvian, 1919–2007",Peruvian,male,1919,2007,,
934,Luis Camnitzer,"Uruguayan, born 1937",Uruguayan,male,1937,0,Q475981,500120217
935,Charles Camoin,"French, 1879–1965",French,male,1879,1965,Q968285,500009979
937,Nickie Campbell,"American, born 1962",American,,1962,0,,
938,Jewett Campbell,"American, 1912–1999",American,male,1912,1999,,
939,Steven Campbell,"British, born 1954",British,male,1954,0,,
940,Heinrich Campendonk,"German, 1889–1957",German,male,1889,1957,Q213685,500009451
941,Antonia Campi,"Italian, 1921–2019",Italian,female,1921,2019,,
942,Massimo Campigli,"Italian, 1895–1971",Italian,male,1895,1971,Q470359,500029770
944,Peter Campus,"American, born 1937",American,male,1937,0,Q1274234,500106415
945,Vincent Canadé,"American, 1879–1961",American,male,1879,1961,Q7931708,500044198
946,Antonio Cañavate Gómez,"Spanish, 1902–1987",Spanish,male,1902,1987,,
947,John Candelario,"American, 1916–1993",American,male,1916,1993,,
948,Louis Cane,"French, born 1943",French,male,1943,0,,
949,Giacomo Caneva,"Italian, 1810–1890",Italian,male,1810,1890,,
950,Johannes Canis,"German, 1895–1977",German,male,1895,1977,,
952,Rafael Canogar,"Spanish, born 1935",Spanish,male,1935,0,Q719919,500026099
953,Domenico Cantatore,"Italian, 1906–1998",Italian,male,1906,1998,,
954,Federico Cantú,"Mexican, 1908–1989",Mexican,male,1908,1989,Q932167,500118518
955,Cornell Capa,"American, born Hungary. 1918–2008",American,male,1918,2008,Q504066,500076649
956,Robert Capa,"American, born Hungary. 1913–1954",American,male,1913,1954,Q152524,500063842
957,Bruno Capacci,"Italian, 1906–1996",Italian,male,1906,1996,,
958,Josef Capek,"Czech, 1887–1945",Czech,male,1887,1945,Q454568,500115342
959,Alfred Capel Cure,"British, 1826–1896",British,male,1826,1896,Q4722421,500036697
960,Giuseppe Capogrossi,"Italian, 1900–1972",Italian,male,1900,1972,Q320868,500026424
961,Paul Caponigro,"American, 1932–2024",American,male,1932,2024,Q15516576,500019913
962,Leonetto Cappiello,"French, born Italy. 1875–1942",French,male,1875,1942,,
963,Luis B. Caputo Demarco,"Argentine, 1899–1994",Argentine,male,1899,1994,,
964,Aida Carballo,Argentine,Argentine,female,0,0,,
965,Miguel-Ángel Cárdenas,"Dutch, born Colombia. 1934–2015",Dutch,male,1934,2015,,
966,Augustin Càrdenas,"Cuban, 1927–2001",Cuban,male,1927,2001,,
967,Santiago Cárdenas,"Colombian, born 1937",Colombian,male,1937,0,,
968,Emil Cardinaux,"Swiss, 1877–1936",Swiss,male,1877,1936,Q3052207,500021057
969,José Bernardo Cardoso Jr.,"Brazilian, 1861–1947",Brazilian,male,1861,1947,,
970,Étienne Carjat,"French, 1829–1906",French,male,1829,1906,,
972,Arthur B. Carles,"American, 1882–1952",American,male,1882,1952,Q4797967,500014441
973,C. Carleton,American,American,,0,0,,
974,Marie Carlier,"French, 1920–1986",French,female,1920,1986,,
975,Charles W. Carlson,American,American,male,0,0,,
976,Richard Carlson,"Australian, born 1941",Australian,male,1941,0,,
977,Jean Carlu,"French, 1900–1997",French,male,1900,1997,Q573180,500096734
978,Natacha Carlu,Nationality unknown,Nationality unknown,female,0,0,,
980,Eugenio Carmi,"Italian, 1920–2016",Italian,male,1920,2016,Q952096,500067714
981,John William Carnell,"American, born 1952",American,male,1952,0,,
982,Anthony Caro,"British, 1924–2013",British,male,1924,2013,Q529591,500115345
984,Paolo Carosone,"Italian, born 1941",Italian,male,1941,0,,
985,Carpenter,British,British,,0,0,,
986,William L. Carqueville,"American, 1871–1946",American,male,1871,1946,,
987,Carlo Carrà,"Italian, 1881–1966",Italian,male,1881,1966,Q168496,500008934
988,Mario Carreño,"Chilean, born Cuba. 1913–1999",Chilean,male,1913,1999,Q3293392,500005232
989,Clara Carrié,Argentine,Argentine,female,0,0,,
990,Eugène Carrière,"French, 1849–1906",French,male,1849,1906,Q461464,500007012
991,Mario Carrieri,"Italian, born 1932",Italian,male,1932,0,,
993,Leonora Carrington,"British, 1917–2011",British,female,1917,2011,Q233207,500018196
994,John Carroll,"American, 1892–1959",American,male,1892,1959,Q20679551,500120551
996,Patricia Jon Carroll,"American, born 1942",American,female,1942,0,,
998,Clarence H. Carter,"American, 1904–2000",American,male,1904,2000,Q5126587,500012279
999,Paul Carter,"American, 1903–1938",American,male,1903,1938,,
1000,Henri Cartier-Bresson,"French, 1908–2004",French,male,1908,2004,Q156567,500115484
1001,Flávio de R. Carvalho,"Brazilian, 1899–1973",Brazilian,male,1899,1973,Q5458117,500118105
1003,Carybé (Hector Bernabó),"Brazilian, 1911–1997",Brazilian,male,1911,1997,Q609641,500331721
1004,John Casado,"American, born 1944",American,male,1944,0,,
1007,Andrea Cascella,"Italian, 1920–1990",Italian,male,1920,1990,,
1008,Pietro Cascella,"Italian, born 1921",Italian,male,1921,0,,
1009,Jacqueline S. Casey,"American, born 1927",American,female,1927,0,,
1010,Sydney Cash,"American, born 1941",American,male,1941,0,,
1011,Casio Computer Co. Ltd.,"Japanese, established 1957",Japanese,,1957,0,,
1012,Tranquillo Casiraghi,"Italian, 1923–2005",Italian,male,1923,2005,,
1013,Felice Casorati,"Italian, 1883–1963",Italian,male,1883,1963,Q574616,500021131
1014,Karl Caspar,"German, 1879–1956",German,male,1879,1956,,
1015,A. M. Cassandre,"French, 1901–1968",French,male,1901,1968,Q278945,500015994
1016,Mary Cassatt,"American, 1844–1926",American,female,1844,1926,Q173223,500012368
1017,Axel Cassel,"French, 1955–2015",French,male,1955,2015,,
1019,Herbert Carroll Cassill,"American, 1928–2008",American,male,1928,2008,,
1021,Rodolfo V Castagna,Argentine,Argentine,male,0,0,,
1023,Moshe Elazar Castel,"Israeli, 1909–1992",Israeli,male,1909,1992,Q737913,500028883
1024,Pedro Castelar Báez,Mexican,Mexican,male,0,0,,
1025,Enrico Castellani,"Italian, born 1930",Italian,male,1930,0,Q560134,500010925
1026,Julio Castellanos,"Mexican, 1905–1947",Mexican,male,1905,1947,Q1712344,500059286
1027,Federico Castellon,"American, 1914–1971",American,male,1914,1971,Q5440979,500009576
1028,Achille Castiglioni,"Italian, 1918–2002",Italian,male,1918,2002,Q200692,500019205
1029,Pier Giacomo Castiglioni,"Italian, 1913–1968",Italian,male,1913,1968,,
1031,Rosemarie Castoro,"American, 1939–2015",American,female,1939,2015,,
1033,Vita Castro,Mexican,Mexican,female,0,0,,
1034,Enrique Castro-Cid,"Chilean, 1937–1992",Chilean,male,1937,1992,,
1035,P. H. Caswell,American,American,,0,0,,
1036,Umberto Catalano,"Italian, born 1944",Italian,male,1944,0,,
1037,Elizabeth Catlett,"American and Mexican, 1915–2012",American,female,1915,2012,Q290331,500011840
1038,Bob Cato,"Nationality unknown, born 1923",Nationality unknown,male,1923,0,Q4932037,500043249
1039,Patrick Caulfield,"British, 1936–2005",British,male,1936,2005,Q492111,500015976
1040,Cause,French,French,,0,0,,
1041,Alik Cavaliere,"Italian, born 1926",Italian,male,1926,0,,
1042,Giorgio Cavallon,"American, born Italy. 1904–1989",American,male,1904,1989,Q5563463,500006551
1043,Cazals,"French, 1865–1941",French,male,1865,1941,,
1044,Bruno Ceccobelli,"Italian, born 1952",Italian,male,1952,0,,
1046,Stojan Ćelić,"Serbian, 1925–1992",Serbian,male,1925,1992,,
1047,Pérez Celis,"Argentine, 1939–2008",Argentine,male,1939,2008,,
1048,Vija Celmins,"American, born Latvia 1938",American,female,1938,0,Q465777,500078777
1049,Centrokappa Design and Communication,"Italian, founded 1972",Italian,,1972,0,,
1050,Edmond Ceria,"French, 1884–1955",French,male,1884,1955,,
1051,Emilio Cerri,"Italian, died 1947",Italian,male,0,1947,,
1052,César (César Baldaccini),"French, 1921–1998",French,male,1921,1998,Q445065,500024535
1053,Paul Cézanne,"French, 1839–1906",French,male,1839,1906,Q35548,500004793
1054,Lynn Chadwick,"British, 1914–2003",British,male,1914,2003,Q706335,500029409
1055,Marc Chagall,"French, born Belarus. 1887–1985",French,male,1887,1985,Q93284,500115354
1056,Roger Chailloux,Dutch,Dutch,male,0,0,,
1057,Gaston Chaissac,"French, 1910–1964",French,male,1910,1964,Q1495558,500000883
1058,Paul Chaleff,"American, born 1947",American,male,1947,0,,
1059,Samuel Chamberlain,"American, 1895–1975",American,male,1895,1975,,
1060,John Chamberlain,"American, 1927–2011",American,male,1927,2011,Q468760,500118724
1062,Chambers,American,American,,0,0,,
1063,Martín Chambi,"Peruvian, 1891–1973",Peruvian,male,1891,1973,Q288159,500037196
1064,Roger Chancel,"French, 1898–1976",French,male,1898,1976,,
1065,Bruce Chandler,"American, born 1945",American,male,1945,0,,
1068,Linda Chapman,"American, born 1952",American,female,1952,0,,
1069,André Chapon,French,French,male,0,0,,
1070,Walter Chappell,"American, 1925–2000",American,male,1925,2000,Q7964537,500332173
1071,Serge Charchoune,"Russian, 1888–1975",Russian,male,1888,1975,,
1072,Chargesheimer (Karl-Heinz Hargesheimer),"German, 1924–1972",German,male,1924,1972,Q96752,500115135
1073,Sarah Charlesworth,"American, 1947–2013",American,female,1947,2013,Q13560755,500056759
1074,Jean Charlot,"American, born France. 1898–1979",American,male,1898,1979,Q432546,500027773
1078,Louisa Chase,"American, 1951–2016",American,female,1951,2016,,
1080,Theodore Chassériau,"French, 1819–1856",French,male,1819,1856,Q342467,500115358
1081,Roger Chastel,"French, 1897–1981",French,male,1897,1981,,
1083,Edward Chavez,"American, 1917–1995",American,male,1917,1995,,
1084,José Chávez Morado,"Mexican, 1909–2002",Mexican,male,1909,2002,Q1709105,500078548
1085,Santos Chávez,"Chilean, 1934–2001",Chilean,male,1934,2001,,
1086,Bernard Cheese,British,British,male,0,0,,
1088,Sha Ping Cheng,Chinese,Chinese,,0,0,,
1089,Jules Chéret,"French, 1836–1932",French,male,1836,1932,Q610202,500030480
1091,Ivan Chermayeff,"American, born England 1932–2017",American,male,1932,2017,,500093646
1093,Iakov Chernikhov,"Russian, born Ukraine. 1889–1951",Russian,male,1889,1951,Q1399741,500016531
1095,Michael Chernyshov,"Russian, born 1945",Russian,male,1945,0,,
1096,Lee Chesney,"American, 1920–2016",American,male,1920,2016,,
1097,Sandro Chia,"Italian, born 1946",Italian,male,1946,0,Q763368,500031353
1098,Miriam Chiaverini,"Brazilian, 1940–2005",Brazilian,female,1940,2005,,
1099,Judy Chicago,"American, born 1937",American,female,1937,0,Q441440,500045890
1100,John Chick,American,American,male,0,0,,
1101,Pietro Chiesa,"Italian, 1892–1948",Italian,male,1892,1948,,
1102,Toshio Tsukushi,Japanese,Japanese,,0,0,,
1103,Bernard Childs,"American, 1910–1985",American,male,1910,1985,,
1104,Eduardo Chillida,"Spanish, 1924–2002",Spanish,male,1924,2002,Q156736,500013253
1105,Thomas Chimes,"American, 1921–2009",American,male,1921,2009,Q15434488,
1106,Giorgio de Chirico,"Italian, born Greece. 1888–1978",Italian,male,1888,1978,Q156622,500032635
1107,Marcel Chirnoaga,"Romanian, 1930–2008",Romanian,male,1930,2008,,
1108,Anna Chojnacka,"Polish, 1914–2007",Polish,female,1914,2007,,
1109,Seiji Chokai,"Japanese, 1902–1972",Japanese,male,1902,1972,Q11675040,500123060
1110,Chunghi Choo,"American, born Korea 1938",American,female,1938,0,,
1111,Gilles-Louis Chrétien,French,French,male,0,0,,
1112,William Christenberry,"American, 1936–2016",American,male,1936,2016,Q8006794,500074045
1113,Dan Christensen,"American, 1942–2007",American,male,1942,2007,Q5213254,500005408
1114,Christo,"American, born Bulgaria. 1935–2020",American,male,1935,2020,Q14633979,500115266
1116,Howard Chandler Christy,"American, 1872–1952",American,male,1872,1952,,
1117,Halina Chrostowska,"Polish, 1929–1990",Polish,female,1929,1990,,
1118,Chryssa,"American, born Greece. 1933–2013",American,female,1933,2013,Q536197,500022002
1119,Caldecot Chubb,"American, born 1950",American,male,1950,0,,
1120,John W. Church,"American, born 1934",American,male,1934,0,,
1122,Seymour Chwast,"American, born 1931",American,male,1931,0,Q2275902,500112217
1123,Michael Ciavolino,"American, 1924–2019",American,male,1924,2019,,
1124,Carmen L. Cicero,"American, born 1926",American,male,1926,0,,
1125,Roman Cieslewicz,"French, born Poland. 1930–1996",French,male,1930,1996,Q476100,500020802
1126,Nicolai Cikovsky,"American, 1894–1984",American,male,1894,1984,,
1128,Carlo Cisventi,"Italian, born 1929",Italian,male,1929,0,,
1129,Paul Citroen,"Dutch, born Germany. 1896–1983",Dutch,male,1896,1983,Q323431,500014484
1130,Minna Citron,"American, 1896–1991",American,female,1896,1991,Q6867898,500031530
1132,Pierre Eugène Clairin,"French, 1897–1980",French,male,1897,1980,,
1133,Larry Clark,"American, born 1943",American,male,1943,0,Q714496,500004924
1134,John Clem Clarke,"American, 1937–2021",American,male,1937,2021,,
1135,Edna Clarke-Hall,"British, 1879–1979",British,female,1879,1979,,
1136,José Cláudio Da Silva,"Brazilian, born 1932",Brazilian,male,1932,0,,
1137,Carlfriedrich Claus,"German, 1930–1998",German,male,1930,1998,Q1041683,500069485
1138,Antoni Clavé,"Spanish, 1913–2005",Spanish,male,1913,2005,,
1139,Maude Schuyler Clay,"American, born 1953",American,female,1953,0,,
1140,Cléanthe (Cléante Carr),"American, 1911–2001",American,female,1911,2001,,
1142,Roman Clemens,"Swiss, born Germany. 1910–1992",Swiss,male,1910,1992,,
1143,Gisela Clemens,German,German,female,0,0,,
1144,Mildred Leo Clemens,"American, born 1889",American,female,1889,0,,
1145,Francesco Clemente,"Italian, born 1952",Italian,male,1952,0,Q698667,500116236
1146,Lucien Clergue,"French, 1934–2014",French,male,1934,2014,Q1395740,500115463
1147,Fabrizio Clerici,"Italian, 1913–1993",Italian,male,1913,1993,Q1390849,500026217
1148,Pierre Clerk,"Canadian, born U.S.A. 1928",Canadian,male,1928,0,Q3384466,500017228
1150,Henry Cliffe,British,British,male,0,0,,
1152,William Clift,"American, born 1944",American,male,1944,0,,
1153,Paul Clinton,"American, born 1942",American,male,1942,0,,
1155,Carroll Cloar,"American, 1913–1993",American,male,1913,1993,Q5046526,500011986
1156,Chuck Close,"American, 1940–2021",American,male,1940,2021,Q453883,500031023
1157,John Timothy Close,"American, born 1958",American,male,1958,0,,
1158,Emile Clouet,French,French,male,0,0,,
1159,Prunella Clough,"British, 1919–1999",British,female,1919,1999,Q7253041,500013394
1160,Stanley T. Clough,American,American,male,0,0,,
1161,William Clutz,"American, born 1933",American,male,1933,0,,
1162,Gerald Coble,"American, born 1933",American,male,1933,0,,
1163,Chema Cobo,"Spanish, born 1952",Spanish,male,1952,0,,
1164,Alvin Langdon Coburn,"American, 1882–1966",American,male,1882,1966,Q449156,500010929
1167,Sam Cocomise,"American, 1910–2010",American,male,1910,2010,,
1168,Jean Cocteau,"French, 1889–1963",French,male,1889,1963,Q83158,500003025
1170,Sue Coe,"British and American, born 1951",British,female,1951,0,Q7634046,500005739
1171,Haskell Coffin,American,American,male,0,0,,
1172,Bernard Cohen,"British, born 1933",British,male,1933,0,Q822353,500022012
1173,Barry Cohen,"American, 1934–1990",American,male,1934,1990,,
1174,George Cohen,"American, 1919–1999",American,male,1919,1999,Q5538030,500012729
1175,Mark Cohen,"American, born 1943",American,male,1943,0,Q6767105,500079774
1176,Sheldon Cohen,"Canadian, born 1949",Canadian,male,1949,0,,
1177,Pinchas Cohen Gan,"Israeli, born 1942",Israeli,male,1942,0,Q2905186,500075428
1178,Charles Coiner,"American, 1898–1989",American,male,1898,1989,,
1179,Van Deren Coke,"American, 1921–2004",American,male,1921,2004,Q1444352,500108666
1180,Luigi Colani,"German, born 1928",German,male,1928,0,Q61130,500270004
1181,Isaac I. Cole,American,American,male,0,0,,
1182,Glenn O. Coleman,"American, 1887–1932",American,male,1887,1932,Q20200801,500002247
1183,Robert Colescott,"American, 1925–2009",American,male,1925,2009,Q2676807,500102583
1184,Warrington Colescott,"American, 1921–2018",American,male,1921,2018,Q7970718,500082155
1185,Paul Colin,"French, 1892–1985",French,male,1892,1985,Q555505,500004506
1186,Edward Colker,"American, born 1927",American,male,1927,0,,
1187,Ettore Colla,"Italian, 1899–1968",Italian,male,1899,1968,Q3059390,500111220
1188,John Collins,"American, 1888–1991",American,male,1888,1991,,
1189,Leo Collins,American,American,male,0,0,,
1190,Marjory Collins,"American, 1912–1985",American,female,1912,1985,Q3293964,500335864
1192,André Collot,"French, 1897–1976",French,male,1897,1976,,
1193,Roy Colmer,"British, 1935–2014",British,male,1935,2014,,
1194,Gino Colombini,"Italian, born 1915",Italian,male,1915,0,,
1195,Gianni Colombo,"Italian, 1937–1993",Italian,male,1937,1993,Q631443,500053528
1196,Joe Colombo,"Italian, 1930–1971",Italian,male,1930,1971,Q709990,500109860
1197,Ithell Colquhoun,"British, 1906–1988",British,female,1906,1988,Q439844,500031141
1198,Robert Colquhoun,"British, 1914–1962",British,male,1914,1962,Q3938239,500031142
1199,Greg Colson,"American, born 1956",American,male,1956,0,,
1201,Alvin Colt,"American, 1916–2008",American,male,1916,2008,,
1202,Ian Colverson,"British, born 1940",British,male,1940,0,,
1203,Alex Colville,"Canadian, 1920–2013",Canadian,male,1920,2013,Q2832922,500023668
1204,Franklin Colvin,American,American,male,0,0,,
1205,Ulysse Comtois,"Canadian, 1931–1999",Canadian,male,1931,1999,,
1207,Edward Condak,"American, born 1900",American,male,1900,0,,
1208,Miguel Conde,"Mexican, born 1939",Mexican,male,1939,0,,
1209,Charles Conder,"British, 1868–1909",British,male,1868,1909,,
1210,George Condo,"American, born 1957",American,male,1957,0,Q705880,500118728
1211,William Congdon,"American, 1912–1998",American,male,1912,1998,Q4019969,500031033
1213,Lee Conklin,"American, born 1941",American,female,1941,0,,
1214,Will Connell,"American, 1898–1961",American,male,1898,1961,,
1215,Bruce Conner,"American, 1933–2008",American,male,1933,2008,Q991589,500116235
1216,Gregory Conniff,"American, born 1944",American,male,1944,0,,
1217,Linda Connor,"American, born 1944",American,female,1944,0,Q15459229,500037132
1218,Robert Conover,American,American,male,0,0,,
1219,Conrad,American,American,,0,0,,
1220,Conran Associates,"British, founded 1955",British,,1955,0,,
1221,Pietro Consagra,"Italian, 1920–2005",Italian,male,1920,2005,Q461240,500017558
1222,William H. Constable,"Australian, 1906–1989",Australian,male,1906,1989,,
1223,Denis Constanduros,Nationality unknown,Nationality unknown,male,0,0,,
1224,Constant (Constant Anton Nieuwenhuys),"Dutch, 1920–2005",Dutch,male,1920,2005,,
1225,George Constant,"American, 1892–1978",American,male,1892,1978,,
1226,D. Constantin,Greek,Greek,male,0,0,,
1228,Howard Cook,"American, 1901–1980",American,male,1901,1980,,
1229,Lia Cook,"American, born 1942",American,female,1942,0,,
1231,Austin Cooper,"British, 1890–1964",British,male,1890,1964,,
1232,Frederick George Cooper,"American, 1892–1962",American,male,1892,1962,,
1234,Francisco Copello,"Chilean, 1938–2006",Chilean,male,1938,2006,,
1235,Hans Coper,"British, born Germany. 1920–1981",British,male,1920,1981,Q5649903,500090199
1236,Andries Dirk Copier,"Dutch, 1901–1991",Dutch,male,1901,1991,Q510467,500079454
1237,John Coplans,"British, 1920–2003",British,male,1920,2003,Q3181269,500115559
1238,William Copley,"American, 1919–1996",American,male,1919,1996,Q2578319,500029656
1239,Silvio Coppola,"Italian, 1920–1986",Italian,male,1920,1986,,
1240,Edward Corbett,"American, 1919–1971",American,male,1919,1971,Q5342409,500016175
1241,Al Corchia,"American, born 1935",American,male,1935,0,,
1242,E. M. Cordier,"German, 1903–1974",German,male,1903,1974,,
1243,Lovis Corinth,"German, 1858–1925",German,male,1858,1925,Q157610,500115384
1245,Eugène Corneau,"French, 1894–1976",French,male,1894,1976,,
1246,Corneille (Guillaume van Beverloo),"Dutch, 1922–2010",Dutch,male,1922,2010,Q469335,500048093
1247,Joseph Cornell,"American, 1903–1972",American,male,1903,1972,Q694774,500003169
1248,Thomas Cornell,"American, 1937–2012",American,male,1937,2012,,
1249,"Corning Glass Works, Corning, NY",est. 1851,American,,1851,0,Q5842736,500331593
1250,Hector Coronado,"Mexican, born 1938",Mexican,male,1938,0,,
1251,Pedro Coronel,"Mexican, 1923–1985",Mexican,male,1923,1985,,
1253,Jean-Baptiste-Camille Corot,"French, 1796–1875",French,male,1796,1875,Q148475,500115390
1254,Antonio Corpora,"Italian, born Tunis. 1909–2004",Italian,male,1909,2004,Q470314,500032956
1255,Gloria Cortella,"American, born 1929",American,female,1929,0,,
1256,Erasto Cortes Juarez,Mexican,Mexican,male,0,0,,
1257,Jean Cortot,"French, born 1925",French,male,1925,0,,
1258,Steven Cortright,"American, born 1942",American,male,1942,0,,
1260,Marie Cosindas,"American, 1923–2017",American,female,1923,2017,Q6762808,500115150
1261,Herman Costa,"American, 1944–2019",American,male,1944,2019,,
1262,Olga Costa,"Mexican, born Germany. 1913–1993",Mexican,female,1913,1993,Q77889,500118509
1263,Toni Costa,"Italian, 1935–2013",Italian,male,1935,2013,,
1264,Flavio Costantini,"Italian, 1926–2013",Italian,male,0,0,,
1265,John Costigan,"American, 1888–1972",American,male,1888,1972,,
1266,Alan Cote,"American, born 1937",American,male,1937,0,,
1267,Robert Cottingham,"American, born 1935",American,male,1935,0,,
1268,Othon Coubine (or Otakar Kubin),"Czech, 1883–1969",Czech,male,1883,1969,,
1270,Jack Coughlin,"American, born 1932",American,male,1932,0,,
1271,Graham Coughtry,"Canadian, 1931–1999",Canadian,male,1931,1999,,
1272,Coulon,"French, born 1907",French,,1907,0,,
1273,Edward Countey,"American, 1921–1984",American,male,1921,1984,,
1274,Pierre Courtin,"French, 1921–2012",French,male,1921,2012,Q960481,500041397
1275,Morison S. Cousins,"American, 1934–2001",American,male,1934,2001,,
1276,Lucien Coutaud,"French, 1905–1977",French,male,1905,1977,,
1277,Robert Couturier,"French, 1905–2008",French,male,1905,2008,,
1278,Wessel Couzijn,"Dutch, 1912–1984",Dutch,male,1912,1984,Q2512767,500040693
1279,Miguel Covarrubias,"Mexican, 1904–1957",Mexican,male,1904,1957,Q1709505,500122721
1280,John Covert,"American, 1882–1960",American,male,1882,1960,Q1230046,500026304
1281,Robert Cowan,"American, born 1930",American,male,1930,0,,
1282,Clement Cowles,British,British,male,0,0,,
1283,George C. Cox,"American, 1851–1902",American,male,1851,1902,Q3760455,
1284,Jan Cox,"Belgian, 1919–1980",Belgian,male,1919,1980,Q2173397,500001859
1285,Douglas Craft,"American, 1924–2015",American,male,1924,2015,,
1286,Tony Cragg,"British, born 1949",British,male,1949,0,Q702163,500016206
1287,Edward Gordon Craig,"British, 1872–1966",British,male,1872,1966,Q920293,500000318
1288,Michael Craig-Martin,"Irish, born 1941",British,male,1941,0,Q24503,500013170
1289,Konrad Cramer,"American, born Germany. 1888–1963",American,male,1888,1963,,
1290,Martin Crampton,Nationality unknown,Nationality unknown,male,0,0,,
1291,Rollin Crampton,"American, 1886–1970",American,male,1886,1970,,
1292,Barbara Crane,"American, 1928–2019",American,female,1928,2019,,
1293,Meg Cranston,"American, born 1960",American,female,1960,0,,
1294,Crash (John Matos),"American, born 1961",American,male,1961,0,,
1297,Mário Cravo Júnior,"Brazilian, 1923–2018",Brazilian,male,1923,2018,,
1298,Ralston Crawford,"American, born Canada. 1906–1978",American,male,1906,1978,Q3929822,500029588
1299,John Craxton,"British, 1922–2009",British,male,1922,2009,,
1300,Robert Creeley,"American, 1926–2005",American,male,1926,2005,,
1301,Robert Cremean,"American, born 1932",American,male,1932,0,,
1302,Leon Cremière,"French, 1831–1913",French,male,1831,1913,Q3270853,
1303,Leonardo Cremonini,"Italian, 1925–2010",Italian,male,1925,2010,Q982526,500011981
1304,L. Crenuere & Cie.,French,French,,0,0,,
1305,Adolphe Crespin,"Belgian, 1859–1944",Belgian,male,1859,1944,Q2824800,500009817
1306,Luca Crippa,"Italian, 1922–2002",Italian,male,1922,2002,,
1307,Roberto Crippa,"Italian, 1921–1972",Italian,male,1921,1972,Q473798,500091709
1308,Renato Cristiano,"Italian, born 1926",Italian,male,1926,0,,
1310,George P. Critcherson,"American, 1823–1892",American,male,1823,1892,,
1311,Allan Rohan Crite,"American, 1910–2007",American,male,1910,2007,Q4730546,500000551
1312,Ted Croner,"American, 1922–2005",American,male,1922,2005,Q7693108,
1313,Henri-Edmond Cross,"French, 1856–1910",French,male,1856,1910,Q555224,500014010
1314,Wim Crouwel,"Dutch, 1928–2019",Dutch,male,1928,2019,Q555389,500008765
1316,Robin Crozier,"British, 1936–2001",British,male,1936,2001,,
1317,George Cruikshank,"British, 1792–1878",British,male,1792,1878,Q360466,500115604
1318,Jason Crum,"American, 1935–2004",American,male,1935,2004,,
1319,William Crutchfield,"American, 1932–2015",American,male,1932,2015,,
1320,Emilio Cruz,"American, 1938–2004",American,male,1938,2004,,
1321,Carlos Cruz-Diez,"Venezuelan, 1923–2019",Venezuelan,male,1923,2019,Q1042835,500012773
1322,John J. Conroy,"American, born 1920",American,male,1920,0,,
1323,Enzo Cucchi,"Italian, born 1949",Italian,male,1949,0,Q698306,500053926
1325,José Luis Cuevas,"Mexican, 1934–2017",Mexican,male,1934,2017,,
1326,Modest Cuixart,"Spanish, 1925–2001",Spanish,male,1925,2001,Q551902,500124388
1327,Gordon Cullen,"British, born 1914",British,male,1914,0,,
1329,Ben L. Culwell,"American, 1918–1992",American,male,1918,1992,Q4885481,500084526
1330,Robert Cumming,"American, 1943–2021",American,male,1943,2021,,500107007
1331,José Alfonso Cuni,Nationality unknown,Nationality unknown,male,0,0,,
1332,Imogen Cunningham,"American, 1883–1976",American,female,1883,1976,Q238678,500115187
1333,Ben Cunningham (Benjamin Frazier Cunningham),"American, 1904–1975",American,male,1904,1975,,
1334,John Timothy Curran,"American, born 1938",American,male,1938,0,,
1335,Anthony Currell,"British, 1942–2022",British,male,1942,2022,,
1336,William R. Current,"American, 1923–1986",American,male,1923,1986,,
1337,Francis Edmund Currey,"British, 1814–1896",British,male,1814,1896,,
1338,Charles H. Currier,"American, 1851–1938",American,male,1851,1938,,
1339,John Steuart Curry,"American, 1897–1946",American,male,1897,1946,Q3290532,500115503
1340,Rolf Curt,German,German,male,0,0,,
1341,Edward Curtis,"American, 1868–1954",American,male,1868,1954,Q433128,500018219
1343,Lily Cushing,"American, 1909–1969",American,female,1909,1969,,
1344,Ronnie Cutrone,"American, born 1948",American,male,1948,0,,
1345,Eugène Cuvelier,"French, 1837–1900",French,male,1837,1900,,
1346,Gunnar Cyrén,"Swedish, born 1931",Swedish,male,1931,0,,
1347,Jerzy Czerniawski,"Polish, born 1947",Polish,,1947,0,,
1348,Carl Otto Czeschka,"Austrian, 1878–1960",Austrian,male,1878,1960,Q1039975,500007692
1349,Allan D'Arcangelo,"American, 1930–1998",American,male,1930,1998,Q4730556,500013648
1350,Lajos D'Ebneth,"Hungarian, 1902–1982",Hungarian,male,1902,1982,,
1351,Roél d'Haese,"Belgian, 1921–1966",Belgian,male,1921,1966,,
1353,Alfredo da Silva,"Bolivian, born 1935",Bolivian,male,1935,0,,
1355,Dagron & Cie.,French,French,,0,0,,
1357,Louise Dahl-Wolfe,"American, 1895–1989",American,female,1895,1989,Q456394,500031880
1358,Karl Fred Dahmen,"German, 1917–1981",German,male,1917,1981,,
1359,Walter Dahn,"German, born 1954",German,male,1954,0,Q1740593,500045746
1360,Wolfgang Dahnke,Nationality unknown,Nationality unknown,male,0,0,,
1361,Michael D. Dailey,"American, 1938–2009",American,male,1938,2009,,
1364,Salvador Dalí,"Spanish, 1904–1989",Spanish,male,1904,1989,Q5577,500009365
1365,Francois Dallegret,"French, born 1937",French,male,1937,0,,
1367,Oskar Dalvit,"Swiss, 1911–1975",Swiss,male,1911,1975,,
1368,Hubert Dalwood,"British, 1924–1976",British,male,1924,1976,Q5927238,500108812
1369,Horia Damian,"French, born Romania 1922",French,male,1922,0,Q3140531,500023106
1370,Jorge Damiani,"Uruguayan, born Italy. 1931–2017",Uruguayan,male,1931,2017,,
1371,Charles Damiano,British,British,male,0,0,,
1372,Suzanne van Damme,"Belgian, 1901–1986",Belgian,female,1901,1986,,
1373,Ken Danby,"Canadian, 1940–2007",Canadian,male,1940,2007,,
1374,Bill Zulpo-Dane,"American, born 1938",American,male,1938,0,,
1375,Sergio Dangelo,"Italian, born 1931",Italian,male,1931,0,,
1376,Mell Daniel,"American, 1899–1975",American,male,1899,1975,,
1377,Harvey Daniels,"British, 1936–2013",British,male,1936,2013,,
1378,Peter Danko,"American, born 1949",American,male,1949,0,,
1379,Joseph Dankowski,"American, 1932–2010",American,male,1932,2010,,
1380,Bob Danner,"American, born 1948",American,male,1948,0,,
1381,Danny (Danny Pierce),"American, 1920–2014",American,male,1920,2014,,
1382,Jerry Dantzic,"American, born 1925",American,male,1925,0,,
1383,Avery Coffey Danziger,"American, born 1953",American,male,1953,0,,
1384,Louis Danziger,"American, born 1923",American,male,1923,0,,
1385,Nassos Daphnis,"American, born Greece. 1914–2010",American,male,1914,2010,Q6967681,500004321
1386,Pan Daqiang,"Chinese, 1937–2022",Chinese,male,1937,2022,,
1387,Jean Gabriel Daragnès,"French, 1886–1950",French,male,1886,1950,,
1388,Hanne Darboven,"German, 1941–2009",German,female,1941,2009,Q443732,500053940
1389,Darel Valença Lins,"Brazilian, 1924–2017",Brazilian,male,1924,2017,,
1390,Alfred Dargis,American,American,male,0,0,,
1391,Sandu Darie,"Cuban, born Romania. 1908–1991",Cuban,male,1908,1991,,
1392,Judy Dater,"American, born 1941",American,female,1941,0,Q6304405,500091155
1393,Charles François Daubigny,"French, 1817–1878",French,male,1817,1878,,
1394,James Henry Daugherty,"American, 1889–1974",American,male,1889,1974,,
1397,Hermine David,"French, 1886–1971",French,female,1886,1971,,
1398,Bruce Davidson,"American, born 1933",American,male,1933,0,Q962520,500037020
1399,Hal Davidson,American,American,male,0,0,,
1401,Alan Davie,"British, 1920–2014",British,male,1920,2014,Q44033,500028636
1402,Arthur B. Davies,"American, 1862–1928",American,male,1862,1928,Q708502,500013464
1403,John A. Davies,"British, born 1949",British,male,1949,0,,
1404,Brad Davis,"American, born 1942",American,male,1942,0,Q20668440,500031816
1405,Emma Lu Davis,"American, 1905–1964",American,female,1905,1964,,
1406,Faurest Davis,"American, 1906–1991",American,male,1906,1991,,
1407,Gene Davis,"American, 1920–1985",American,male,1920,1985,Q5531163,500012653
1408,James Edward Davis,"American, 1901–1974",American,male,1901,1974,,
1409,Lynn Davis,"American, born 1944",American,female,1944,0,,
1410,Paul Davis,"American, born 1938",American,male,1938,0,,
1411,Ron Davis,"American, born 1937",American,male,1937,0,Q1674836,500027912
1412,Stuart Davis,"American, 1892–1964",American,male,1892,1964,Q704588,500115507
1413,Laurence Daws,Australian,Australian,male,0,0,,
1415,Adrien Dax,"French, 1913–1979",French,male,1913,1979,,
1416,John Day,"American, 1932–1982",American,male,1932,1982,Q20200747,500013619
1417,Lucien Day,"American, born 1916",American,male,1916,0,,
1418,Richard Day,"American, born Canada. 1896–1972",American,male,1896,1972,Q1247808,
1419,Worden Day,"American, 1912–1986",American,female,1912,1986,,
1420,"Chris ""Daze"" Ellis","American, born 1962",American,male,1962,0,,
1421,Mario De Biasi,"Italian, 1923–2013",Italian,male,1923,2013,Q3848497,500115118
1422,Roy DeCarava,"American, 1919–2009",American,male,1919,2009,Q2475981,500095793
1423,Louis De Clercq,"French, 1836–1901",French,male,1836,1901,Q596961,500036880
1424,José De Creeft,"American, born Spain. 1884–1982",American,male,1884,1982,Q3080662,500048621
1425,Gino De Dominicis,"Italian, 1947–1998",Italian,male,1947,1998,Q826569,500088696
1426,Francis De Erdely,Hungarian,Hungarian,male,0,0,,
1427,Georges de Feure,"French, 1868–1943",French,male,1868,1943,,
1428,Peter De Francia,"British, 1921–2012",British,male,1921,2012,Q16019356,500029172
1429,Rudolph De Harak,"American, 1924–2001",American,male,1924,2001,Q7377477,
1430,Richard S. De Lamater,American,American,male,0,0,,
1432,Regina Maria De Luise,"American, born 1959",American,female,1959,0,,
1433,Walter De Maria,"American, 1935–2013",American,male,1935,2013,Q126506,500041866
1434,Adolf De Meyer,"German, 1868–1946",German,male,1868,1946,Q365911,500115553
1436,G. D. De Monfried,"French, 1856–1929",French,male,1856,1929,Q517792,500010450
1437,Victor De Palma,Nationality unknown,Nationality unknown,male,0,0,,
1438,Jonathan De Pas,"Italian, 1932–1991",Italian,male,1932,1991,,
1440,Jérôme De Perlinghi,"Belgian and American, born 1961",Belgian,male,1961,0,,
1441,Filippo De Pisis,"Italian, 1896–1956",Italian,male,1896,1956,Q661473,500026623
1442,J. De Praetre,"German, 1879–1947",German,,1879,1947,,
1443,José de Rivera,"American, 1904–1985",American,male,1904,1985,Q6279626,500021094
1444,Niki de Saint Phalle,"French and American, 1930–2002",French,female,1930,2002,Q168704,500024269
1446,Lewis deSoto,"Native American (Cahuilla), born 1954",Native American,male,1954,0,,
1447,Nicolas de Staël,"French, 1914–1955",French,male,1914,1955,Q470551,500026376
1448,Marco De Valdivia,"Chilean, born 1947",Chilean,male,1947,0,,
1449,Roger de Valerio,"French, 1886–1951",French,male,1886,1951,,
1452,Erwin De Vries,Dutch,Dutch,male,0,0,,
1453,Captain William de Wiveleslie Abney,"British, 1843–1920",British,male,1843,1920,,
1454,A. R. de Ycaza,"American, born 1915",American,female,1915,0,,
1456,Richard Deacon,"British, born 1949",British,male,1949,0,Q523810,500009121
1457,David Deahl,American,American,male,0,0,,
1458,Joe Deal,"American, 1947–2010",American,male,1947,2010,Q6209452,500037034
1459,Percy Deane,"Brazilian, 1921–1994",Brazilian,male,1921,1994,,
1460,Howard Dearstyne,"American, 1903–1978",American,male,1903,1978,Q18625761,500034415
1461,Riko Debenjak,"Slovenian, 1908–1987",Slovenian,male,1908,1987,,
1462,Robert J. Debrey,"American, born 1934",American,male,1934,0,,
1463,Peter Dechar,"American, born 1942",American,male,1942,0,,
1464,Wilhelm Deffke,"German, 1887–1950",German,male,1887,1950,Q2572323,
1465,Hilaire-Germain-Edgar Degas,"French, 1834–1917",French,male,1834,1917,Q46373,500115194
1466,Adolf Dehn,"American, 1895–1968",American,male,1895,1968,Q4684075,500009264
1467,Dorothy Dehner,"American, 1901–1994",American,female,1901,1994,Q2164544,500048625
1468,Ernesto Deira,"Argentine, 1928–1986",Argentine,male,1928,1986,,
1469,Ad Dekkers,"Dutch, 1938–1974",Dutch,male,1938,1974,,
1470,Aimé Félix Del Marle,"French, 1889–1952",French,male,1889,1952,,
1471,Lucio Del Pezzo,"Italian, born 1933",Italian,male,1933,0,Q3838854,500018437
1473,Eduardo Del Valle,"American, born Cuba 1951",American,male,1951,0,,
1474,Eugène Delacroix,"French, 1798–1863",French,male,1798,1863,Q33477,500115509
1475,Jack Delano,"American, born Russia. 1914–1997",American,male,1914,1997,Q639121,500040799
1476,George Delany,"American, born 1946",American,male,1946,0,,
1477,Tony DeLap,"American, 1927–2019",American,male,1927,2019,Q7822189,500100734
1479,Robert Delaunay,"French, 1885–1941",French,male,1885,1941,Q33978,500023463
1480,Sonia Delaunay,"French, born Ukraine. 1885–1979",French,female,1885,1979,Q232972,500115510
1481,Maurice Delcourt,"French, 1877–1916",French,male,1877,1916,,
1483,Victor Delhez,"born Belgium, 1902–1985 (active Argentina)",Belgian,male,1902,1985,,
1484,Christian Dell,"German, 1893–1974",German,male,1893,1974,Q180236,500045673
1485,Paul Delvaux,"Belgian, 1897–1994",Belgian,male,1897,1994,Q164712,500017335
1486,Jean Delville,"Belgian, 1867–1953",Belgian,male,1867,1953,Q1395469,500027312
1487,René Demeurisse,"French, 1894–1962",French,male,1894,1962,,
1488,Nélida Demichelis,Argentine,Argentine,female,0,0,,
1489,Jorge Demirjian,"Argentinian, 1932–2018",Argentine,male,1932,2018,,
1490,Charles Demuth,"American, 1883–1935",American,male,1883,1935,Q380494,500004441
1491,Agnes Denes,"American, born 1931",American,female,1931,0,Q394503,500072038
1492,Maurice Denis,"French, 1870–1943",French,male,1870,1943,Q440369,500032673
1493,Morgan Dennis,"American, 1892–1960",American,male,1892,1960,,
1494,Reynolds G. Dennis,American,American,male,0,0,,
1495,Robyn Denny,"British, 1930–2014",British,male,1930,2014,Q2160106,500000427
1497,Jules Depaquit,"French, 1872–1924",French,male,1872,1924,,
1498,Fortunato Depero,"Italian, 1892–1960",Italian,male,1892,1960,Q1125077,500017004
1499,Jules Deplanque,French,French,male,0,0,,
1500,André Derain,"French, 1880–1954",French,male,1880,1954,Q156272,500004535
1501,Co Derr,"Swedish, born The Netherlands. 1921–2011",Swedish,male,1921,2011,,
1502,André Des Gachons,French,French,male,0,0,,
1503,Jean Desbrosses,"French, 1835–1906",French,male,1835,1906,,
1504,Léopold Desbrosses,"French, born 1821",French,male,1821,0,,
1505,Gérard Deschamps,"French, born 1937",French,male,1937,0,,
1506,Odette des Garets,"French, born 1891",French,female,1891,0,,
1507,Arthur Deshaies,"American, 1920–2011",American,male,1920,2011,,
1509,Françoise Desnoyer,"French, 1894–1972",French,male,1894,1972,,
1511,Charles Despiau,"French, 1874–1946",French,male,1874,1946,Q82291,500115511
1512,Gianni Dessi,"Italian, born 1955",Italian,male,1955,0,,
1515,Frederick Knecht Detwiller,"American, 1882–1953",American,male,1882,1953,,
1516,David Deutsch,"American, born 1943",American,male,1943,0,,
1517,Ernst Deutsch,"Austrian, 1883–1938",Austrian,male,1883,1938,,
1518,John Edward Devine,"American, born 1944",American,male,1944,0,,
1519,Jean Dewasne,"French, 1921–1999",French,male,1921,1999,,
1520,Walter Dexel,"German, 1890–1973",German,male,1890,1973,Q449677,500005708
1521,Jean Deyrolle,"French, 1911–1967",French,male,1911,1967,,
1522,Umberto di Lazzaro,Italian,Italian,male,0,0,,
1523,Roberto Diago,"Cuban, 1920–1955",Cuban,male,1920,1955,,
1524,Hugh W. Diamond,"British, 1809–1886",British,male,1809,1886,Q76882,500018982
1525,Martha Diamond,"American, 1944–2024",American,female,1944,2024,,
1526,Stuart Diamond,"American, born 1942",American,male,1942,0,,
1527,Barbaralee Diamonstein,American,American,female,0,0,,
1528,David Diao,"American, born 1943",American,male,1943,0,Q5232961,500026425
1529,Antonio Dias,"Brazilian, 1944–2018",Brazilian,male,1944,2018,,
1531,Narcisse Diaz,"French, 1809–1876",French,male,1809,1876,,
1532,Waldo Díaz-Balart,"Cuban, born 1931",Cuban,male,1931,0,,
1533,Jan Dibbets,"Dutch, born 1941",Dutch,male,1941,0,Q573374,500010799
1534,Ronald Dickens,British,British,male,0,0,,
1535,Jane Dickerman,American,American,female,0,0,,
1536,Edwin Dickinson,"American, 1891–1978",American,male,1891,1978,Q5346359,500010408
1537,Preston Dickinson,"American, 1889–1930",American,male,1889,1930,Q3402687,500124280
1538,Jane Dickson,"American, born 1952",American,female,1952,0,,
1539,Richard Diebenkorn,"American, 1922–1993",American,male,1922,1993,Q1281597,500025721
1540,Julio de Diego,"American, 1900–1979",American,male,1900,1979,,
1541,Alex Walter Diggelmann,"Swiss, 1902–1987",Swiss,male,1902,1987,,
1542,Geurt van Dijk,"Dutch, born 1941",Dutch,male,1941,0,,
1543,Daniel den Dikkenbboer,Dutch,Dutch,male,0,0,,
1544,Guy Dill,"American, born 1946",American,male,1946,0,,
1545,Laddie John Dill,"American, born 1943",American,male,1943,0,,
1546,Burgoyne Diller,"American, 1906–1965",American,male,1906,1965,Q827021,500009551
1547,Jim Dine,"American, born 1935",American,male,1935,0,Q531234,500028463
1548,Rick Dingus,"American, born 1951",American,male,1951,0,,
1549,Dinora (Doudtchitsky),"Chilean, 1914–2004",Chilean,female,1914,2004,,
1550,Harry Disberg,Dutch,Dutch,male,0,0,,
1552,André-Adolphe-Eugène Disdéri,"French, 1819–1889",French,male,1819,1889,Q515461,500118847
1553,Martin Disler,"Swiss, 1949–1996",Swiss,male,1949,1996,Q670011,500053927
1554,Disney Studios,American,American,,0,0,,
1555,Wes Disney,"American, 1946–2000",American,male,1946,2000,,
1556,Juan Carlos Distéfano,"Argentine, born 1933",Argentine,male,1933,0,,
1557,Eugenio Dittborn,"Chilean, born 1943",Chilean,male,1943,0,,
1558,John Divola,"American, born 1949",American,male,1949,0,Q6229503,500037050
1559,Otto Dix,"German, 1891–1969",German,male,1891,1969,Q153104,500028047
1560,Henry Dixon,"British, 1820–1893",British,male,1820,1893,Q15446294,500115247
1562,Pierre Dmitrienko,"French, 1925–1974",French,male,1925,1974,,
1563,Jun Dobashi,"Japanese, 1910–1975",Japanese,male,1910,1975,,
1564,Alexander Dobkin,"American, 1908–1975",American,male,1908,1975,,
1566,Frank Dobson,"British, 1888–1963",British,male,1888,1963,Q2289164,500004945
1567,Eugène Dodeigne,"French, born 1923",French,male,1923,0,,
1568,Betty Dodson,"American, born 1929",American,female,1929,0,,
1569,Burhan Dogancay,"Turkish, 1929–2013",Turkish,male,1929,2013,,
1570,Stevan Dohanos,"American, 1907–1994",American,male,1907,1994,,
1571,Wesley Coe Doherty,"American, born 1919",American,male,1919,0,,
1572,Isami Doi,"American, 1903–1965",American,male,1903,1965,Q6078751,500027090
1573,Robert Doisneau,"French, 1912–1994",French,male,1912,1994,Q154599,500015333
1575,Nikolai Dolgorukov,"Russian, 1902–1980",Russian,male,1902,1980,,
1576,Roger Doloy,"French, born 1920",French,male,1920,0,,
1578,César Domela-Nieuwenhuis,"Dutch, 1900–1992",Dutch,male,1900,1992,Q2717011,500007460
1579,Oscar Domínguez,"French, born Spain. 1906–1957",French,male,1906,1957,Q293314,500007847
1580,Tadeusz Dominik,"Polish, born 1928",Polish,male,1928,0,Q7674468,
1581,Ken Domon,"Japanese, 1909–1990",Japanese,male,1909,1990,Q3195028,500122206
1582,Hisao Domoto,"Japanese, 1928–2013",Japanese,male,1928,2013,Q11427894,500122978
1583,Don Donaghy,"American, 1936–2008",American,male,1936,2008,,
1584,Anthony Donaldson,"British, born 1939",British,male,1939,0,,
1585,Enrico Donati,"American, born Italy. 1909–2008",American,male,1909,2008,Q2574382,500020337
1586,Seena Donneson,"American, born 1924",American,female,1924,0,,
1587,Piero Dorazio,"Italian, 1927–2005",Italian,male,1927,2005,Q459648,500010826
1588,Roland Dorcély,"Haitian, 1930–2017",Haitian,male,1930,2017,Q3710086,500044942
1589,Gustave Doré,"French, 1832–1883",French,male,1832,1883,Q6682,500013657
1591,William Doriani,"American, 1891–?",American,male,1891,0,,
1592,Dornac (Paul François Arnold Cardon),"French, 1859–1941",French,male,1859,1941,,
1593,Mary Ann Dorr,"American, born 1930",American,female,1930,0,,
1594,Nell Dorr,"American, 1893–1988",American,female,1893,1988,,
1595,Heitor dos Prazeres,"Brazilian, 1902–1966",Brazilian,male,1902,1966,,
1596,Francisco Dosamantes,"Mexican, 1911–1986",Mexican,male,1911,1986,Q1311345,500071567
1597,Christian Dotremont,"Belgian, 1922–1979",Belgian,male,1922,1979,,
1598,Saliba Douaihy,"American, born Lebanon. 1915–1994",American,male,1915,1994,,
1599,James H. Dougherty,Nationality unknown,Nationality unknown,male,0,0,,
1600,Edward Douglas,"American, born 1943",American,male,1943,0,,
1601,Gianni Dova,"Italian, 1925–1991",Italian,male,1925,1991,,
1602,Arthur Dove,"American, 1880–1946",American,male,1880,1946,Q709461,500018046
1603,James Dow,"American, born 1942",American,male,1942,0,,
1604,John Edward Dowell,"American, born 1941",American,male,1941,0,,
1605,Rackstraw Downes,"American, born England 1939",American,male,1939,0,Q7279809,500075282
1606,Juan Downey,"Chilean, 1940–1993",Chilean,male,1940,1993,Q3817219,500064742
1607,W. & D. Downey,British,British,male,0,0,,
1608,Joe Downing,"American, 1925–2007",American,male,1925,2007,,
1609,Olin Dows,"American, 1904–1981",American,male,1904,1981,,
1610,Robert Doxat,"Austrian, 1930–2004",Austrian,male,1930,2004,,
1612,Tom Drahos,"Czech, born 1947",Czech,male,1947,0,,
1614,Roy R. Drasites,"American, born 1945",American,male,1945,0,,
1616,Christopher Dresser,"British, 1834–1904",British,male,1834,1904,Q1086650,500042183
1617,Werner Drewes,"American, 1899–1985",American,male,1899,1985,Q2561038,500013191
1618,Lynne Drexler,American,American,female,0,0,,
1619,Henry Dreyfuss,"American, 1904–1972",American,male,1904,1972,Q940346,500059346
1620,Felix Droese,"German, born 1950",German,male,1950,0,Q1403424,500045755
1621,L. Jean Droit,French,French,male,0,0,,
1623,Achilles Droungas,"Greek, born 1940",Greek,male,1940,0,,
1624,Sydney Drum,"Canadian, born 1952",Canadian,female,1952,0,,
1625,Sally Hazelet Drummond,"American, 1924–2017",American,female,1924,2017,,
1626,Aleksandr Vasilevich Druzhkov,"Russian, 1912–2004",Russian,male,1912,2004,,
1627,Russell Drysdale,"Australian, 1912–1981",Australian,male,1912,1981,,
1628,Doug Dubois,"American, born 1960",American,male,1960,0,,
1629,Maxime Du Camp,"French, 1822–1894",French,male,1822,1894,Q918268,500021954
1630,H. E. Du Plessis,"British, 1894–1978",British,male,1894,1978,,
1632,Albert Dubois-Pillet,"French, 1846–1890",French,male,1846,1890,,
1633,Jean Dubuffet,"French, 1901–1985",French,male,1901,1985,Q170076,500019113
1634,Marcel Duchamp,"American, born France. 1887–1968",American,male,1887,1968,Q5912,500115393
1635,Raymond Duchamp-Villon,"French, 1876–1918",French,male,1876,1918,Q705282,500029284
1636,Gérard Duchène,"French, born 1944",French,male,1944,0,,
1637,Guillaume-Benjamin-Armand Duchenne de Boulogne,"French, 1806–1875",French,male,1806,1875,Q551417,500067174
1638,W. M. Dudok,"Dutch, 1884–1974",Dutch,male,1884,1974,,
1639,Espinoza Duenas,"Peruvian, born 1926",Peruvian,male,1926,0,,
1640,Bernd Duerr,"German, born 1953",German,,1953,0,,
1641,Dana Duff,"American, born 1955",American,female,1955,0,,
1642,John Duff,"American, born 1943",American,male,1943,0,Q20706241,500093894
1646,Raoul Dufy,"French, 1877–1953",French,male,1877,1953,Q45205,500024166
1647,Charles Marie Dulac,"French, 1865–1898",French,male,1865,1898,,
1648,Gert Dumbar,"Dutch, born 1940",Dutch,female,1940,0,,
1650,Henri Dumont,"French, 1859–1921",French,male,1859,1921,,
1651,David Douglas Duncan,"American, 1916–2018",American,male,1916,2018,Q934820,500347130
1652,Carroll Dunham,"American, born 1949",American,male,1949,0,Q1045182,500110733
1654,Bob Duran,"American, 1938–2005",American,male,1938,2005,,
1655,E. Durand,French,French,,0,0,,
1656,Sylvain Durand,French,French,male,0,0,,
1657,Louis-Émile Durandelle,"French, 1839–1917",French,male,1839,1917,Q15556390,500019813
1658,Ludvik Durchanek,"American, born Austria. 1902–1976",American,male,1902,1976,,
1659,Caroline Durieux,"American, 1896–1989",American,female,1896,1989,,
1661,Stephen Durkee,"American, born 1939",American,male,1939,0,,
1662,Hansi Durlach,"American, born 1930",American,female,1930,0,,
1663,Alberto Dutary,"Panamanian, 1932–1998",Panamanian,male,1932,1998,,
1664,Allen A. Dutton,"American, born 1922",American,male,1922,0,,
1665,Mabel Dwight,"American, 1876–1955",American,female,1876,1955,Q18150137,500019538
1666,Suzanne R. Dworsky,"American, born 1929",American,female,1929,0,,
1667,Carlus Dyer,"American, 1917–2016",American,male,1917,2016,,
1668,Mario Dyyon,"American, born 1946",American,male,1946,0,,
1669,Dušan Džamonja,"Croatian, 1928–2009",Croatian,male,1928,2009,Q516236,500074025
1670,Arnold Eagle,"American, born Hungary. 1909–1992",American,male,1909,1992,,
1671,Charles Eames,"American, 1907–1978",American,male,1907,1978,Q170411,500029567
1672,Ray Eames,"American, 1912–1988",American,female,1912,1988,Q380404,500027192
1673,Josef Eberz,"German, 1880–1942",German,male,1880,1942,Q1704514,500001465
1674,José Echavé,"Spanish, 1907–1999",Spanish,male,1907,1999,,
1675,Christian Eckart,"Canadian, born 1959",Canadian,male,1959,0,,
1677,Thomas Eckersley,"British, 1914–1997",British,male,1914,1997,Q835099,500184121
1678,Don Eddy,"American, born 1944",American,male,1944,0,,
1679,Karl Edelman,American,American,male,0,0,,
1680,Doug Edge,"American, born 1942",American,male,1942,0,,
1681,Harold Eugene Edgerton,"American, 1903–1990",American,male,1903,1990,Q475733,500014767
1682,Leonard Edmonson,"American, 1916–2002",American,male,1916,2002,,
1684,John Paul Edwards,"American, 1883–1968",American,male,1883,1968,,
1685,Melvin Edwards,"American, born 1937",American,male,1937,0,Q3305305,500108626
1686,Edouard-Léon-Louis Edy-Legrand,"French, 1892–1970",French,male,1892,1970,,
1687,Benni Efrat,Israeli,Israeli,male,0,0,Q4889797,500080080
1689,Eberhard Eggers,"German, 1939–2004",German,male,1939,2004,,
1690,William Eggleston,"American, born 1939",American,male,1939,0,Q389912,500030719
1691,Otto Eglau,"German, 1917–1988",German,male,1917,1988,,
1692,Shyu Eguchi,"Japanese, born 1932",Japanese,male,1932,0,,
1693,Georg Ehrlich,"British, born Austria. 1897–1966",British,male,1897,1966,,
1694,Marli Ehrman,"American, born Germany. 1904–1982",American,female,1904,1982,,
1695,Fritz Eichenberg,"American, 1901–1990",American,male,1901,1990,,
1696,Hans Eichenberger,"Swiss, 1926–2024",Swiss,male,1926,2024,,
1697,Hermann Eidenbenz,"Swiss, born India. 1902–1993",Swiss,male,1902,1993,Q1424173,
1698,Jorge Eielson,"Peruvian, 1924–2006",Peruvian,male,1924,2006,Q722731,
1699,Horst Eigen,"German, born 1942",German,male,1942,0,,
1700,Hans Eijkelboom,"Dutch, born 1949",Dutch,male,1949,0,,
1701,Louis Michel Eilshemius,"American, 1864–1941",American,male,1864,1941,Q6687104,500030951
1703,George Einbeck,"German, 1871–1951",German,male,1871,1951,,
1705,Lette Eisenhauer,"American, born 1935",American,female,1935,0,,
1706,Chester Eisenhuth,"American, 1910–1995",American,male,1910,1995,,
1707,Alfred Eisenstaedt,"American, born Poland. 1898–1995",American,male,1898,1995,Q62081,500059996
1708,Sergei Eisenstein,"Russian, 1898–1948",Russian,male,1898,1948,Q8003,500137065
1710,Jacob El Hanani,"Israeli, born 1947",Israeli,male,1947,0,,
1711,Harold Elberg,American,American,male,0,0,,
1712,Valdemar H. Elenbaas,Dutch,Dutch,male,0,0,,
1713,Dick Elffers,"Dutch, 1910–1990",Dutch,male,1910,1990,Q585177,500116738
1714,Etiènne Elias,Belgian,Belgian,male,0,0,,
1715,Eliot Noyes Industrial Design,American,American,,0,0,,
1716,Elise (Elise Seeds Armitage),"American, 1902–1963",American,female,1902,1963,,
1717,Eliot Elisofon,"American, 1911–1973",American,male,1911,1973,Q5361228,500294268
1718,Ronnie Elliott,"American, 1916–1982",American,male,1916,1982,,
1719,Clifford and Rosemary Ellis,British,British,,0,0,,
1720,Kosso Eloul,"American, 1920–1995",American,male,1920,1995,,
1721,Rita Eloul Letendre,"Canadian, 1928–2021",Canadian,female,1928,2021,,
1724,Peter Henry Emerson,"British, born Cuba. 1856–1936",British,male,1856,1936,Q515839,500118277
1725,Herman Emmet,"American, 1943–2021",American,male,1943,2021,,
1726,Chansonetta Stanley Emmons,"American, 1858–1937",American,female,1858,1937,,
1727,August Endell,"German, 1871–1925",German,male,1871,1925,Q62351,500001173
1729,Jules Engel,"American, 1909–2003",American,male,1909,2003,,
1730,Morris Engel,"American, 1918–2005",American,male,1918,2005,Q1948483,500333556
1731,Engel-Pak,"Belgian, 1885–1965",Belgian,male,1885,1965,,
1732,Michael Engelmann,"American, born Czechoslovakia. 1928–1966",American,male,1928,1966,Q1927371,
1733,Pieter Engels,"Dutch, born 1938",Dutch,male,1938,0,,
1734,William England,"British, 1816–1896",British,male,1816,1896,,
1735,Horace M. Engle,"American, 1861–1949",American,male,1861,1949,,
1736,Michael English,"British, 1941–2009",British,male,1941,2009,,
1739,James Ensor,"Belgian, 1860–1949",Belgian,male,1860,1949,Q158840,500032046
1740,Edward Enlin,American,American,male,0,0,,
1741,Jacob Epstein,"British, born U.S.A. 1880–1959",British,male,1880,1959,Q354779,500032047
1742,Mitch Epstein,"American, born 1952",American,male,1952,0,,
1743,Stephan Erfurt,"German, born 1958",German,male,1958,0,,
1744,Hugo Erfurth,"German, 1874–1948",German,male,1874,1948,Q72889,500003504
1746,Erling Ericsson,Swedish,Swedish,male,0,0,,
1748,Boris Nicolaevich Ermolaev,"Russian, 1903–1982",Russian,male,1903,1982,,
1749,Vera Ermolaeva,"Russian, 1893–1938",Russian,female,0,0,Q1744626,
1750,Hans Erni,"Swiss, 1909–2015",Swiss,male,1909,2015,Q667671,500007927
1751,Jimmy Ernst,"American, born Germany. 1920–1984",American,male,1920,1984,Q92395,500024151
1752,Max Ernst,"French and American, born Germany. 1891–1976",French,male,1891,1976,Q154842,500115729
1753,Erol (Erol Akyavas),"Turkish, 1932–1999",Turkish,male,1932,1999,,
1754,Erró (Gudmundur Gudmundsson),"Icelandic, born 1932",Icelandic,male,1932,0,,
1755,Erwin Hanfstaengl,"German, 1838–1904",German,male,1838,1904,,
1756,Elliott Erwitt,"American, 1928–2023",American,male,1928,2023,Q284360,500084345
1757,M. C. Escher,"Dutch, 1898–1972",Dutch,male,1898,1972,Q1470,500007222
1759,Jesús Escobedo,"Mexican, 1918–1978",Mexican,male,1918,1978,,
1760,John K. Esler,"Canadian, born 1933",Canadian,male,1933,0,,
1761,Georges D'espagnat,"French, 1870–1950",French,male,1870,1950,,
1762,Bud Esry,"American, born 1920",American,male,1920,0,,
1763,Reed Estabrook,"American, 1944–2024",American,male,1944,2024,,
1764,Richard Estes,"American, born 1932",American,male,1932,0,Q704965,500007462
1766,Roberto Estopinán,"Cuban, 1921–2015",Cuban,male,1920,2015,,
1767,Sorel Etrog,"Canadian, born Romania. 1933–2014",Canadian,male,1933,2014,,
1768,Alex J. Ettl,"American, 1898–1992",American,male,1898,1992,,
1769,Karen Eubel,"American, born 1942",American,female,1942,0,,
1770,Frank Eugene,"American, 1865–1936",American,male,1865,1936,Q67378,500025211
1773,Dennis Evans,"American, born 1946",American,male,1946,0,,
1774,Frederick H. Evans,"British, 1853–1943",British,male,1853,1943,Q1452901,500010446
1775,Garth Evans,"British, born 1934",British,male,1934,0,,
1776,Merlyn Evans,British,British,male,0,0,Q1921937,500012672
1777,Walker Evans,"American, 1903–1975",American,male,1903,1975,Q363308,500012076
1779,Henri Evenepoel,"French, 1872–1899",French,male,1872,1899,Q2980574,500004458
1780,Philip Evergood,"American, 1901–1973",American,male,1901,1973,Q3379002,500007308
1782,Connor Everts,"American, 1928–2016",American,male,1928,2016,,
1783,Juanita (Jean) Exley,"American, born 1927",American,female,1927,0,,
1784,Alexandra Exter,"Born Białystok, Russian Empire (now Poland), 1882; died Fontenay-aux-Roses, France, 1949",Russian,female,1882,1949,Q242121,500024229
1786,Agenore Fabbri,Italian,Italian,male,0,0,,
1787,Hans Fabigan,"Austrian, 1901–1975",Austrian,male,1901,1975,,
1788,Luciano Fabro,"Italian, 1936–2007",Italian,male,1936,2007,Q554008,500053941
1789,Charles Fahlen,"American, 1939–2010",American,male,1939,2010,,
1790,Öyvind Fahlström,"Swedish, born Brazil. 1928–1976",Swedish,male,1928,1976,Q307693,500022121
1791,Ekkehard Fahr,"German, born 1934",German,male,1934,0,,
1792,Patrick Faigenbaum,"French, born 1954",French,male,1954,0,,
1793,Jules-Abel Faivre,"French, 1867–1945",French,male,1867,1945,Q2821502,500042434
1794,Claire Falkenstein,"American, 1908–1997",American,female,1908,1997,Q5125198,500023524
1795,James (Arthur) Fallon,"American, born 1946",American,male,1946,0,,
1796,C. B. Falls,American,American,,0,0,,
1797,Charles Famin,"French, born 1809",French,male,1809,0,,
1798,Louis Fancher,"American, 1884–1944",American,male,1884,1944,,
1799,Wojciech Fangor,"Polish, 1922–2015",Polish,male,1922,2015,Q8029114,500049430
1800,Henri Fantin-Latour,"French, 1836–1904",French,male,1836,1904,Q310715,500025754
1801,Nathan Farb,"American, born 1941",American,male,1941,0,,
1802,William Fares,"American, born 1942",American,male,1942,0,,
1803,Farfa,"Italian, 1881–1964",Italian,male,1881,1964,,
1804,Thomaz Farkas,"Brazilian, born Hungary. 1924–2011",Brazilian,male,1924,2011,,
1805,Francisco Farreras,"Spanish, born 1927",Spanish,male,1927,0,,
1806,Walter Farynk,"American, 1917–1992",American,male,1917,1992,,
1807,Roberto Fasola,Italian,Italian,male,0,0,,
1808,Franz Fassler,Swiss,Swiss,male,0,0,,
1809,Dwain Faubion,"American, 1921–2002",American,male,1921,2002,,
1810,Nicolas Faure,"Swiss, born 1949",Swiss,male,1949,0,,
1811,Louis Faurer,"American, 1916–2001",American,male,1916,2001,Q326011,500022535
1812,Arthur Fauser,"German, born 1911",German,male,1911,0,,
1813,Hermann Fauser,"German, 1874–1947",German,male,1874,1947,,
1815,Jean Fautrier,"French, 1898–1964",French,male,1898,1964,Q537838,500002013
1816,Philippe Favier,"French, born 1957",French,male,1957,0,,
1817,André Favory,"French, 1888–1937",French,male,1888,1937,,
1818,Louis Favre,"French, 1892–1956",French,male,1892,1956,,
1819,John Fawcett,"American, born 1939",American,male,1939,0,,
1820,Carlos Faz Caimus,"Chilean, 1931–1953",Chilean,male,1931,1953,,
1821,Pericle Fazzini,"Italian, 1913–1987",Italian,male,1913,1987,Q472646,500012647
1823,Federico,American,American,,0,0,,
1824,Helmut Federle,"Swiss, born 1944",Swiss,male,1944,0,,
1825,Paul Feeley,"American, 1910–1966",American,male,1910,1966,Q7150600,500001039
1826,Hans Feibusch,"British, born Germany. 1898–1998",British,male,1898,1998,,
1827,Friedrich Feigl,"Czech,1884–1965",Czech,male,1884,1965,,
1828,Philip Fein,"American, 1912–1994",American,male,1912,1994,,
1830,Ed Feingersh,"American, 1925–1961",American,male,1925,1961,,
1831,Andreas Feininger,"American, born France. 1906–1999",American,male,1906,1999,Q497186,500031430
1832,Lyonel Feininger,"American, 1871–1956",American,male,1871,1956,Q158255,500115308
1833,Theodore Lux Feininger,"American, born Germany. 1910–2011",American,male,1910,2011,Q216570,500021971
1834,Harold Feinstein,"American, 1931–2015",American,male,1931,2015,Q5660652,
1835,Rochelle Feinstein,"American, born 1947",American,female,1947,0,,
1836,Lorser Feitelson,"American, 1898–1978",American,male,1898,1978,Q13476286,500011447
1837,Nathan I. Felde,"American, born 1948",American,male,1948,0,,
1838,Eugene Feldman,"American, 1921–1975",American,male,1921,1975,,
1839,Walter Feldman,"American, born 1925",American,male,1925,0,,
1840,Mark Feldstein,"American, born Italy 1937",American,male,1937,0,Q6767582,500068076
1841,Conrad Felixmüller,"German, 1897–1977",German,male,1897,1977,Q693095,500017719
1842,Weegee (Arthur Fellig),"American, born Zloczow, Austria-Hungary (now Zolochiv, Ukraine). 1899–1968
",American,male,1899,1968,Q445857,500032312
1843,Sandi Fellman,"American, born 1952",American,female,1952,0,,
1844,Frances Felten,"American, 1905–1976",American,female,1905,1976,,
1845,Jonas J. Fendell,"American, 1924–1994",American,male,1924,1994,,
1846,Albert Fenn,"American, 1912–1995",American,male,1912,1995,,
1847,Roger Fenton,"British, 1819–1869",British,male,1819,1869,Q345666,500017263
1848,William Fenton,British,British,male,0,0,,
1849,George J. Fenwick,British,British,male,0,0,,
1850,Serge (Comte Serge Jastrebzoff) Férat,"French, 1881–1958",French,male,1881,1958,,
1851,Herbert Ferber,"American, 1906–1991",American,male,1906,1991,Q765387,500068518
1853,Gerald Ferguson,"American, born 1937",American,male,1937,0,Q1509850,500060715
1854,Agustín Fernández,"Cuban, 1928–2006",Cuban,male,1928,2006,,
1855,Justino Fernández,"Mexican, 1904–1972",Mexican,male,1904,1972,Q1290349,500341795
1856,Gabriel Fernández Ledesma,"Mexican, 1900–1983",Mexican,male,1900,1983,,
1857,Jackie Ferrara,"American, 1929–2025",American,female,1929,2025,Q6116329,500007652
1858,Jorge Ferrari Hardoy,"Argentine, 1914–1977",Argentine,male,1914,1977,,
1859,León Ferrari,"Argentine, 1920–2013",Argentine,male,1920,2013,Q324030,500124517
1860,John Ferren,"American, 1905–1970",American,male,1905,1970,,500010015
1861,Rafael Ferrer,"American, born Puerto Rico 1933",American,male,1933,0,Q7282133,500070290
1862,Ronaldo Ferri,Nationality unknown,Nationality unknown,male,0,0,,
1863,Roger C. Ferri,"American, 1949–1991",American,male,1949,1991,,
1864,Gianfranco Ferroni,Italian,Italian,male,0,0,,
1865,Ferry's Art Gallery,American,American,,0,0,,
1866,Helene Fesenmaier,"American, 1937–2013",American,female,1937,2013,,
1867,William Fett,"American, 1918–2006",American,male,1918,2006,,
1868,Rainer Fetting,"German, born 1949",German,male,1949,0,Q325900,500053928
1869,Jed Robert Fielding,"American, born 1953",American,male,1953,0,,
1870,Ernest Fiene,"American, born Germany. 1894–1965",American,male,1894,1965,Q5393065,500000832
1871,Pedro Figari,"Uruguayan, 1861–1938",Uruguayan,male,1861,1938,Q1388990,500117196
1872,Charles Filiger,"French, 1863–1928",French,male,1863,1928,,
1873,Robert Filliou,"French, 1926–1987",French,male,1926,1987,Q469833,500027344
1874,Albert M. Fine,"American, 1932–1987",American,male,1932,1987,,
1875,Harvey J. Finison,"American, born 1916",American,male,1916,0,,
1876,Aaron Fink,"American, born 1955",American,male,1955,0,,
1877,Larry Fink,"American, 1941–2023",American,male,1941,2023,Q6490307,500059582
1878,Ian Hamilton Finlay,"British, 1925–2006",British,male,1925,2006,Q567547,500023934
1879,Howard Finster,"American, 1916–2001",American,male,1916,2001,Q5919636,500086788
1880,M. Fiorini,"Algerian, 1922–2008",Algerian,male,1922,2008,,
1881,Vittorio Fiorucci,"Canadian, born Italy, 1931–2008",Canadian,male,1931,2008,,
1882,Ida E. Fischer,"American, born Austria.1883–1956",American,female,1883,1956,,
1884,Lothar Fischer,"Nationality unknown, born 1933",Nationality unknown,male,1933,0,Q895865,
1885,R. M. Fischer,"American, born 1947",American,male,1947,0,,
1886,Else Fischer-Hansen,"Danish, 1905–1996",Danish,female,1905,1996,,
1887,Fritz Fischer-Nosbisch,"German, born 1919",German,male,1919,0,,
1888,Hella Fischer-Thorer,"German, 1928–1978",German,female,1928,1978,,
1889,Eric Fischl,"American, born 1948",American,male,1948,0,Q936534,500023590
1890,Hans Fischli,"Swiss, 1909–1989",Swiss,male,1909,1989,Q1579482,500030853
1891,Peter Fischli,"Swiss, born 1952",Swiss,male,1952,0,Q18618551,500101939
1892,Janet Fish,"American, born 1938",American,female,1938,0,Q6153341,500030854
1893,Vernon Fisher,"American, born 1943",American,male,1943,0,Q18669759,500107104
1895,Dean L. Fisher,"American, born 1923",American,male,1923,0,,
1896,Joel Fisher,"American, born 1947",American,male,1947,0,Q1670948,500102226
1897,Stanley Fisher,"American, born 1925",American,male,1925,0,,
1898,Stephen R. Fitch,American,American,male,0,0,,
1899,W. Grancel Fitz,"American, 1894–1963",American,male,1894,1963,,
1900,Victor Fitzgerald,British,British,male,0,0,,
1901,Edward Fitzgerald,Nationality unknown,Nationality unknown,male,0,0,,
1902,Floyd Fitzpatrick,American,American,male,0,0,,
1903,James Fitzsimmons,American,American,male,0,0,,
1904,Salvatore Fiume,"Italian, 1915–1997",Italian,male,1915,1997,Q966853,500100792
1905,Audrey Flack,"American, 1931–2024",American,female,1931,2024,Q537578,500025614
1906,James Montgomery Flagg,"American, 1877–1960",American,male,1877,1960,Q537266,500003051
1907,Barry Flanagan,"British, 1941–2009",British,male,1941,2009,Q257113,500017504
1908,John Flannagan,"American, 1898–1942",American,male,1898,1942,Q6233387,500028475
1909,Vaughn Flannery,"American, 1898–1955",American,,1898,1955,,
1910,Henry G. Flannery,American,American,male,0,0,,
1911,Dan Flavin,"American, 1933–1996",American,male,1933,1996,Q504395,500021736
1912,Karl Anton Fleck,"Austrian, 1928–1983",Austrian,male,1928,1983,,
1913,Adolf Richard Fleischmann,"German, 1892–1969",German,male,1892,1969,,
1914,Trude Fleischmann,"American, born Austria. 1895–1990",American,female,1895,1990,Q87807,500037207
1915,Alan Fletcher,"British, born Kenya 1931",British,male,1931,0,Q1683438,500125487
1916,Claude Flight,"British, 1881–1955",British,male,1881,1955,Q5128835,500016278
1918,Albert (Albert Mentzel) Flocon,"French, 1909–1946",French,male,1909,1946,,
1919,Eduard Flor,"Dutch, born 1925",Dutch,male,1925,0,,
1920,Thomas Florschuetz,"German, born 1957",German,male,1957,0,Q2423904,500331348
1921,Richard A. Florsheim,"American, 1916–1979",American,male,1916,1979,,
1922,Pierre Flouquet,"French, 1900–1967",French,male,1900,1967,,
1923,Johannes Foersom,"Danish, born 1943",Danish,male,1943,0,,
1926,Jean Follett,"American, 1917–1991",American,female,1917,1991,,
1927,Jean-Michel Folon,"Belgian, born 1934",Belgian,male,1934,0,Q1318360,500013336
1928,A. Foncelle,French,French,male,0,0,,
1929,Danny Ho Fong,"American, born China. 1915–1992",American,male,1915,1992,,
1930,Lucio Fontana,"Italian, born Argentina. 1899–1968",Italian,male,1899,1968,Q312392,500031629
1931,Rubén Fontana,"Argentine, born 1942",Argentine,male,1942,0,,
1932,Joan Fontcuberta,"Spanish, born 1955",Spanish,male,1955,0,Q3088175,500273878
1933,Ernesto Fontecilla,"Chilean, born 1938",Chilean,male,1938,0,,
1934,Fritz Foord,American,American,male,0,0,,
1935,Jean-Louis Forain,"French, 1852–1931",French,male,1852,1931,Q719614,500115211
1938,B. F. Ford,American,American,,0,0,,
1939,Lauren Ford,"American, 1891–1973",American,female,1891,1973,,
1940,Günther Förg,"German, 1952–2013",German,male,1952,2013,Q561184,500047248
1941,Pere Formiguera,"Spanish, born 1952",Spanish,male,1952,0,,
1942,Leander Fornas,"American, 1925–2014",American,male,1925,2014,,
1943,Raquel Forner,"Argentine, 1902–1988",Argentine,female,1902,1988,Q7294439,500116569
1944,James Forsberg,"American, 1919–1991",American,male,1919,1991,,
1945,Jan Forsberg,"Swedish, 1932–2018",Swedish,male,1932,2018,,
1947,Gerhard Forster,Italian,Italian,male,0,0,,
1948,Clyde Forsythe,"American, 1885–1962",American,male,1885,1962,,
1949,Karl Fortess,"American, born Belgium. 1907–1993",American,male,1907,1993,,
1950,Michel Fortier,"Canadian, born 1943",Canadian,male,1943,0,,
1951,Mariano Fortuny Y Madrazo,"Spanish, 1871–1949",Spanish,male,1871,1949,,
1952,Christian Fossier,"French, 1943–2013",French,male,1943,2013,,
1953,Foster Associates,"British, founded 1967",British,,1967,0,,
1954,Steven D. Foster,"American, born 1945",American,male,1945,0,,
1955,Fougasse (Cyril Kenneth Bird),"British, 1887–1965",British,male,1887,1965,Q5474110,500005942
1956,André Fougeron,"French, 1913–1998",French,male,1913,1998,Q2847772,500022199
1957,Léonard Tsuguharu Foujita,"French, born Japan, 1886–1968",French,male,1886,1968,,
1958,Llyn Foulkes,"American, born 1934",American,male,1934,0,Q1866972,500003139
1959,Gabriel Fournier,"French, 1893–1963",French,male,1893,1963,,
1960,Sheila Fournier,"British, 1930–2000",British,female,1930,2000,,
1961,Richard Alan Fox,"American, born 1949",American,male,1949,0,,
1962,Terry Fox,"American, 1943–2008",American,male,1943,2008,Q644867,500063852
1963,Hollis Frampton,"American, 1936–1984",American,male,1936,1984,Q477638,500063853
1964,Mercedes Franchini,"Italian, born 1895",Italian,male,1895,0,,
1965,Sam Francis,"American, 1923–1994",American,male,1923,1994,Q526470,500115537
1966,Richard Francisco,"American, born 1942",American,male,1942,0,,
1967,Franck,"French, 1816–1906",French,male,1816,1906,,
1968,Kaj Franck,"Finnish, 1911–1989",Finnish,male,1911,1989,Q909809,500103402
1969,Martine Franck,"Belgian, 1938–2012",Belgian,female,1938,2012,Q463070,500334577
1970,Huguette Franco,"French, born 1944",French,female,1944,0,,
1971,Josef Frank,"Swedish, born Austria. 1885–1967",Swedish,male,1885,1967,Q93847,500011201
1972,Mary Frank,"American, born 1933",American,female,1933,0,Q13560766,500013115
1973,Robert Frank,"American, born Switzerland.1924–2019",American,male,1924,2019,Q467574,500019916
1974,Helen Frankenthaler,"American, 1928–2011",American,female,1928,2011,Q235281,500115813
1975,Antonio Frasconi,"American, born Uruguay. 1919–2013",American,male,1919,2013,Q3610506,500030189
1976,Claud Lovat Fraser,"British, 1890–1921",British,male,1890,1921,Q5128638,500020207
1978,Gianfranco Frattini,"Italian, 1926–2004",Italian,male,1926,2004,,
1979,Charles Ray Frazier,"American, born 1930",American,male,1930,0,,
1981,David Fredenthal,"American, 1914–1958",American,male,1914,1958,,
1982,Karl Free,"American, 1903–1947",American,male,1903,1947,,
1983,Arthur Freed,"American, born 1936",American,male,1936,0,,
1984,David Freed,"American, born 1936",American,male,1936,0,,
1985,Barnett Freedman,British,British,male,0,0,Q4861627,500026787
1986,John Freeman,"American, born 1942",American,male,1942,0,,
1988,Mark Freeman,"American, born 1908",American,male,1908,0,,
1989,Jane Freilicher,"American, 1924–2014",American,female,1924,2014,Q16089924,500017408
1990,Jared French,"American, 1905–1988",American,male,1905,1988,Q3162702,500053389
1991,Leonard French,"Australian, born 1928",Australian,male,1928,0,Q465614,500083631
1992,Ray H. French,"American, 1919–2000",American,male,1919,2000,Q7297566,
1993,Lucian Freud,"British, born Germany. 1922–2011",British,male,1922,2011,Q154594,500116243
1994,David Freund,"American, born 1937",American,male,1937,0,,
1995,Peter Freudenthal,"Swedish, born 1938",Swedish,male,1938,0,,
1996,Otto Freundlich,"German, 1878–1943",German,male,1878,1943,Q699326,500030544
1997,Mary E. Frey,"American, born 1948",American,female,1948,0,,
1998,Robert Fried,"American, 1937–1975",American,male,1937,1975,,
1999,Elias Friedensohn,"American, born 1924",American,male,1924,0,,
2000,Johnny Friedlaender,"German, 1912–1992",German,male,1912,1992,,
2001,G. John Friedlander,American,American,male,0,0,,
2002,Lee Friedlander,"American, born 1934",American,male,1934,0,Q711391,500014327
2003,Arnold Friedman,"American, 1879–1946",American,male,1879,1946,Q4795053,500028092
2004,Benno Friedman,"American, born 1945",American,male,1945,0,,
2005,Dan Friedman,"American, born 1945",American,male,1945,0,Q3013066,500022578
2006,Julius K. Friedman,"American, born 1943",American,male,1943,0,,
2007,Ken Friedman,"American, born 1949",American,male,1939,0,,
2008,Robert N. Friedman,"American, born 1948",American,male,1948,0,,
2009,Susan Friedman,"American, born 1941",American,female,1941,0,,
2010,Christian (Johann Christianadolf) Friedrich,German,German,male,0,0,,
2011,Hartmut Friedrich,"German, born 1935",German,male,1935,0,,
2012,Othon Friesz,"French, 1879–1949",French,male,1879,1949,Q708482,500031339
2014,Elisabeth Frink,"British, 1930–1993",British,female,1930,1993,Q2575649,500032694
2015,Francis Frith,"British, 1822–1898",British,male,1822,1898,Q978878,500005649
2016,Katharina Fritsch,"German, born 1956",German,female,1956,0,Q273234,500047249
2017,A. G. Fronzoni,"Italian, 1923–2002",Italian,male,1923,2002,,
2018,Roger Fry,"British, 1866–1934",British,male,1866,1934,Q547470,500005106
2019,Stephen Frykholm,"American, born 1942",American,male,1942,0,,
2020,Hakuyo Fuchikami (淵上白陽),"Japanese, 1889–1960",Japanese,male,1889,1960,Q5640676,500318008
2021,Ernst Fuchs,"Austrian, 1930–2015",Austrian,male,1930,2015,Q112856,500115447
2023,Masahisa Fukase,"Japanese, 1934–2012",Japanese,male,1934,2012,Q2065928,500318019
2024,Fukita Fumiaki,"Japanese, born 1926",Japanese,male,1926,0,,
2025,Katsuji Fukuda,"Japanese, 1898–1991",Japanese,male,1898,1991,,
2026,Shigeo Fukuda,"Japanese, 1932–2009",Japanese,male,1932,2009,,
2027,Fukuhara Roso (福原 路草),"Japanese, 1892–1946",Japanese,male,1892,1946,,
2028,Fukui Ryonosuko,"Japanese, 1924–1986",Japanese,male,1924,1986,,
2030,R. Buckminster Fuller,"American, 1895–1983",American,male,1895,1983,Q102289,500015697
2031,Emily Fuller,"American, born 1941",American,female,1941,0,,
2032,Sue Fuller,"American, 1914–2006",American,female,1914,2006,,
2033,Hamish Fulton,"British, born 1946",British,male,1946,0,Q325142,500008342
2034,Barbara E. Fumagalli,"American, born 1926",American,female,1926,0,,
2035,Eugen Funk,"German, 1911–2004",German,male,1911,2004,,
2036,Jaromír Funke,"Czech, 1896–1945",Czech,male,1896,1945,Q6160514,500005599
2037,Shuji Furukawa,"Japanese, born 1926",Japanese,male,1926,0,,
2038,Albert Fuss,"German, 1889–1969",German,male,1889,1969,,
2039,Adam Fuss,"British, born 1961",British,male,1961,0,,
2040,Simon Fussell,"British, born 1945",British,male,1945,0,,
2041,Fussli,Swiss,Swiss,,0,0,,
2043,Naum Gabo,"American, born Russia. 1890–1977",American,male,1890,1977,Q309482,500115724
2044,Ada V. Gabriel,"American, 1898–1975",American,female,1898,1975,,
2045,Johannes Gachnang,"Swiss, 1939–2005",Swiss,male,1939,2005,,
2046,Wolfgang Gäfgen,"German, born 1936",German,male,1936,0,Q2589784,500090624
2047,Wanda Gág,"American, 1893–1946",American,female,1893,1946,Q1012900,500107586
2048,Robert Gage,"American, 1921–2000",American,male,1921,2000,,
2049,Oliver Gagliani,"American, born 1917",American,male,1917,0,,
2050,Robert Gair Company,American,American,,0,0,,
2051,Vasudeo S. Gaitonde,"Indian, 1924–2001",Indian,male,1924,2001,,
2052,Jacek Gaj,"Polish, born 1938",Polish,male,1938,0,,
2053,Démétrius Emmanuel Galanis,"French, 1882–1966",French,male,1882,1966,,
2054,Gale,American,American,,0,0,,
2055,Galo Galecio,"Ecuadorian, 1908–1993",Ecuadorian,male,1908,1993,,
2057,A. E. Gallatin,"American, 1881–1952",American,male,1881,1952,Q2117132,500115733
2058,Emile Gallé,"French, 1846–1904",French,male,1846,1904,Q275085,500094535
2059,Akseli Gallen-Kallela,"Finnish, 1865–1931",Finnish,male,1865,1931,Q170068,500015305
2060,Frank Gallo,"American, born 1933",American,male,1933,0,,
2061,Giuseppe Gallo,"Italian, born 1954",Italian,male,1954,0,,
2062,Christina Galvez,"Peruvian, 1918–1982",Peruvian,female,1918,1982,,
2064,José Gamarra,"Uruguayan, born 1934",Uruguayan,male,1934,0,,
2065,Abram Games,"British, 1914–1996",British,male,1914,1996,Q4669357,500184250
2066,David Gammon,"British, 1933–2005",British,male,1933,2005,,
2069,A. F. Gangkofner,"German, born 1921",German,,1921,0,,
2070,Paul Gangolf,"German, 1879–1936",German,male,1879,1936,,
2071,Emil Ganso,"American, 1895–1941",American,male,1895,1941,,
2072,Izika Gaon,"Israeli, born 1938",Israeli,,1938,0,,
2073,Claude Garache,"French, born 1929",French,male,1929,0,Q19755324,
2074,Domingo Garcia,"American, born 1932",American,male,1932,0,,
2075,Héctor García,"Mexican, 1923–2012",Mexican,male,1923,2012,,
2077,Clive Gardiner,"British, 1891–1960",British,male,1891,1960,,
2078,Lyn Gardiner,"American, born 1946",American,female,1946,0,,
2079,Alexander Gardner,"American, born Scotland. 1821–1882",American,male,1821,1882,Q661176,500115196
2081,Flor Garduño,"Mexican, born 1957",Mexican,female,1957,0,,
2082,Jedd Garet,"American, born 1955",American,male,1955,0,Q15455498,500011552
2084,Pablo Gargallo,"Spanish, 1881–1934",Spanish,male,1881,1934,Q456991,500010393
2085,Robert S. Gargiuli,American,American,male,0,0,,
2086,William A. Garnett,"American, 1916–2006",American,male,1916,2006,Q8009689,500003708
2087,Gerard Garouste,"French, born 1946",French,male,1946,0,,
2088,Paolo Gasparini,"Venezuelan, born Italy 1934",Venezuelan,male,1934,0,,
2089,Oronzo Gasparo,"American, 1903–1969",American,male,1903,1969,,
2090,Arnold Gassan,"American, 1930–2001",American,male,1930,2001,,
2091,Marco Gastini,"Italian, born 1938",Italian,male,1938,0,,
2092,Lee Gatch,"American, 1902–1968",American,male,1902,1968,Q15487727,500025517
2093,Simon Gate,"Swedish, 1883–1945",Swedish,male,1883,1945,Q2287506,500104354
2094,Piero Gatti,"Italian, 1940–2017",Italian,male,1940,2017,,
2095,Yves Gaucher,"Canadian, 1934–2000",Canadian,male,1934,2000,Q16014867,500014513
2096,Antoni Gaudí,"Spanish, 1852–1926",Spanish,male,1852,1926,Q25328,500014514
2097,Henri Gaudier-Brzeska,"French, 1891–1915",French,male,1891,1915,Q926308,500115741
2098,Paul Gauguin,"French, 1848–1903",French,male,1848,1903,Q37693,500011421
2099,August Gaul,"German, 1869–1921",German,male,1869,1921,,
2100,Winfred Gaul,"German, 1928–2003",German,male,1928,2003,Q2584135,500027427
2103,Johannes Gecelli,"German, 1925–2011",German,male,1925,2011,,
2104,Sonia Gechtoff,"American, 1926–2018",American,female,1926,2018,Q13560726,500017697
2105,William Gedney,"American, 1932–1989",American,male,1932,1989,Q8009745,500333532
2106,Peter Gee,"British, 1932–2005",British,male,1932,2005,Q7174197,500074193
2107,Gego (Gertrud Goldschmidt),"Venezuelan, born Germany. 1912–1994",Venezuelan,female,1912,1994,Q2698511,500117602
2108,Frank O. Gehry,"American, born Canada 1929",American,male,1929,0,Q180374,500010962
2109,Ronald R. Geibert,"American, born 1952",American,male,1952,0,,
2110,Anna Bella Geiger,"Brazilian, born 1933",Brazilian,female,1933,0,Q4766844,500116226
2111,Rupprecht Geiger,"German, 1908–2009",German,male,1908,2009,,
2112,Willi Geiger,"German, 1878–1971",German,male,1878,1971,,
2113,Udo M. Geissler,"German, born 1932",German,,1932,0,,
2114,Jan Gelb,"American, 1906–1978",American,female,1906,1978,,
2115,Hugo Gellert,"American, 1892–1985",American,male,1892,1985,Q1008996,500330278
2116,Robert Genin,"Russian, 1884–1943",American,male,1884,1943,,
2117,Nancy Genn,American,American,female,0,0,,
2118,Juan Genovés,"Spanish, 1930–2020",Spanish,male,1930,2020,,
2119,Arnold Genthe,"American, born Germany. 1869–1942",American,male,1869,1942,Q216070,500023229
2120,Franco Gentilini,"Italian, 1909–1981",Italian,male,0,0,Q3082379,500005239
2121,Vic Gentils,"Belgian, born Great Britain. 1919–1997",Belgian,male,1919,1997,Q828598,500031354
2122,George Passmore,"British, born 1942",British,male,1942,0,Q1524052,500055849
2123,Eric George,"British, born 1881",British,male,1881,0,,
2124,Thomas George,"American, 1918–2009",American,male,1918,2009,,
2125,Paul Georges,"American, 1923–2002",American,male,1923,2002,Q7150860,500022948
2126,Léon Gérard,French,French,male,0,0,,
2127,Valery Gerlovin,"Russian, born 1945",Russian,female,1945,0,,
2128,Rimma Gerlovina,"Russian, born 1951",Russian,female,1951,0,,
2129,Jules Germain,French,French,male,0,0,,
2130,Paul-Elie Gernez,"French, 1888–1948",French,male,1888,1948,,
2131,Bert Gerresheim,"German, born 1935",German,male,1935,0,,
2132,Ad Gerritsen,"Dutch, 1940–2015",Dutch,male,1940,2015,,
2133,Gershen-Newark,American,American,,0,0,,
2134,Moshe Gershuni,"Israeli, 1936–2017",Israeli,male,1936,2017,,
2136,Karl Gerstner,"Swiss, 1930–2017",Swiss,male,1930,2017,Q1707424,500047251
2137,Franz Gertsch,"Swiss, born 1930",Swiss,male,1930,0,Q116077,500006247
2139,Richart Gheym,Nationality unknown,Nationality unknown,male,0,0,,
2140,Mario Giacomelli,"Italian, 1925–2000",Italian,male,1925,2000,Q731595,500006396
2141,Alberto Giacometti,"Swiss, 1901–1966",Swiss,male,1901,1966,Q157194,500118871
2142,Augusto Giacometti,"Swiss, 1877–1947",Swiss,male,1877,1947,Q671236,500021952
2143,Cristos Gianakos,"American, born 1934",American,male,1934,0,,
2144,Umberto Giangrandi,"Colombian, born Italy 1943",Colombian,male,1943,0,,
2145,Charles Dana Gibson,"American, 1867–1944",American,male,1867,1944,,
2146,Ralph Gibson,"American, born 1939",American,male,1939,0,Q1233831,500094623
2147,Tim Gidal,"German, 1909–1996",German,male,1909,1996,Q103045,500036924
2148,Jill Giegerich,"American, born 1952",American,female,1952,0,,
2149,Josef Gielniak,"Polish, 1932–1972",Polish,male,1932,1972,,
2150,Roland Giguère,"Canadian, 1927–2003",Canadian,male,1929,2003,,
2151,Wim Gijzen,"Dutch, born 1941",Dutch,,1941,0,,
2152,Ruth Gikow,"American, 1915–1982",American,female,1915,1982,Q7383002,500008732
2154,Q. O. Gilbert,"American, 1884–1941",American,male,1884,1941,,
2158,Eric Gill,"British, 1882–1940",British,male,1882,1940,Q551426,500025465
2159,James Francis Gill,"American, born 1934",American,male,1934,0,Q1680453,500031667
2160,Gregory Gillespie,"American, born 1936",American,male,1936,0,,
2161,Sam Gilliam,"American, 1933–2022",American,male,1933,2022,Q2216478,500013570
2162,Françoise Gilot,"French, born 1921",French,male,1921,0,,
2163,Laura Gilpin,"American, 1881–1979",American,female,1881,1979,,
2164,Edgardo Miguel Gimenez,"Argentine, born 1942",Argentine,male,1942,0,,
2165,Wilhelm Gimmi,"Swiss, 1886–1960",Swiss,male,1886,1960,,
2166,Henri Ginet,"French, 1923–1970",French,male,1923,1970,,
2167,Allen Ginsberg,"American, 1926–1997",American,male,1926,1997,,
2168,Roy Ginstrom,"American, 1921–1977",American,male,1921,1977,,
2169,Paolo Gioli,"Italian, 1942–2022",Italian,male,1942,2022,,
2170,Fiorenzo Giorgi,Italian,Italian,male,0,0,,
2171,John Giorno,"American, 1936–2019",American,male,1936,2019,Q642513,
2172,Philip Gips,"American, born 1931",American,male,1931,0,,
2173,Girard,Nationality unknown,Nationality unknown,,0,0,,
2174,Fritz Girardin,Swiss,Swiss,,0,0,,
2176,Pierre Girieud,"French, 1875–1940",French,male,1875,1940,,
2177,Alberto Gironella,"Mexican, 1929–1999",Mexican,male,1929,1999,,
2178,Léon Gischia,"French, 1903–1991",French,male,1903,0,,
2179,A. Gisiger,Swiss,Swiss,,0,0,,
2180,Harry Gitlin,"American, 1914–1986",American,male,1914,1986,,
2181,Gits Molding Corp.,American,American,,0,0,,
2182,Len Gittleman,"American, born 1932",American,male,1932,0,,
2183,Allan Gittler (Avraham Bar Rashi),"American, 1928–2002",American,male,1928,2002,,
2184,William Glackens,"American, 1870–1938",American,male,1870,1938,Q1339934,500018884
2185,Glanzman-Parker,"American, 1952–1970",American,,1952,1970,,
2186,Fritz Glarner,"American, born Switzerland. 1899–1972",American,male,1899,1972,Q1466398,500026961
2187,Joseph Glasco,"American, 1925–1996",American,male,1925,1996,Q6283474,500021523
2188,Milton Glaser,"American, 1929–2020",American,male,1929,2020,Q1351481,500011653
2190,Otto Gleichmann,"German, 1887–1963",German,male,1887,1963,Q319627,500017055
2191,Albert Gleizes,"French, 1881–1953",French,male,1881,1953,Q711903,500001380
2193,Arnold Glimcher,"American, born 1938",American,male,1938,0,,
2194,H. Glintenkamp,"American, 1887–1946",American,male,1887,1946,,
2195,Hermann Glockner,German,German,male,0,0,,
2197,Nathan Gluck,Nationality unknown,Nationality unknown,male,0,0,,
2198,Domenico Gnoli,"Italian, 1933–1970",Italian,male,1933,1970,Q325489,500003910
2199,Robert Gober,"American, born 1954",American,male,1954,0,Q1353414,500118768
2200,Keith Godard,"British, born 1942",British,male,1942,0,,
2202,Charles L. Goeller,"American, 1901–1955",American,male,1901,1955,,
2203,Mathias Goeritz,"German, 1915–1990",German,male,1915,1990,Q64487,500023656
2204,Henri Goetz,"French, 1909–1989",French,male,1909,1989,,
2205,Giuseppe de Goetzen,"Italian, born 1921",Italian,male,1921,0,,
2206,Vincent van Gogh,"Dutch, 1853–1890",Dutch,male,1853,1890,Q5582,500115588
2207,Frank Gohlke,"American, born 1942",American,male,1942,0,Q5486891,500037192
2208,David Lance Goines,"American, born 1945",American,male,1945,0,,
2209,Ralph Goings,"American, 1928–2016",American,male,1928,2016,Q459309,500019481
2210,Eugene Omar Goldbeck,"American, 1892–1986",American,male,1892,1986,,
2212,Jim Goldberg,"American, born 1953",American,male,1953,0,,
2213,Michael Goldberg,"American, 1924–2007",American,male,1924,2007,Q1927568,500002151
2214,David Goldblatt,"South African, 1930–2018",South African,male,1930,2018,Q569669,500353345
2216,Rafael Goldchain,"Canadian, born 1953",Canadian,male,1953,0,,
2217,Shirley Goldfarb,"American, 1925–1980",American,female,1925,1980,,
2218,John Golding,"British, 1929–2012",British,male,1929,2012,,
2219,Morton Goldsholl,"American, 1911–1995",American,male,1911,1995,,
2220,Lloyd Goldsmith,"American, born 1945",American,male,1945,0,,
2221,Anne Goldthwaite,"American, 1869–1944",American,female,1869,1944,Q4768387,500027445
2222,Joseph Webster Golinkin,"American, 1896–1977",American,male,1896,1977,Q6283498,500053728
2223,Leon Golub,"American, 1922–2004",American,male,1922,2004,Q475655,500003430
2224,Mirta Gómez,"American, born Cuba 1953",American,female,1953,0,,
2226,Juan Gómez-Quiroz,"American, born 1939",American,male,1939,0,,
2227,Alexander Gonda,"German, 1905–1977",German,male,1905,1977,Q1440276,
2228,Leonel Gongora,"Colombian, 1932–1999",Colombian,male,1932,1999,,
2229,Natalia Goncharova,"Russian, 1881–1962",Russian,female,1881,1962,Q232391,500115630
2230,Roberto González Goyri,"Guatemalan, 1924–2007",Guatemalan,male,1924,2007,,
2231,Julio González,"Spanish, 1876–1942",Spanish,male,1876,1942,Q316531,500024353
2232,Sergio Gonzalez-Tornero,"Chilean, 1927–2020",Chilean,male,1927,2020,,
2233,Felix Gonzalez-Torres,"American, born Cuba. 1957–1996",American,male,1957,1996,Q1288359,500114715
2234,Gerald Gooch,"American, born 1933",American,male,1933,0,,
2235,T. F. Goodall,British,British,,0,0,,
2236,Joe Goode,"American, 1937–2025",American,male,1937,2025,Q6210073,500015487
2238,Jon Goodman,"American, born 1953",American,male,1953,0,,
2239,Mark Goodman,"American, born 1946",American,male,1946,0,,
2240,Sidney Goodman,"American, 1936–2013",American,male,1936,2013,,500003432
2241,Sam Goodman,"Canadian, 1919–1967",Canadian,male,1919,1967,,
2242,Robert Goodnough,"American, 1917–2010",American,male,1917,2010,Q7344845,500032447
2243,Walter Lippincott Goodwin,American,American,male,0,0,,
2244,John Goodyear,"American, 1930–2019",American,male,1930,2019,,
2245,Ron Gorchov,"American, 1930–2020",American,male,1930,2020,,
2246,Bonnie Gordon,"American, born 1941",American,female,1941,0,,
2247,David Gordon,"American, 1936–2022",American,male,1936,2022,,
2248,Harry Gordon,,,male,0,0,,
2249,Spencer Frederick Gore,"British, 1878–1914",British,male,1878,1914,Q1904003,500004711
2250,Jean Gorin,"French, 1899–1981",French,male,1899,1981,Q737882,500120829
2251,Wiktor Górka,"Polish, 1922–2004",Polish,male,1922,2004,,
2252,Arshile Gorky,"American, born Van Province, Ottoman Empire (now Turkey). c. 1904–1948",American,male,1904,1948,Q165648,500021392
2253,Tom Gormley,"American, born 1937",American,male,1937,0,,
2254,April Gornik,"American, born 1953",American,female,1953,0,Q4782029,500118770
2255,Fritz Goro,"American, born Germany. 1901–1986",American,male,1901,1986,Q1004027,
2256,Goro Ike,"Japanese, born 1911",Japanese,male,1911,0,,
2257,Mieczysław Górowski,"Polish, 1941–2011",Polish,male,1941,2011,Q6843589,500092140
2258,François Gos,"French, born 1880",French,male,1880,0,,
2259,Eberhard Göschel,"German, born 1943",German,male,1943,0,Q1279035,500341222
2260,John Gossage,"American, born 1946",American,male,1946,0,,
2261,W. T. Gossard,American,American,,0,0,,
2262,Sylvia Gosse,"British, 1881–1968",British,female,1881,1968,Q7660922,500029310
2263,Zbigniew Gostomski,"Polish, born 1932",Polish,male,1932,0,,
2264,Werner Gothein,"German, 1890–1968",German,male,1890,1968,,
2265,Joseph Goto,"American, 1916–1994",American,male,1916,1994,,
2266,Friedrich Karl Gotsch,"German, 1900–1984",German,male,1900,1984,Q1460214,500010197
2267,Hans Gött,"German, 1883–1974",German,male,1883,1974,,
2268,Adolph Gottlieb,"American, 1903–1974",American,male,1903,1974,Q365388,500004904
2269,Harry Gottlieb,"American, 1894–1992",American,male,1894,1992,,
2270,Robert P. Gottlieb,"American, 1921–1977",American,male,1921,1977,,
2271,Fernand Louis Gottlob,"French, 1873–1935",French,male,1873,1935,,
2272,Jacques-Enguérrand Gourgue,"Haitian, 1930–1996",Haitian,male,1930,1996,Q3710278,500334699
2273,Emmet Gowin,"American, born 1941",American,male,1941,0,Q5373484,500037046
2274,Francisco de Goya,"Spanish, 1746–1828",Spanish,male,1746,1828,Q5432,500118936
2275,Roy Grace,"American, born 1936",American,male,1936,0,,
2276,Werner Graeff,"German, 1901–1978",German,male,1901,1978,Q924094,500083866
2277,Camille Graeser,"Swiss, 1892–1980",Swiss,male,1892,1980,Q121000,500016403
2278,Carl Bernhard Graf,"Swiss, 1926–1968",Swiss,male,1926,1968,,
2279,Gottfried Graf,"German, 1881–1938",German,male,1881,1938,Q1539187,500090794
2280,Samuel Gragg,"American, 1772–1855",American,male,1772,1855,,
2281,Dan Graham,"American, 1942–2022",American,male,1942,2022,Q698436,500115596
2282,David Marshall Graham,"American, born 1952",American,male,1952,0,,
2284,John D. Graham,"American, born Ukraine. 1886–1961",American,male,1886,1961,Q2089948,500033062
2285,Lanier Graham,"American, born 1940",American,,1940,0,,
2286,Paul Graham,"British, born 1956",British,male,1956,0,Q522568,500036829
2287,Robert Graham,"American, 1938–2008",American,male,1938,2008,Q726136,500056024
2288,Walter Gramatté,"German, 1897–1929",German,male,1897,1929,Q639413,500009265
2289,Carlos Granada,"Colombian, 1933–2015",Colombian,male,1933,2015,,
2290,Toni Grand,"French, 1935–2005",French,male,1935,2005,,
2291,Eugenio Fernandez Granell,"Spanish, 1912–2001",Spanish,male,1912,2001,,
2292,Martus Granirer,"American, 1933–2017",American,male,1933,2017,,
2294,Duncan Grant,"British, 1885–1978",British,male,1885,1978,Q766166,500022746
2296,Graphicteam BDG,German,German,,0,0,,
2297,Grapus,"French, 1970–1991",French,,1970,1991,,
2298,James Bruce Grashow,"American, born 1942",American,male,1942,0,,
2300,Günter Grass,German,German,male,0,0,,
2301,Eugène Grasset,"French, born Switzerland. 1841–1917",French,male,1841,1917,,
2303,Gotthard Graubner,"German, 1930–2013",German,male,1930,2013,Q880775,500019542
2304,Gerardus Hendrik (Geert) Grauss,"Dutch, 1882–1929",Dutch,male,1882,1929,,
2305,Hein Gravenhorst,German,German,male,0,0,,
2306,A. Graves & Cie.,French,French,,0,0,,
2307,Ken Graves,"American, born 1942",American,male,1942,0,,
2308,Michael Graves,"American, 1934–2015",American,male,1934,2015,Q314636,500030109
2309,Morris Graves,"American, 1910–2001",American,male,1910,2001,Q1693440,500010825
2310,Nancy Graves,"American, 1940–1995",American,female,1940,1995,Q541831,500001464
2311,Wayne Gravning,"American, born 1935",American,male,1935,0,,
2312,Cleve Gray,"American, 1918–2004",American,male,1918,2004,,
2313,Eileen Gray,"Anglo-Irish, 1879–1976",British,female,1879,1976,Q438129,500017693
2314,Larry Gray,"American, born 1944",American,male,1944,0,,
2315,Ed Grazda,"American, born 1947",American,male,1947,0,,
2316,Sante Graziani,"American, 1920–2005",American,male,1920,2005,,
2318,Green,American,American,,0,0,,
2319,Alan Green,"British, born 1932",British,male,1932,0,Q19258714,500020070
2320,Randall Green,"American, born 1947",American,male,1947,0,,
2321,Balcomb Greene,"American, 1904–1990",American,male,1904,1990,Q4850256,500022015
2322,Gertrude Greene,"American, 1904–1956",American,female,1904,1956,Q5553319,500083195
2323,John B. Greene,"American, born France. 1832–1856",American,male,1832,1856,Q1699205,500023004
2324,Stephen Greene,"American, 1918–1999",American,male,1918,1999,,
2325,Timothy Greenfield-Sanders,"American, born 1952",American,male,1952,0,,
2326,B. Colin Greenly,"American, born 1928",American,male,1928,0,,
2327,Caroline Greenwald,American born 1936,American,female,1936,0,,
2328,Vittorio Gregotti,"Italian, born 1927",Italian,male,1927,0,Q679049,500033063
2329,Farrell Grehan,"American, 1926–2008",American,male,1926,2008,,
2330,April Greiman,"American, born 1948",American,female,1948,0,Q4782033,500058668
2332,Georg Gresko,German,German,male,0,0,Q1504506,
2333,Robert Gretczko,"American, born 1944",American,male,1944,0,,
2334,Hermann Gretsch,"German, 1895–1950",German,male,1895,1950,Q1611256,500072394
2335,Otto L. Grever,"American, 1878–1936",American,male,1878,1936,,
2336,Ezio Gribaudo,"Italian, 1929–2022",Italian,male,1929,2022,,
2337,Helmut A. P. Grieshaber,"German, 1909–1981",German,male,1909,1981,Q897247,500022714
2338,Fuller Griffith,"American, 1930–2013",American,male,1930,2013,,
2339,John Griffiths,British,British,male,0,0,,
2340,Franco Grignani,"Italian, 1908–1999",Italian,male,1908,1999,Q1442595,500054808
2341,Marcos Grigorian,"Iranian (naturalized American), born Russia. 1924–2007",Iranian,male,1924,2007,,
2343,William Grigsby,"American, born 1915",American,male,1915,0,,
2344,John Grillo,"American, 1917–2014",American,male,1917,2014,,
2345,Frieder Grindler,"German, born 1941",German,male,1941,0,Q1294178,
2346,Dimitri Grinevich,"Russian, 1895–1966",Russian,male,1895,1966,,
2347,Peter Grippe,"American, 1912–2002",American,male,1912,2002,Q7174391,500054246
2348,Salvatore Grippi,"American, born 1921",American,male,1921,0,,
2349,Juan Gris,"Spanish, 1887–1927",Spanish,male,1887,1927,Q151152,500015362
2350,Laura Grisi,"Italian, 1939–2017",Italian,female,1939,2017,,
2352,Alexis Gritchenko,"Ukrainian, 1883–1977",Ukrainian,male,1883,1977,,
2353,Nikolai Gritsouk,"Russian, 1922–1976",Russian,male,1922,1976,,
2354,René Groebli,"Swiss, born 1927",Swiss,male,1927,0,Q2144658,
2355,Glenn Grohe,"American, 1912–1956",American,male,1912,1956,,
2356,Marcel Gromaire,"French, 1892–1971",French,male,1892,1971,Q690155,500009137
2357,Red Grooms,"American, born 1937",American,male,1937,0,Q3422714,500008450
2358,Jan Groover,"American, 1943–2012",American,female,1943,2012,Q3431793,500037194
2359,Walter Gropius,"German, 1883–1969",German,male,1883,1969,Q61071,500028112
2360,William Gropper,"American, 1897–1977",American,male,1897,1977,Q972080,500031318
2361,Maurice Grosman,"American, 1900–1976",American,male,1900,1976,,
2362,Anthony Gross,"British, 1905–1984",British,male,1905,1984,Q4772637,500023370
2363,Arnold Gross,"Hungarian, 1929–2015",Hungarian,male,1929,2015,,
2364,Chaim Gross,"American, born Austria. 1904–1991",American,male,1904,1991,Q4976935,500033064
2365,Michael Gross,"Israeli, 1920–2004",Israeli,male,1920,2004,,
2366,Richard Gross,"Canadian, born 1943",Canadian,male,1943,0,,
2367,J. L. Grosse,American,American,,0,0,,
2368,Maurice Grosser,"American, 1903–1986",American,male,1903,1986,,
2369,Grosset & Trembley,Swiss,Swiss,,0,0,,
2370,André Grossman,German,German,male,0,0,,
2371,Sid Grossman,"American, 1913–1955",American,male,1913,1955,,
2372,Rudolf Grossmann,"German, 1882–1941",German,male,1882,1941,Q181956,500018748
2373,Robert Grosvenor,"American, 1937–2025",American,male,1937,2025,Q15432022,500053771
2374,George Grosz,"American, born Germany. 1893–1959",American,male,1893,1959,Q107194,500014558
2375,Jan Groth,"Norwegian, born 1938",Norwegian,male,1938,0,,
2376,Paul Grotz,"American, 1902–1990",American,male,1902,1990,,
2377,Gruppo N,"active 1959–1964 in Padua, Italy",,,1959,1964,,
2378,Beatrice Grover,"American, 1901–1994",American,,1901,1994,,
2379,Ronald L. Grow,"American, 1934–2012",American,male,1934,2012,,
2381,Bedrich Grunzweig,"American, born Czech Republic. 1910–2009",American,male,1910,2009,,
2382,Gruppo Architetti Urbanisti Città Nuova,"Italian, 1961–1991",Italian,,1961,1991,,
2383,Gryte,Nationality unknown,Nationality unknown,,0,0,,
2384,Carlo Guarienti,"Italian, born 1923",Italian,male,1923,0,,
2385,Nancy Guay Giesberger,"American, born 1945",American,female,1945,0,,
2386,Oswaldo Guayasamín,"Ecuadorian, 1919–1999",Ecuadorian,male,1919,1999,Q555200,500037784
2387,Klaas Gubbels,"Dutch, born 1934",Dutch,male,1934,0,,
2388,Max Gubler,"Swiss, 1898–1973",Swiss,male,1898,1973,,
2389,Piero Guccione,Italian,Italian,male,0,0,,
2390,Wayne Gudmundson,"American, born 1949",American,male,1949,0,,
2391,Svavar Guðnason,"Icelandic, 1909–1988",Icelandic,male,1909,1988,Q3481708,500100530
2392,Hermano José Guedes,Brazilian,Brazilian,male,0,0,,
2394,Jesús Guerrero Galvan,"Mexican, 1910–1973",Mexican,male,1910,1973,Q6188485,500071497
2395,José Guerrero,"American, 1914–1991",American,male,1914,1991,,
2396,Xavier Guerrero,"Mexican, 1896–1974",Mexican,male,1896,1974,Q8043247,500118498
2397,Giuseppe Guerreschi,"Italian, 1929–1985",Italian,male,1929,1985,Q3770738,500085610
2398,Hans Gugelot,"German, born Indonesia. 1920–1965",German,male,1920,1965,Q75989,500061200
2399,Maurice Guibert,"French, 1856–1913",French,male,1856,1913,,
2400,Alfredo Guido,"Argentine, 1892–1967",Argentine,male,1892,1967,,
2401,Alberto da Veiga Guignard,"Brazilian, 1895–1962",Brazilian,male,1895,1962,,
2402,Lurelle Guild,"American, 1898–1986",American,male,1898,1986,,
2404,Albert Guillaume,"French, 1873–1942",French,male,1873,1942,,
2407,Hector Guimard,"French, 1867–1942",French,male,1867,1942,Q316422,500009835
2409,Michel Guino,"French, 1926–2013",French,male,1926,2013,,
2410,Paolo Guiotto,"Italian, born 1935",Italian,male,1935,0,,
2411,Satish Gujral,"Indian, 1925–2020",Indian,male,1925,2020,Q7426282,500091206
2413,Yakov Guminer,"Russian, 1896–1942",Russian,male,1896,1942,,
2414,Jules Guran,Nationality unknown,Nationality unknown,male,0,0,,
2415,Melissa Gurdus,American,American,female,0,0,,
2416,J. Gurney,"American, 1812–1886",American,male,1812,1886,,
2419,Philip Guston,"American, born Canada. 1913–1980",American,male,1913,1980,Q701952,500023901
2420,F. Gutekunst,"American, 1831–1917",American,male,1831,1917,,
2422,John Gutmann,"American, born Germany. 1905–1998",American,male,1905,1998,Q216229,500033208
2423,Renato Guttuso,"Italian, 1912–1987",Italian,male,1912,1987,Q381277,500022749
2424,Charles Gwathmey,"American, 1938–2009",American,male,1938,2009,Q177256,500002529
2425,Robert Gwathmey,"American, 1903–1988",American,male,1903,1988,Q7345013,500004279
2426,Luke Gwilliam,American,American,male,0,0,,
2427,Brion Gysin,"American, 1916–1986",American,male,1916,1986,Q917570,500089445
2428,H.V.,Catalan,Spanish,,0,0,,
2429,Hans Haacke,"German, born 1936",German,male,1936,0,Q657647,500047257
2430,Kenneth D. Haak,"American, born 1923",American,male,1923,0,,
2431,Ernst Haas,"American, born Austria. 1921–1986",American,male,1921,1986,Q78767,500101880
2432,Hildegarde Haas,"American, 1926–2002",American,female,1926,2002,,
2433,Richard Haas,"American, born 1936",American,male,1936,0,Q2149687,500018500
2434,Volkmar Haase,German,German,male,0,0,,
2435,Terry Haass,"French, born Czechoslovakia. 1923–2016",French,female,1923,2016,Q2405602,500031546
2436,Sandi Haber Fifield,"American, born 1956",American,female,1956,0,,
2437,Reinhold Häcker,"Swiss, 1903–1976",Swiss,male,1903,1976,,
2439,Dimitri Hadzi,"American, 1921–2006",American,male,1921,2006,Q16017415,500056031
2440,Ronald L. Haeberle,"American, born 1941",American,male,1941,0,,
2441,Oswald Haerdtl,"Austrian, 1899–1959",Austrian,male,1899,1959,Q2036388,500075012
2442,Günter Haese,"German, 1924–2016",German,male,1924,2016,Q1560534,500108261
2443,M. Hafelmaier,Swiss,Swiss,,0,0,,
2444,Michael Hafftka,"American, born 1953",American,male,1953,0,Q6830898,500029182
2445,Hideo Haga,"Japanese, 1921–2022",Japanese,male,1921,2022,Q11615830,
2446,Otto Hagel,"American, 1909–1974",American,male,1909,1974,,
2447,Charles Hagen,"American, born 1942",American,male,1942,0,,
2448,Karl Hagenauer,"Austrian, 1898–1956",Austrian,male,1898,1956,,
2449,Hideoki Hagiwara,"Japanese, born 1942",Japanese,male,1942,0,,
2450,Hideo Hagiwara,"Japanese, 1913–2007",Japanese,male,1913,2007,,
2451,Raoul Hague,"American, born Constantinople. 1905–1993",American,male,1905,1993,,
2452,Betty Hahn,"American, born 1940",American,female,1940,0,,
2453,Johann Hahn,"Austrian, 1840–1900",German,male,1840,1900,,
2454,C. Haimovitz,American,American,,0,0,,
2455,Raymond Hains,"French, 1926–2005",French,male,1926,2005,Q317823,500016937
2456,Étienne Hajdu,"French, born Romania. 1907–1996",French,male,1907,1996,Q289711,500083324
2457,Otto Herbert Hajek,"German, 1927–2005",German,male,1927,2005,Q1902217,500024396
2458,Heinz Hajek-Halke,"German, 1898–1983",German,male,1898,1983,Q74614,500115263
2459,Peter Hajnoczky,"Swiss, born 1943",Swiss,male,1943,0,,
2460,George H. Hake,American,American,male,0,0,,
2461,Alice Halicka,"Polish, 1895–1975",Polish,female,1895,1975,,
2462,Bob Hall,"American, born 1951",American,male,1951,0,,
2464,Marshall Hall,American,American,male,0,0,,
2465,Nigel Hall,"British, born 1943",British,male,1943,0,Q1559115,500023553
2466,Hermann Haller,"Swiss, 1880–1950",Swiss,male,1880,1950,Q680826,500000874
2467,Peter Halley,"American, born 1953",American,male,1953,0,Q1642699,500115428
2468,Gary L. Hallman,"American, born 1940",American,male,1940,0,,
2469,Samuel Halpert,"American, 1884–1930",American,male,1884,1930,Q7411613,500009174
2470,Philippe Halsman,"American, born Latvia. 1906–1979",American,male,1906,1979,Q704572,500026767
2471,Chimei Hamada,"Japanese, 1917–2018",Japanese,male,1917,2018,Q11557994,500319096
2472,Yozo Hamaguchi,"Japanese, 1909–2000",Japanese,male,1909,2000,,
2473,Katsunori Hamanishi,"Japanese, born 1949",Japanese,male,1949,0,,
2475,Hiroshi Hamaya,"Japanese, 1915–1999",Japanese,male,1915,1999,Q1386695,500115292
2476,Theora Hamblett,"American, 1895–1977",American,female,1895,1977,Q18714041,500028647
2477,Jörg Hamburger,"Swiss, 1935–2014",Swiss,male,1935,2014,,
2478,Peter Hamburger,"American, born 1941",American,male,1941,0,,
2480,James Hamilton,"American, born 1928",American,male,1928,0,,
2481,Richard Hamilton,"British, 1922–2011",British,male,1922,2011,Q159465,500126033
2482,Hans Hammarskiold,"Swedish, 1925–2012",Swedish,male,1925,2012,Q5650111,
2483,Sid Hammer,"American, 1926–1969",American,male,1926,1969,,
2485,John Hays Hammond,"American, 1888–1965",American,male,1888,1965,,
2486,David Hammons,"American, born 1943",American,male,1943,0,Q320846,500114717
2487,Harry Handler,American,American,male,0,0,,
2488,Abraham P. Hankins,"American, 1904–1963",American,male,1904,1963,,
2489,Wolfgang Hanns,German,German,male,0,0,,
2490,Aage Helbig Hansen,"Danish, born 1915",Danish,male,1915,0,,
2491,Robert Hansen,"American, 1924–2013",American,male,1924,2013,,
2492,Bill Hanson,"American, 1928–2017",American,male,1928,2017,,
2493,David T. Hanson,"American, born 1948",American,male,1948,0,,
2494,Joseph Mellor Hanson,"British, 1900–1963",British,male,1900,1963,,
2495,Simon Hantaï,"French, born Hungary. 1922–2008",Hungarian,male,1922,2008,Q870924,500024642
2496,Michio Hanyu,"Japanese, born 1933",Japanese,male,1933,0,,
2497,Charles Harbutt,"American, 1935–2015",American,male,1935,2015,Q5078759,500083469
2498,Marvin Harden,"American, born 1935",American,male,1935,0,,
2499,Elizabeth Harding,American,American,female,0,0,,
2500,John Harding,"American, born 1940",American,male,1940,0,,
2501,Robert Hardmeyer,"Swiss, 1876–1919",Swiss,male,1876,1919,,
2502,Dudley Hardy,"British, 1867–1922",British,male,1867,1922,Q5790356,500014364
2503,Chauncey Hare,"American, 1934–2019",American,male,1934,2019,,
2504,David Hare,"American, 1917–1992",American,male,1917,1992,Q465126,500049547
2505,Keith Haring,"American, 1958–1990",American,male,1958,1990,Q485635,500024253
2507,Richard Harlfinger,"Austrian, 1873–1948",Austrian,male,1873,1948,Q2149702,500069800
2508,Guy Harloff,"French, 1933–1991",French,male,1933,1991,,
2509,Irving Harper,"American, 1916–2015",American,male,1916,2015,,
2510,Richard Harrington,"Canadian, born Germany. 1911–2005",Canadian,male,1911,2005,Q7326279,500344268
2511,Alexander E. Harris,"American, born 1949",American,male,1949,0,,
2512,Kate Harris,British,British,female,0,0,,
2513,L. Harris,,,,0,0,,
2514,Margaret Harris,American,American,female,0,0,,
2515,Paul Harris,"American, 1925–2018",American,male,1925,2018,,
2516,Anthony Harrison,British,British,male,0,0,,
2517,Alfred A. Hart,"American, 1816–1908",American,male,1816,1908,Q4722191,500068712
2518,Claudia Hart,"American, born 1955",American,female,1955,0,,
2519,"George Overbury (""Pop"") Hart","American, 1868–1933",American,male,1868,1933,Q19795994,500027420
2520,Grace Hartigan,"American, 1922–2008",American,female,1922,2008,Q535581,500027518
2521,Marsden Hartley,"American, 1877–1943",American,male,1877,1943,Q553259,500012910
2522,Cedric Hartman,"American, born 1929",American,male,1929,0,,
2523,Rosella Hartman,"American, 1894–1984",American,female,1894,1984,,
2524,Erich Hartmann,"American, 1922–1999",American,male,1922,1999,Q71242,
2525,Hans Hartung,"French, born Germany. 1904–1989",French,male,1904,1989,Q657402,500003694
2526,Josef Hartwig,"German, 1880–1955",German,male,1880,1955,Q18626560,
2527,J.D.H. Harvey,British,British,,0,0,,
2529,Kiyoshi Hasegawa,"Japanese, 1891–1980",Japanese,male,1891,1980,,
2530,Saburo Hasegawa,"Japanese, 1906–1957",Japanese,male,1906,1957,,
2531,Jan Hashey,"American, born 1938",American,female,1938,0,,
2532,Childe Hassam,"American, 1859–1935",American,male,1859,1935,Q737635,500018088
2533,Rafael Hastings,"Peruvian, born 1945",Peruvian,male,1945,0,,
2534,Kawase Hasui,"Japanese, 1883–1957",Japanese,male,1883,1957,,
2535,Makio Hasuike,"Japanese, born 1938",Japanese,male,1938,0,,
2536,Peter Hatch,British,British,male,0,0,,
2537,Hatsuo Ikeuchi,Japanese,Japanese,male,0,0,,
2538,Shigeru Hatsuyama,"Japanese, 1897–1973",Japanese,male,1897,1973,,
2539,Pierre Haubensak,"Swiss, born 1935",Swiss,male,1935,0,Q2093524,500072009
2540,Declan Haun,"American, 1937–1994",American,male,1937,1994,,
2541,Suzanne Hausammann,"American, born 1937",American,female,1937,0,,
2542,Johann Hauser,"Czech, 1926–1996",Czech,male,1926,1996,,
2543,Carry (Carl Maria) Hauser,"Austrian, 1895–1985",Austrian,female,1895,1985,,
2544,Raoul Hausmann,"German, born Austria. 1886–1971",German,male,1886,1971,Q84503,500013293
2545,Paul Haustein,"German, 1880–1944",German,male,1880,1944,Q2060039,
2546,Ashley Havinden,"British, 1903–1973",British,male,1903,1973,,
2547,"Clementina, Lady Hawarden","British, 1822–1865",British,female,1822,1865,Q2143075,500115878
2548,Elizabeth King Hawley,"American, 1833–1926",American,female,1833,1926,,
2549,Markus Hawlik,"German, born 1951",German,male,1951,0,,
2550,E. Hawthorne,British,British,,0,0,,
2551,Kirsten Hawthorne,"American, born 1949",American,female,1949,0,,
2552,Alex Hay,"American, born 1930",American,male,1930,0,Q19644275,500122496
2553,Yoshio Hayakawa,"Japanese, born 1917",Japanese,male,1917,0,,
2554,Henri Hayden,"French, born Poland. 1883–1970",French,male,1883,1970,Q1607477,500006216
2555,David V. Hayes,"American, 1931–2013",American,male,1931,0,,
2556,Louis Hayet,"French, 1864–1940",French,male,1864,1940,,
2557,Frank Jay Haynes,"American, 1853–1921",American,male,1853,1921,Q5487536,500018648
2558,Stanley William Hayter,"British, 1901–1988",British,male,1901,1988,Q641304,500010689
2559,Nicholas Ház,"American, born Hungary. 1883–1953",American,male,1883,1953,,
2560,Frank Hazenplug,"American, 1874–1931",American,male,1874,1931,,
2561,Howard Head,"American, 1914–1991",American,male,1914,1991,Q5794673,
2562,Jack Heaney,American,American,male,0,0,,
2563,Dennis Hearne,"American, born 1947",American,male,1947,0,,
2564,Dave Heath,"American, 1931–2016",American,male,1931,2016,Q18422135,500059859
2565,Edith Heath,"American, 1911–2005",American,female,1911,2005,Q5338564,500336601
2566,Milton Elting Hebald,"American, 1917–2015",American,male,1917,2015,Q6861141,500100834
2567,Caroline Hebbe-Hammarskiold,"Swedish, 1930–2018",Swedish,female,1930,2018,,
2568,Joseph Hecht,"Polish, 1891–1951",Polish,male,1891,1951,,
2569,Erich Heckel,"German, 1883–1970",German,male,1883,1970,Q156700,500032971
2570,Wally Hedrick,"American, 1928–2003",American,male,1928,2003,Q7963381,500091864
2571,Jon Hedu,"American, 1914–1995",American,male,1914,1995,,
2572,Willy Heeks,"American, born 1951",American,male,1951,0,,
2573,Henry Heerup,"Danish, 1905–1993",Danish,male,1905,1993,,
2574,Maria Hees,"Dutch, born 1948",Dutch,female,1948,0,,
2575,Bernhard Heiliger,"German, 1915–1995",German,male,1915,1995,Q813581,500025399
2576,Michael Heindorff,German,German,male,0,0,Q19645625,500018494
2577,Thomas Theodor Heine,"German, 1867–1948",German,male,1867,1948,Q216004,500031323
2578,Robert Heinecken,"American, 1931–2006",American,male,1931,2006,Q7345382,500101250
2580,Michael Heizer,"American, born 1944",American,male,1944,0,Q558432,500023902
2581,John Hejduk,"American, 1929–2000",American,male,1929,2000,Q1270804,500028903
2582,Walter Helbig,"German, 1878–1968",German,male,1878,1968,Q1482415,500047836
2583,Al Held,"American, 1928–2005",American,male,1928,2005,Q1301849,500026154
2584,Riva Helfond,"American, 1910–2002",American,female,1910,2002,,
2586,Jean Hélion,"French, 1904–1987",French,male,1904,1987,Q728088,500071676
2587,Nancy Hellebrand,"American, born 1944",American,female,1944,0,,
2589,"J.A. Henckels, Solingen, Germany",est. 1731,,,1731,0,,
2590,Alexander Henderson,"Canadian, 1831–1913",Canadian,male,1831,1913,,
2591,Geoffrey Hendricks,"American, 1931–2018",American,male,1931,2018,,
2593,Fritz Henle,"American, born German. 1909–1993",American,male,1909,1993,Q85731,500014771
2594,Jan Henle,"American, born 1948",American,male,1948,0,,
2595,Florence Henri,"Swiss, born United States. 1893–1982",Swiss,female,1893,1982,Q443429,500000126
2596,Frederick H. K. Henrion,"British, 1914–1990",British,male,1914,1990,Q7900618,500225125
2597,Bill Henry,American,American,male,0,0,,
2598,"Henry Disston & Sons, Inc.","American, established 1840",American,,1840,0,,
2599,William E. Hentschel,"American, 1892–1962",American,male,1892,1962,,
2600,Barbara Hepworth,"British, 1903–1975",British,female,1903,1975,Q234109,500010387
2601,Henri (Paul Herrmann) Héran,"German, 1864–1940",German,male,1864,1940,,
2602,Auguste Herbin,"French, 1882–1960",French,male,1882,1960,Q706359,500023239
2603,Arsène Herbinier,French,French,,0,0,,
2607,Albin J. Herek,"American, 1912–1977",American,male,1912,1977,,
2608,Hanns Herkendell,German,German,male,0,0,,
2609,Erik Herløw,"Danish, 1913–1991",Danish,male,1913,1991,,
2612,Anthony Hernandez,"American, born 1947",American,male,1947,0,,
2613,Joan Hernández Pijuan,"Spanish, 1931–2005",Spanish,male,1931,2005,Q1455806,500014460
2614,Helena Hernmarck,"Swedish, born 1941",Swedish,female,1941,0,,
2615,Georg Herold,"German, born 1947",German,male,1947,0,,
2616,Jacques Hérold,"Romanian, 1910–1991",Romanian,male,1910,1991,,
2617,Patrick Heron,British,British,male,0,0,,
2618,Luis Herrera Guevara,"Chilean, 1891–1945",Chilean,male,1891,1945,,
2620,Marcia Herscovitz,"American, born 1945",American,female,1945,0,,
2621,Albert Herter,"American, 1871–1950",American,male,1871,1950,Q556534,500024105
2623,Eva Hesse,"American, born Germany. 1936–1970",American,female,1936,1970,Q215457,500026528
2624,Robert Joseph Hettel,American,American,male,0,0,,
2625,Raymonde Heudebert,"French, 1905–1991",French,male,1905,1991,,
2626,Wout van Heusden,Dutch,Dutch,male,0,0,,
2627,Anton Heyboer,"Dutch, 1924–2005",Dutch,male,1924,2005,Q321632,500029890
2628,Ken Heyman,"American, 1930–2019",American,male,1930,2019,,
2629,Antonin Heythum,American 1901–1954,American,male,1901,1954,,
2630,Hibner,Polish,Polish,,0,0,,
2631,Sheila Hicks,"American, born 1934",American,female,1934,0,Q3481752,500110474
2632,Nankoku Hidai,"Japanese, 1912–1999",Japanese,male,1912,1999,,
2633,Yukio Hideshima,"Japanese, 1934–2018",Japanese,male,1934,2018,,
2634,Kenneth Hiebert,"American, born 1930",American,male,1930,0,,
2635,Higa Yoshiharu,"Japanese, born 1938",Japanese,male,1938,0,,
2636,Chester Higgins Jr.,"American, born 1946",American,male,1946,0,,
2637,Dick Higgins,"American, born England. 1938–1998",American,male,1938,1998,Q1209700,500034921
2638,Edward Higgins,"American, born 1930",American,male,1930,0,Q1292537,500193827
2641,Ernest C. Higgins,"American, born 1915",American,male,1915,0,,
2642,Jene Highstein,"American, 1942–2013",American,male,1942,2013,Q14917544,500079235
2643,Susumu Higuchi,"Japanese, born 1922",Japanese,male,1922,0,,
2644,Rowland Hilder,"British, born 1905",British,male,1905,0,,
2645,Hilaire Hiler,"American, 1898–1966",American,male,1898,1966,Q5760733,500107774
2646,Charles Christopher Hill,"American, born 1948",American,male,1948,0,,
2647,Clinton Hill,"American, born 1922",American,male,1922,0,Q5134148,500065362
2648,David Octavius Hill,"British, 1802–1870",British,male,1802,1870,Q722792,500019476
2649,Vernon Hill,"British, 1886–1971",British,male,1886,1971,,
2650,Hille,Nationality unknown,Nationality unknown,,0,0,,
2651,John Hillers,"American, 1843–1925",American,male,1843,1925,Q3496023,500025352
2652,Tristram Hillier,"British, 1905–1983",British,male,1905,1983,,
2653,Hans Hillmann,"German, born Silesia (now Poland), 1925–2014",German,male,1925,2014,Q1579734,500077669
2654,Fannie Hillsmith,"American, 1911–2007",American,female,1911,2007,Q5433958,500069895
2655,Hans Himbert,"Swedish, born 1951",Swedish,male,1951,0,,
2656,Harvey Himelfarb,"American, born 1941",American,male,1941,0,,
2657,Lewis Wickes Hine,"American, 1874–1940",American,male,1874,1940,Q347194,500115193
2658,Charles Hinman,"American, born 1932",American,male,1932,0,,
2659,Kit Hinrichs,"American, born 1941",American,male,1941,0,,
2660,K. Hinterberger,German,German,,0,0,,
2661,Hans Hinterreiter,"Swiss, 1902–1989",Swiss,male,1902,1989,,
2662,Randal Richard Hinz,"American, born 1944",American,male,1944,0,,
2663,Philippe Hiquily,"French, 1925–2013",French,male,1925,2013,,
2664,Key Hiraga,"Japanese, 1936–2000",Japanese,male,1936,2000,,
2665,Un'ichi Hiratsuka,"Japanese, 1895–1997",Japanese,male,1895,1997,,
2667,Joseph Hirsch,"American, 1910–1981",American,male,1910,1981,Q6284010,500011505
2668,Stefan Hirsch,"American, 1899–1964",American,male,1899,1964,,500024254
2669,Ludwig Hirschfeld-Mack,"German, 1893–1965",German,male,1893,1965,Q215162,500054290
2670,Milton Hirschl,"American, 1917–1999",American,male,1917,1999,,
2671,Morris Hirshfield,"American, born Poland. 1872–1946",American,male,1872,1946,Q182014,500013633
2672,Terry Hirst,"American, born 1950",American,male,1950,0,,
2673,Franz Hitzler,"German, born 1946",German,male,1946,0,Q1447261,500070551
2674,Erik Hjorth,"Danish, 1906–1982",Danish,male,1906,1982,,
2675,Hannah Höch,"German, 1889–1978",German,female,1889,1978,Q463411,500014841
2676,Rick McKee Hock,"American, 1949–2015",American,male,1949,2015,,
2677,Antonius Höckelman,"German, 1937–2000",German,male,1937,2000,,
2678,David Hockney,"British, born 1937",British,male,1937,0,Q159907,500017273
2679,Howard Hodgkin,"British, 1932–2017",British,male,1932,2017,Q950746,500027570
2681,Ferdinand Hodler,"Swiss, 1853–1918",Swiss,male,1853,1918,Q214564,500027184
2682,Gerhard Hoehme,"German, 1920–1989",German,male,1920,1989,Q1511779,500019617
2683,Fred J. Hoertz,Nationality unknown,Nationality unknown,male,0,0,,
2684,Beth Van Hoesen,"American, 1926–2010",American,female,1926,2010,,
2685,Paul van Hoeydonck,"Belgian, born 1925",Belgian,male,1925,0,Q553403,500019236
2686,Karl Hofer,"German, 1878–1955",German,male,1878,1955,Q62249,500015138
2687,Charles Hoff,"American, 1905–1975",American,male,1905,1975,,
2688,Arlene Hoffman,"American, born 1937",American,female,1937,0,,
2689,Bernard Hoffman,"American, 1913–1979",American,male,1913,1979,,
2690,Lee Hoffman,"American, born 1942",American,male,1942,0,,
2691,Lilly E. Hoffman,American,American,female,0,0,,
2692,Phillip W. Hoffman,"American, born 1936",American,male,1936,0,,
2693,Wolf Hoffman,German,German,male,0,0,,
2694,Josef Hoffmann,"Austrian, 1870–1956",Austrian,male,1870,1956,Q84250,500019177
2695,Alfred Hofkunst,"Swiss, born Austria. 1942–2004",Swiss,male,1942,2004,,
2696,Rudolf Hoflehner,"Austrian, 1916–1995",Austrian,male,1916,1995,Q1401377,500019514
2697,Armin Hofmann,"Swiss, 1920–2020",Swiss,male,1920,2020,Q3335167,500085144
2698,Hans Hofmann,"American, born Germany. 1880–1966",American,male,1880,1966,Q215461,500024228
2699,Christopher Martin Hofstetter,"Swiss, born 1944",Swiss,male,1944,0,,
2700,Ludwig Hohlwein,"German, 1874–1949",German,male,1874,1949,Q314525,500071930
2702,Steven Holl,"American, born 1947",American,male,1947,0,Q451141,500004830
2703,Tom Holland,"American, born 1936",American,male,1936,0,,
2705,Hans Hollein,"Austrian, 1934–2014",Austrian,male,1934,2014,Q78884,500030211
2706,Roger Hollenbeck,American,American,male,0,0,,
2707,Gordon Holler,"American, born 1935",American,male,1935,0,,
2708,Torben Holmback,"Danish, born 1933",Danish,,1933,0,,
2709,Frank Graham Holmes,"American, 1878–1954",American,male,1878,1954,,
2710,William Henry Holmes,American,American,male,0,0,,
2711,Robert Holmgren,"American, born 1946",American,male,1946,0,,
2712,Pieter Holstein,"Dutch, born 1934",Dutch,male,1934,0,,
2713,Carl Holty,"American, 1900–1973",American,male,1900,1973,Q5040332,500031692
2714,Jenny Holzer,"American, born 1950",American,female,1950,0,Q270388,500047276
2715,Friedl Holzer-Kjellberg,"Finnish, born Austria. 1905–1993",Finnish,male,1905,1993,,
2716,David Holzman,"American, 1943–2017",American,male,1943,2017,,
2717,Lorenzo Homar,"Puerto Rican, 1913–2004",Puerto Rican,male,1913,2004,,
2719,Gottfried Honegger,"Swiss, 1917–2016",Swiss,male,1917,2016,Q115873,500027064
2720,Göran Hongell,"Finnish, 1902–1973",Finnish,male,1902,1973,,
2721,Ethelyn Honig,"American, born 1933",American,female,1933,0,,
2722,Dorothy Hood,"American, 1918–2000",American,female,1918,2000,,
2723,John Hoover,"American, born 1919",American,male,1919,0,,
2724,Saara Hopea,"Finnish, 1925–1984",Finnish,female,1925,1984,,
2725,Charles Hopkinson,"American, 1869–1962",American,male,1869,1962,Q5079125,500003076
2726,Edward Hopper,"American, 1882–1967",American,male,1882,1967,Q203401,500031212
2728,Barbara Horosko,"American, born 1950",American,female,1950,0,,
2729,Bruce Horowitz,"American, born 1949",American,male,1949,0,,
2730,Nathan George Horwitt,"American, 1898–1990",American,male,1898,1990,Q6969072,
2733,Koyo Hosoe,"Japanese, 1920–2003",Japanese,male,1920,2003,,
2734,Hosoda Masayoshi,Japanese,Japanese,male,0,0,,
2735,Eikoh Hosoe,"Japanese, 1933–2024",Japanese,male,1933,2024,Q2564831,500115535
2736,Takeichi Hotta,"Japanese, born 1940",Japanese,male,1940,0,,
2737,Gordon House,British,British,male,0,0,,
2738,Keith Hovis,American,American,male,0,0,,
2739,Coy Howard,"American, born 1943",American,male,1943,0,,
2740,Eloise Howard,"American, 1889–1985",American,female,1889,1985,,
2741,Peter Howson,"British, born 1958",British,male,1958,0,Q711799,500063340
2742,John Hoyland,"British, 1934–2011",British,male,1934,2011,,
2743,Alfred Hrdlicka,"Austrian, born 1928",Austrian,male,1928,0,,
2744,Hermann Huber,"Swiss, 1888–1967",Swiss,male,1888,1967,,
2745,Max Huber,"Italian, born Switzerland. 1919–1992",Italian,male,1919,1992,Q612578,500258183
2746,Patriz Hüber,"German, 1878–1902",German,male,1878,1902,,
2747,Robert Hudson,"American, born 1938",American,male,1938,0,Q4494583,500056055
2748,Richard Hudson,American,American,male,0,0,,
2749,Douglas Huebler,"American, 1924–1997",American,male,1924,1997,Q248070,500001196
2751,Patrick Hughes,"British, born 1939",British,male,1939,0,,
2752,Ralph Hughes,"American, born 1923",American,male,1923,0,,
2753,Toni Hughes,"American, 1907–?",American,female,1907,0,,
2755,Georges Hugnet,"French, 1906–1974",French,male,1906,1974,Q458721,500025276
2756,Ian (Hugh Guiler) Hugo,"American, 1898–1985",American,male,1898,1985,Q12317395,
2757,Jean Hugo,"French, 1894–1984",French,male,1894,1984,,
2758,Valentine Hugo,"French, 1890–1968",French,female,1890,1968,Q3553651,500092209
2759,Sipke Huismans,Dutch,Dutch,male,0,0,,
2761,John Hultberg,"American, 1922–2005",American,male,1922,2005,Q16016476,500030565
2763,Sandy Hume,"American, born 1946",American,male,1946,0,,
2765,Ralph Humphrey,"American, 1932–1990",American,male,1932,1990,,
2766,Hundertwasser (Friedrich Stowasser),"Austrian, 1928–2000",Austrian,male,1928,2000,Q151836,500005179
2767,Bryan Hunt,"American, born 1947",American,male,1947,0,Q2225576,500007768
2768,"Edward C. (""Pa"") Hunt","American, 1870–1934",American,male,1870,1934,,
2769,Richard Hunt,"American, 1935–2023",American,male,1935,2023,Q7326615,500124131
2770,John Hunter,"American, born 1934",American,male,1934,0,,
2771,Max Hunziker,Nationality unknown,Nationality unknown,male,0,0,,
2772,Robert Huot,"American, born 1935",American,male,1935,0,,
2773,Dudley Huppler,"American, 1917–1988",American,male,1917,1988,,
2774,Frank Hurley,"Australian, 1885–1962",Australian,male,1885,1962,,
2775,Michael Hurson,"American, 1941–2007",American,male,1941,2007,,
2776,Luchita Hurtado,"American, born Venezuela. 1920–2020",American,female,1920,2020,,
2777,Gene Hurwitt,"American, 1906–1988",American,male,1906,1988,,
2778,Sidney Jack Hurwitz,American,American,male,0,0,,
2779,Dalla Husband,"Canadian, 1899–1945",Canadian,female,1899,1945,,
2780,Terry Husebye,"American, born 1945",American,male,1945,0,,
2781,Vilmos Huszár,"Dutch, born Hungary. 1884–1960",Dutch,male,1884,1960,Q781561,500012149
2782,Peter Hutchinson,"British, born 1930",British,male,1930,0,Q2075842,500107080
2784,Paul Huxley,British born 1938,British,male,1938,0,,
2785,Garth Huxtable,"American, 1911–1989",American,male,1911,1989,,
2786,Kyu-Baik Hwang,"Korean, born 1932",Korean,male,1932,0,,
2787,Lisa Hyatt,"American, born 1949",American,female,1949,0,,
2788,Philip Hyde,"American, born 1921",American,male,1921,0,,
2789,Scott Hyde,"American, 1926–2021",American,male,1926,2021,,
2791,Henri-Gabriel Ibels,"French, 1867–1936",French,male,1867,1936,Q2084619,500016306
2792,Arinori Ichihara,"Japanese, 1910–2010",Japanese,male,1910,2010,,
2793,Tetsuya Ichimura,"Japanese, born 1930",Japanese,male,1930,0,Q7706942,
2794,Paul Ickovic,"American, born 1944",American,male,1944,0,,
2795,Shoichi Ida,"Japanese, 1941–2006",Japanese,male,1941,2006,,
2796,Sakiko Ide,"Japanese, 1927–1975",Japanese,female,1927,1975,,
2797,Takenobu Igarashi,"Japanese, born 1944",Japanese,male,1944,0,,
2798,Yoshiaki Iida,"Japanese, born 1947",Japanese,male,1947,0,,
2799,Kyo Ikebe,Japanese,Japanese,male,0,0,,
2800,Ikeda Fumio (pen Name: Suijo),"Japanese, born 1912",Japanese,male,1912,0,,
2801,Ikeda Masuo (池田満寿夫),"Japanese, 1934–1997",Japanese,male,1934,1997,Q2345434,500319869
2803,Narahara Ikkō (奈良原一高),"Japanese, 1931 – 2020",Japanese,male,1931,2020,Q3148431,500323083
2804,Hisae Imai,"Japanese, 1931–2009",Japanese,female,1931,2009,,
2805,Toshimitsu Imai,"Japanese, 1928–2002",Japanese,male,1928,2002,,
2806,Birney Imes III,"American, born 1951",American,male,1951,0,Q16149026,500034771
2807,Jörg Immendorff,"German, 1945–2007",German,male,1945,2007,Q75858,500047382
2809,Akira Inada,"Japanese, born 1949",Japanese,male,1949,0,,
2810,Inagaki Tomoo,"Japanese, 1902–1980",Japanese,male,1902,1980,,
2811,Gérald Incandela,"American, born Tunisia 1952",American,male,1952,0,,
2812,Robert Indiana,"American, 1928–2018",American,male,1928,2018,Q169281,500015478
2813,Anthony Ingolia,"American, born 1921",American,male,1921,0,,
2814,Robert Ingram,"American, 1901–1990",American,male,1901,1990,,
2815,Mark Innerst,"American, born 1957",American,male,1957,0,,
2816,Genichiro Inokuma,"Japanese, 1902–1993",Japanese,male,1902,1993,Q11571917,
2817,Will Insley,"American, 1929–2011",American,male,1929,2011,Q1756415,500008843
2820,Eugène Ionesco,"French, 1909–1994",French,male,1909,1994,,
2821,Jean Ipoustéguy,"French, 1920–2006",French,male,1920,2006,Q695148,500003494
2822,Angelo Ippolito,"American, 1922–2001",American,male,1922,2001,,
2823,David Ireland,"American, born 1930",American,male,1930,0,Q5235360,500008538
2824,Richard W. Ireland,"American, born 1925",American,male,1925,0,,
2825,Carlos Irizarry,"American, born Puerto Rico, 1938–2017",American,male,1938,2017,,
2826,Marcos Irizarry,"American, born Puerto Rico. 1936–1995",American,male,1936,1995,,
2828,Robert Irwin,"American, 1928–2023",American,male,1928,2023,Q7345814,500022899
2829,Rolf Iseli,"Swiss, born 1934",Swiss,male,1934,0,Q120540,500000854
2830,Hortense B. Isenberg,American,American,female,0,0,,
2832,Sheila Isham,"American, born 1927",American,female,1927,0,,
2833,Shuji Ishii,"Japanese, 1916 – 1997",Japanese,male,1916,1997,,
2834,Yasuhiro Ishimoto,"Japanese, born United States. 1921–2012",Japanese,male,1921,2012,Q2139869,500036883
2835,Eiko Ishioka,"Japanese, 1938–2012",Japanese,female,1938,2012,Q297935,
2836,Yukihisa Isobe,"Japanese, born 1936",Japanese,male,1936,0,,
2837,Arata Isozaki,"Japanese, born 1931",Japanese,male,1931,0,Q317135,500024090
2838,Marvin Israel,"American, 1924–1984",American,male,1924,1984,,
2839,Robert Israel,"American, born 1939",American,male,1939,0,,
2840,Jozef Israels,"Dutch, 1824–1911",Dutch,male,1824,1911,Q528460,500012980
2841,Junichi Itahashi,"Japanese, born 1942",Japanese,male,1942,0,,
2842,Kenji Itoh,"Japanese, born 1915",Japanese,male,1915,0,,
2843,Johannes Itten,"Swiss, 1888–1967",Swiss,male,1888,1967,Q123138,500029154
2844,Graciela Iturbide,"Mexican, born 1942",Mexican,female,1942,0,,
2845,Olja Ivanjicki,"Serbian, 1931–2009",Serbian,female,1931,2009,,
2846,Earl Iversen,"American, born 1943",American,male,1943,0,,
2847,Norman Ives,"American, 1923–1978",American,male,1923,1978,,
2848,Koji Iwagami,"Japanese, born 1951",Japanese,male,1951,0,,
2849,Reika Iwami,"Japanese, born 1927",Japanese,female,1927,0,,
2850,Takeji Iwamiya,"Japanese, 1920–1989",Japanese,male,1920,1989,,
2851,Yoshiyuki Iwase,"Japanese, 1904–2001",Japanese,male,1904,2001,,
2852,Iyola Kingwatsiak,"Inuit and Canadian, 1933–2000",Canadian Inuit,male,1933,2000,,
2853,Izis,"French, 1911–1980",French,male,1911,1980,Q377537,500083464
2854,Shigeru Izumi,"Japanese, 1922–1995",Japanese,male,1922,1995,,
2855,Christian Jaccard,"French, born 1939",French,male,1939,0,,
2856,Joseph Jachna,"American, 1935–2016",American,male,1935,2016,,
2857,Bill Jacklin,"British, born 1943",British,male,1943,0,,
2858,Robert Jacks,"Australian, born 1943",Australian,male,1943,0,,
2859,Gerald Jackson,"American, born 1936",American,male,1936,0,,
2860,Jean Jackson,American,American,female,1877,1968,,
2861,Martin Jackson,"American, 1919–1986",American,male,1919,1986,,
2862,Oliver Jackson,"American, born 1935",American,male,1935,0,Q20089922,500072660
2863,William Henry Jackson,"American, 1843–1942",American,male,1843,1942,Q1971889,500030913
2864,David Jacob,"American, born 1928",American,male,1928,0,,
2865,Max Jacob,"French, 1876–1944",French,male,1876,1944,Q156214,500016649
2866,Walter Jacob,"German, 1893–1964",German,male,1893,1964,,
2867,Aldo Jacober,"Italian, born 1939",Italian,male,1939,0,,
2868,Lotte Jacobi,"American, born Germany. 1896–1990",American,female,1896,1990,Q70006,500032009
2869,Arne Jacobsen,"Danish, 1902–1971",Danish,male,1902,1971,Q273572,500033072
2871,Alexandra Nikolaevna Jacobson,Russian,Russian,female,0,0,,
2872,James J. Jacobson,American,American,male,0,0,,
2874,Alain Jacquet,"French, 1939–2008",French,male,1939,2008,Q325079,500012048
2875,Yvonne Jacquette,"American, 1934–2023",American,female,1934,2023,Q8062463,500016178
2876,Willy Jaeckel,"German, 1888–1944",German,male,1888,1944,,
2878,N. Jay Jaffee,"American, 1921–1999",American,male,1921,1999,,
2879,Shirley Jaffe,"American, 1923–2016",American,female,1923,2016,,
2880,Christopher P. James,"American, born 1947",American,male,1947,0,,
2881,Marcel Janco,"Israeli, 1895–1984",Israeli,male,1895,1984,Q366217,500029855
2882,Sidney Janis,"American, 1896–1989",American,male,1896,1989,,
2883,Tony Jannetti,"American, born 1947",American,male,1947,0,,
2884,Alain Jans,French,French,male,0,0,,
2885,Angela Jansen,"American, born 1929",American,female,1929,0,,
2886,Franz Maria Jansen,"German, 1885–1958",German,male,1885,1958,,
2887,Horst Janssen,"German, 1929–1995",German,male,1929,1995,Q454650,500003059
2888,Richard Janthur,"German, 1883–1956",German,male,1883,1956,,
2889,Rudolph Janu,"American, born 1934",American,male,1934,0,,
2890,Théophile Jaquen,French,French,male,0,0,,
2891,Richards Jarden,"American, born 1947",American,male,1947,0,,
2892,Evandro Carlos Jardim,Brazilian,Brazilian,male,0,0,,
2893,Alfred Jarry,"French, 1873–1907",French,male,1873,1907,Q7841,500199881
2895,Valerie Jaudon,"American, born 1945",American,female,1945,0,,
2896,Alexei Jawlensky,"Russian, 1864–1941",Russian,male,1864,1941,Q156426,500017981
2898,Marcel Jean,"French, 1900–1993",French,male,1900,1993,Q3289050,500022344
2899,Pierre Jeanneret,"Swiss, 1896–1967",Swiss,male,1896,1967,Q115575,500004442
2900,Jeff (Jeff Russell),"American, born 1942",American,male,1942,0,,
2901,Werner Jeker,"Swiss, born 1944",Swiss,male,1944,0,,
2902,Paul Jenkins,"American, 1923–2012",American,male,1923,2012,Q477429,500007772
2903,Thomas Jenkins,"American, 1953–2008",American,male,1953,2008,,
2904,Neil Jenney,"American, born 1945",American,male,1945,0,Q825963,500115643
2905,Payne Jennings,"British, 1843–1926",British,male,1843,1926,,
2906,Alfred Jensen,"American, born Guatemala. 1903–1981",American,male,1903,1981,Q1147721,500031242
2907,Bill Jensen,"American, born 1945",American,male,1945,0,Q17385654,500062279
2909,Jacob Jensen,"Danish, 1926–2015",Danish,male,1926,2015,Q476012,
2911,Floris Jespers,"Belgian, 1889–1965",Belgian,male,1889,1965,Q3074339,500016405
2912,Oscar Jespers,"Belgian, 1887–1970",Belgian,male,1887,1970,Q2246222,500068023
2913,Jess,"American, 1923–2004",American,male,1923,2004,Q4228019,500030886
2914,Luis Jimenez,"American, 1940–2006",American,male,1940,2006,,
2915,Max Jiménez,"Costa Rican, 1908–1949",Costa Rican,male,1908,1949,,
2916,Edith Jimenez,"Paraguayan, 1918–2004",Paraguayan,female,1918,2004,,
2918,Carl H. Johansen III,American,American,,0,0,,
2919,Patricia Johanson,"American, born 1940",American,female,1940,0,Q2057205,500022249
2920,Augustus John,"British, 1878–1961",British,male,1878,1961,Q562540,500018892
2921,Gwen John,"British, 1876–1939",British,female,1876,1939,Q274339,500009240
2922,Jiří John,"Czech, 1923–1972",Czech,male,1923,1972,,
2923,Jasper Johns,"American, born 1930",American,male,1930,0,Q155057,500022247
2924,Clifton Johnson,"American, 1865–1940",American,male,1865,1940,,
2925,Daniel LaRue Johnson,"American, 1938–2017",American,male,1938,2017,,
2926,Lester F. Johnson,"American, 1919–2010",American,male,1919,2010,Q6531887,500028168
2927,Philip Johnson,"American, 1906–2005",American,male,1906,2005,Q183528,500014481
2928,Ray Johnson,"American, 1927–1995",American,male,1927,1995,Q178040,500006906
2929,Ynez Johnston,"American, 1920–2019",American,female,1920,2019,,
2930,Joan Jonas,"American, born 1936",American,female,1936,0,Q453808,500058309
2931,Allen Jones,"British, born 1937",British,male,1937,0,Q701564,500019636
2932,Edward Powis Jones,"American, 1919–1998",American,male,1919,1998,,
2933,Harold Jones,"American, born 1940",American,male,1940,0,Q1585855,500027805
2934,Joe Jones,"American, 1934–1993",American,male,1934,1993,Q15452777,500194066
2935,John Paul Jones,"American, 1924–1999",American,male,1924,1999,Q6252227,500004971
2936,Pirkle Jones,"American, 1914–2009",American,male,1914,2009,Q2105219,500037107
2937,Robert Edmond Jones,"American, 1887–1954",American,male,1887,1954,Q7343960,500024504
2938,Charles Jongejans,Dutch,Dutch,male,0,0,,
2939,Raymond Jonson,"American, 1891–1982",American,male,1891,1982,,
2940,Sven Jonson,"Swedish, 1902–1981",Swedish,male,1902,1981,,
2941,Paul Joostens,"Belgian, 1889–1960",Belgian,male,1889,1960,,
2942,Raymond Jordan,"American, born 1895",American,male,1895,0,,
2943,Asger Jorn,"Danish, 1914–1973",Danish,male,1914,1973,Q83578,500007669
2944,Kenneth Josephson,"American, born 1932",American,male,1932,0,Q6390284,500001279
2945,Henri-Gustave Jossot,"French, 1866–1951",French,male,1866,1951,Q3038792,500091116
2946,Bernard Joubert,"French, born 1946",French,male,1946,0,,
2947,Carl Jakob Jucker,"Swiss, 1902–1997",Swiss,male,1902,1997,,
2948,Donald Judd,"American, 1928–1994",American,male,1928,1994,Q250293,500010358
2949,Finn Juhl,"Danish, 1912–1989",Danish,male,1912,1989,Q1058936,500086302
2950,Sven-Eric Juhlin,"Swedish, born 1940",Swedish,male,1940,0,,
2951,Mervin Jules,"American, 1912–1994",American,male,1912,1994,,500002020
2952,Bishin Jumonji,"Japanese, born 1947",Japanese,male,1947,0,Q2904676,500341387
2953,Dora Jung,"Finnish, 1906–1980",Finnish,female,1906,1980,Q11856286,
2954,Theodor Jung,"American, born Austria. 1906–1996",American,male,1906,1996,,
2955,J. P. Junot,French,French,,0,0,,
2956,Joan Junyer,"American, born Spain. 1904–1994",American,male,1904,1994,,
2957,Robert Kabak,"American, born 1930",American,male,1930,0,,
2958,Fred Kabotie,"Hopi (Native American), 1900–1986",Native American,male,1900,1986,,
2960,Reuben Kadish,"American, 1913–1992",American,male,1913,1992,,
2961,Menashe Kadishman,"Israeli, 1932–2015",Israeli,male,1932,2015,,
2962,Kafemann,Nationality unknown,Nationality unknown,,0,0,,
2963,Frida Kahlo,"Mexican, 1907–1954",Mexican,female,1907,1954,Q5588,500030701
2964,Louis I. Kahn,"American, born Estonia. 1901–1974",American,male,1901,1974,Q210134,500027669
2965,Max Kahn,"American, born Russia. 1902–2005",American,male,1902,2005,,
2966,Richard Kahn,"American, born 1947",American,male,1947,0,,
2967,Wolf Kahn,"American, born Germany. 1927–2020",American,male,1927,2020,,
2968,Jacob Kainen,"American, 1909–2001",American,male,1909,2001,,
2969,Leopold von Kalckreuth,"German, 1855–1928",German,male,1855,1928,,
2970,Viaceslav Kalinin,"Russian, born 1939",Russian,male,1939,0,,
2971,Horst-Egon Kalinowski,"German, 1924–2013",German,male,1924,2013,Q1629289,500057594
2972,Simpson Kalisher,"American, 1926–2023",American,male,1926,2023,,
2973,Richard Kalvar,"American, born 1944",American,male,1944,0,Q7326984,
2974,Yusaku Kamekura,"Japanese, 1915–1997",Japanese,male,1915,1997,Q834449,500125898
2975,Takahisa Kamijyo,"Japanese, born 1940",Japanese,male,1940,0,,
2977,Gerome Kamrowski,"American, 1914–2004",American,male,1914,2004,,
2978,Consuelo Kanaga,"American, 1894–1978",American,female,1894,1978,Q3687666,500109790
2979,Kanamori Yoshio,"Japanese, born 1922",Japanese,male,1922,0,,
2980,Eizi Kanbayashi,Japanese,Japanese,male,0,0,,
2981,Vasily Kandinsky,"French, born Russia. 1866–1944",French,male,1866,1944,Q61064,500021093
2982,John Kane,"American, born Scotland. 1860–1934",American,male,1860,1934,Q6242451,500002849
2983,Bob Kane,"American, 1937–2013",American,male,1937,2013,,
2984,Matsumi Kanemitsu,"American, 1922–1992",American,male,1922,1992,,
2985,Sam Kaner,"American, 1924–1990",American,male,1924,1990,,
2986,Mitsuo Kano,"Japanese, born 1933",Japanese,male,1933,0,,
2987,Alexander Kanoldt,"German, 1881–1939",German,male,1881,1939,,
2988,Morris Kantor,"American, born Russia. 1896–1974",American,male,1896,1974,Q3344179,500007201
2989,Tim Kantor,"American, born 1932",American,male,1932,0,,
2990,Herbert W. Kapitzki,"German, 1925–2005",German,male,1925,2005,,
2991,Anatoli Lvovich Kaplan,"Russian, 1902–1980",Russian,male,1902,1980,Q338350,500013148
2993,Jerome Kaplan,"American, 1920–1997",American,male,1920,1997,,
2994,Peggy Jarrell Kaplan,"American, born 1943",American,female,1943,0,,
2995,Anish Kapoor,"British, born India 1954",British,male,1954,0,Q327293,500005997
2996,Susan Kaprov,"American, born 1946",American,female,1946,0,,
2997,Allan Kaprow,"American, 1927–2006",American,male,1927,2006,Q366380,500031037
2998,Janusz Kapusta,"Polish, born 1951",Polish,male,1951,0,,
2999,Erica Karawina,"German, 1904–2003",German,female,1904,2003,,
3000,Dennis Kardon,"American, born 1950",American,male,1950,0,,
3002,"Karhula-Iitala, company design",Finnish,Finnish,,0,0,,
3004,Wolf Karnagel,"German, born 1940",German,male,1940,0,,
3005,Gaston Karquel,"French, 1906–1971",French,male,1906,1971,,
3006,Yousuf Karsh,"Armenian-Canadian born Mardin, Ottoman Empire (now Turkey). 1908–2002",Canadian,male,1908,2002,Q312859,500013272
3007,Kasai,Nationality unknown,Nationality unknown,,0,0,,
3008,Gertrude Käsebier,"American, 1852–1934",American,female,1852,1934,Q271918,500011698
3009,Pentti Kaskipuo,"Finnish, born 1930",Finnish,male,1930,0,,
3010,Lajos Kassák,"Hungarian, 1887–1967",Hungarian,male,1887,1967,Q736847,500017906
3011,Barbara Kasten,"American, born 1936",American,female,1936,0,,
3012,Karl Kasten,"American, 1916–2010",American,male,1916,2010,,
3013,William Katavolos,"American, 1924–2020",American,male,1924,2020,,
3014,Hideichiro Katayama,"Japanese, born 1926",Japanese,,1926,0,,
3015,Koji Kato,"Japanese, 1917–1997",Japanese,male,1917,1997,,
3016,Alex Katz,"American, born 1927",American,male,1927,0,Q919265,500022493
3017,Joel Katz,,American,male,1958,0,,
3018,Leo Katz,"American, born Czechoslovakia. 1887–1982",American,male,1887,1982,,
3019,Herbert Katzman,"American, 1923–2004",American,male,1923,2004,,
3020,E. McKnight Kauffer,"American, 1890–1954",American,male,1890,1954,Q319819,500023586
3021,Craig Kauffman,"American, 1932–2010",American,male,1932,2010,Q5181110,500009190
3022,Donald  Kaufman,"American, born 1935",American,male,1935,0,,
3023,Max Kaufman,"American, born Russia",American,male,0,0,,
3024,Pettus Kaufman,American,American,male,0,0,,
3025,Willy Kaufmann,"Swiss, born 1932",Swiss,male,1932,0,,
3026,Max Kaus,"German, 1891–1977",German,male,1891,1977,,
3027,Kikuji Kawada (川田 喜久治),"Japanese, born 1933",Japanese,male,1933,0,Q1741217,500129056
3028,Kawakami Sumio,"Japanese, 1895–1972",Japanese,male,1895,1972,,
3029,Kawanishi Hide,"Japanese, 1894–1965",Japanese,male,0,0,Q11479178,
3030,On Kawara,"Japanese, 1933–2014",Japanese,male,1933,0,Q698256,500120601
3031,Takeshi Kawashima,"Japanese, born 1930",Japanese,male,1930,0,,
3032,J. P. Kayser Sohn,"German, established 1814",German,,1814,0,,
3033,Kayserzinn Workshop,German,German,,0,0,,
3034,Kazuko Miyamoto,"Japanese, born 1942",Japanese,female,1942,0,,
3035,Jerry Kearns,"American, born 1943",American,male,1943,0,,
3037,Pat Keely,"British, 1901–1970",British,male,1901,1970,,
3038,Kim Keever,"American, born 1950",American,female,1950,0,,
3039,Neysa McMein,American,American,,0,0,,
3041,Ernst Keller,"Swiss, 1891–1968",Swiss,male,1891,1968,,
3042,Henry George Keller,"American, 1869–1949",American,male,1869,1949,Q5724263,500030342
3044,Douglas Kelley,"American, born 1928",American,male,1928,0,,
3045,Mike Kelley,"American, 1954–2012",American,male,1954,2012,Q543294,500118776
3046,Jean Kellogg,"American, 1910–1995",American,female,1910,1995,,
3047,Daniel Kelly,"American, born 1947",American,male,1947,0,,
3048,Ellsworth Kelly,"American, 1923–2015",American,male,1923,2015,Q544899,500004975
3049,James Kelly,"American, 1913–2003",American,male,1913,2003,,
3050,Leon Kelly,"American, 1901–1982",American,male,1901,1982,,
3051,Richard Kelly,"American, 1910–1977",American,male,1910,1977,Q3430924,500272774
3052,Sherman L. Kelly,"American, 1869–1952",American,male,1869,1952,,
3053,Paul Kelpe,"American, 1902–1985",American,male,1902,1985,,
3054,Richard Kemble,"American, 1932–2007",American,male,1932,2007,,
3055,Zoltan Kemeny,"Swiss, born Hungary. 1907–1965",Swiss,male,1907,1965,Q218951,500031473
3056,Roland Kempe,Swedish,Swedish,male,0,0,,
3057,William Sargent Kendall,"American, 1869–1938",American,male,1869,1938,,
3058,Mel Kendrick,"American, born 1949",American,male,1949,0,Q6810748,500105598
3059,Isamu Kenmochi,"Japanese, 1912–1971",Japanese,male,1912,1971,,
3060,Clarence Kennedy,"American, 1892–1972",American,male,1892,1972,,
3061,Gene Kennedy,"American, born 1946",American,male,1946,0,,
3062,Eric Henri Kennington,"British, 1888–1960",British,male,1888,1960,Q5386876,500026057
3065,Rockwell Kent,"American, 1882–1971",American,male,1882,1971,Q114405,500006820
3066,Colleen Frances Kenyon,"American, born 1951",American,female,1951,0,,
3067,György Kepes,"American, born Hungary. 1906–2001",American,male,1906,2001,Q721633,500028012
3068,Juliet Kepes,"American, born England. 1919–1999",American,female,1919,1999,,
3069,G. Ray Kerciu,"American, born 1933",American,male,1933,0,,
3071,Eugène Nestor de Kermadec,"French, 1899–1976",French,male,1899,1976,,
3072,André Kertész,"American, born Hungary. 1894–1985",American,male,1894,1985,Q241754,500019907
3073,Alan Kessler,"American, born 1945",American,male,1945,0,,
3074,Jon Kessler,"American, born 1957",American,male,1957,0,Q6271047,500099368
3075,Robert Glenn Ketchum,"American, born 1947",American,male,1947,0,,
3076,Mar Jean Kettunen,"American, born 1926",American,female,1926,0,,
3078,Bhupen Khakhar,"Indian, 1934–2003",Indian,male,1934,2003,,
3079,Krishen Khanna,"Indian, born 1925",Indian,male,1925,0,,
3081,Henry Khudyakov,"Russian, born 1930",Russian,male,1930,0,,
3082,Kiawak Ashoona,"Inuit and Canadian, 1933–2014",Canadian Inuit,male,1933,2014,,
3083,Michael Kidner,"British, 1917–2009",British,male,1917,2009,Q6831868,500028839
3085,Hubert Kiecol,"German, born 1950",German,male,1950,0,Q1633247,500047389
3086,Anselm Kiefer,"German, born 1945",German,male,1945,0,Q170344,500047395
3087,William Kienbusch,"American, 1914–1980",American,male,1914,1980,,
3088,Edward Kienholz,"American, 1927–1994",American,male,1927,1994,Q583959,500028686
3090,Günther Kieser,"German, born 1930",German,male,1930,0,Q1561578,
3091,Frederick Kiesler,"American, born Austria-Hungary. 1890–1965",American,male,1890,1965,Q113775,500031038
3092,Ken Kiff,"British, 1935–2001",British,male,1935,2001,Q6387949,500014643
3093,Mokuma Kikuhata,"Japanese, 1935–2020",Japanese,male,1935,2020,,
3094,Chris Killip,"British, 1946–2020",British,male,1946,2020,Q1077407,500037054
3095,Kenneth Kilstrom,"American, 1922–1995",American,male,1922,1995,,
3096,Tchah-Sup Kim,"Korean, born 1942",Korean,male,1942,0,,
3097,Ihei Kimura,"Japanese, 1901–1974",Japanese,male,1901,1974,Q3106591,500115328
3098,Kosuke Kimura,"Japanese, born 1936",Japanese,male,1936,0,,
3099,Risaburo Kimura,"Japanese, born 1924",Japanese,male,1924,0,,
3100,Shigeru Kimura,Japanese,Japanese,male,0,0,,
3101,David Kindersley,"British, born 1915",British,male,1915,0,,
3102,Bruce Anthony King,"Canadian, 1934–2017",Canadian,male,1934,2017,,
3104,Phillip King,"British, born Tunisia. 1934–2021",British,male,1934,2021,Q479622,500005402
3105,W. B. King,"American, 1880–1927",American,,1880,1927,,
3106,Dong Kingman,"American, 1911–2000",American,male,1911,2000,Q5295749,500028862
3107,Hazel Kingsbury,"American, 1907–1982",American,female,1907,1982,,
3108,Jonah Kinigstein,"American, born 1923",American,male,1923,0,,
3109,Tomio Kinoshita,"Japanese, 1923–2014",Japanese,male,1923,2014,,
3110,Darius Kinsey,"American, 1869–1945",American,male,1869,1945,Q902064,500022282
3111,Martin Kippenberger,"German, 1953–1997",German,male,1953,1997,Q736247,500069290
3112,Yasuhiro Kira,"Japanese, born 1947",Japanese,male,1947,0,,
3113,Michael Kirby,"American, 1931–1997",American,male,1931,1997,,
3114,Guenther C. Kirchberger,"German, born 1928",German,male,1928,0,,
3115,Ernst Ludwig Kirchner,"German, 1880–1938",German,male,1880,1938,Q229272,500027704
3116,Alain Kirili,"French, 1946–2021",French,male,1946,2021,Q2829958,500087833
3117,Eve Kirk,"British, 1900–1969",British,female,1900,1969,,
3118,Per Kirkeby,"Danish, 1938–2018",Danish,male,1938,2018,Q467462,500047396
3119,Toshiyuki Kita,"Japanese, born 1942",Japanese,male,1942,0,,
3120,Shozo Kitadai,"Japanese, 1921–2001",Japanese,male,1921,2001,Q7506250,500125474
3121,R. B. Kitaj,"American, 1932–2007",American,male,1932,2007,Q569505,500007852
3122,Fumio Kitaoka,"Japanese, 1918–2007",Japanese,male,1918,2007,,
3123,Poul Kjærholm,"Danish, 1929–1980",Danish,male,1929,1980,Q4385311,500068499
3124,Jóhannes Sveinsson Kjarval,"Icelandic, 1885–1972",Icelandic,male,1885,1972,Q1364913,500056079
3125,Charles Klabunde,"American, born 1934",American,male,1934,0,,
3126,Konrad Klapheck,"German, 1935–2023",German,male,1935,2023,Q315875,500004444
3127,Klara,British,British,,0,0,,
3128,Gabi Klasmer,"Israeli, born 1950",Israeli,female,1950,0,,
3129,Felix Klee,"German, 1907–1990",German,male,1907,1990,Q1403573,500082742
3130,Paul Klee,"German, born Switzerland. 1879–1940",German,male,1879,1940,Q44007,500010493
3131,Ron Kleemann,"American, 1937–2014",American,male,1937,2014,,
3132,Allen Klein,"American, born 1938",American,male,1938,0,,
3133,Cesar Klein,"German, 1876–1954",German,male,1876,1954,Q213848,500029590
3134,David Klein,"American, 1918–2005",American,male,1918,2005,Q5236064,
3135,Irwin B. Klein,"American, 1933–1974",American,male,1933,1974,,
3136,William Klein,"American, 1928–2022",American,male,1928,2022,Q723892,500022474
3137,Yves Klein,"French, 1928–1962",French,male,1928,1962,Q154335,500005222
3138,Richard Kleinberg,"American, born 1949",American,male,1949,0,,
3139,Lea Kleiner,"Chilean, born Yugoslavia 1929",Chilean,female,1929,0,,
3140,Paul Kleinschmidt,"German, 1883–1949",German,male,1883,1949,Q324258,500013780
3141,Vera Klement,"American, born Poland. 1929",American,female,1929,0,,
3142,Werner Klemke,"German, born 1917",German,male,1917,0,Q464686,500032808
3143,Walther Klemm,"German, 1883–1957",German,male,1883,1957,,
3144,Mark Klett,"American, born 1952",American,male,1952,0,,
3145,Carl Heinz Kliemann,"German, born 1924",German,male,1924,0,Q1036501,500058751
3146,Erika Giovanna Klien,"Austrian, 1900–1957",Austrian,female,1900,1957,Q3731761,500075871
3147,Gustav Klimt,"Austrian, 1862–1918",Austrian,male,1862,1918,Q34661,500030531
3148,Franz Kline,"American, 1910–1962",American,male,1910,1962,Q374492,500007696
3149,Max Klinger,"German, 1857–1920",German,male,1857,1920,Q44252,500023867
3150,Stuart Klipper,"American, born 1941",American,male,1941,0,Q7626729,500105669
3152,Gustav Kluge,"German, born 1947",German,male,1947,0,Q1328382,500033453
3155,Sergei Senkin,"Russian, 1894–1963",Russian,male,1894,1963,,
3156,Berndt Klyvare,Swedish,Swedish,male,0,0,,
3157,Stefan Knapp,"British, born Poland. 1921–1996",British,male,1921,1996,,
3159,Karl Knaths,"American, 1891–1971",American,male,1891,1971,Q17183235,500007983
3160,Werner Knaupp,"German, born 1936",German,male,1936,0,,
3161,Ernest Knee,"American, 1917–1983",American,male,1917,1983,,
3162,Gwendolyn Knight Lawrence,"American, born Barbados. 1913–2005",American,female,1913,2005,,
3163,Karla Knight,"American, born 1958",American,female,1958,0,,
3165,Donald R. Knorr,"American, 1922–2003",American,male,1922,2003,,
3166,Charles Knowles,"American, 1939–1958",American,male,1939,1958,,
3167,Christopher Knowles,"American, born 1959",American,male,1959,0,Q5112684,500006837
3168,Justin Knowles,British,British,male,0,0,,
3169,Jonathan Knowlton,"American, born 1937",American,male,1937,0,,
3170,Win Knowlton,"American, born 1953",American,male,1953,0,,
3171,Archibald Knox,"British, 1864–1933",British,male,1864,1933,Q2860090,500017889
3172,Jack Knox,"British, born 1936",British,male,1936,0,,
3174,Yasuhide Kobashi,"Japanese, 1931–2003",Japanese,male,1931,2003,,
3175,Kobayashi Riichiro,Japanese,Japanese,male,0,0,,
3176,Robert Kobayashi,"American, 1925–2015",American,male,1925,2015,,
3177,Aleksander Kobzdej,"Polish, 1920–1972",Polish,male,1920,1972,Q827652,500096158
3179,Kenneth Koch,"American, 1925–2002",American,male,1925,2002,,
3180,Benita Koch-Otte,"German, 1892–1976",German,female,1892,1976,Q817333,
3181,Reina Kochashian,"Argentine, born Turkey. 1923–1995",Argentine,female,1923,1995,,
3182,Karl Koehler,"American, born 1913",American,male,1913,0,,
3183,Fritz Koenig,"German, 1924–2017",German,male,1924,2017,Q524205,500027892
3184,W. Koenigstein,"Austrian, born 1944",Austrian,male,1944,0,,
3185,Ottokar Koeppen,German,German,male,0,0,,
3187,Henry Koerner,"American, 1915–1991",American,male,1915,1991,Q5724446,500068525
3188,Jinkichi Koga,Japanese,Japanese,male,0,0,,
3189,Moissey Kogan,"Russian, 1879–1945?",Russian,male,1879,1945,,
3191,Oskar Kogoj,"Slovene, born 1942",Slovenian,male,1942,0,,
3192,Gabriel Kohn,"American, 1910–1975",American,male,1910,1975,,500076832
3193,Misch Kohn,"American, 1916–2003",American,male,1916,2003,,500049196
3194,Nobuaki Kojima,"Japanese, 1935–2024",Japanese,male,1935,2024,,
3195,Jurriaan Kok,"Dutch, 1861–1919",Dutch,male,1861,1919,,
3196,Valto Kokko,"Finnish, born 1933",Finnish,,1933,0,,
3197,Oskar Kokoschka,"Austrian, 1886–1980",Austrian,male,1886,1980,Q154260,500024536
3198,Jirí Kolár,"Czech, 1914–2002",Czech,male,1914,2002,Q699793,500029754
3199,Georg Kolbe,"German, 1877–1947",German,male,1877,1947,Q561283,500004921
3200,Stanislav Kolibal,"Czech, born 1925",Czech,male,1925,0,Q7599013,500112145
3201,Käthe Kollwitz,"German, 1867–1945",German,female,1867,1945,Q142472,500016751
3202,Ray Komai,"American, 1918–2010",American,male,1918,2010,,
3203,Komai Tetsuro,"Japanese, 1920–1976",Japanese,male,1920,1976,,
3205,Vitaly Komar,"American, born Russia 1943",American,male,1943,0,,
3206,Komar and Melamid,American,American,male,0,0,,
3207,Makoto Komatsu,"Japanese, born 1943",Japanese,male,1943,0,,
3208,Vladimir Michailovich Konashevich,Russian,Russian,male,0,0,,
3209,Béla Kondor,"Hungarian, 1931–1972",Hungarian,male,1931,1972,,
3210,Kasper König,"German, born 1940",German,male,1940,0,,
3211,Toru Kono,"Japanese, 1907–1984",Japanese,male,1907,1984,,
3212,Elaine de Kooning,"American, 1920–1989",American,female,1920,1989,Q449536,500001599
3213,Willem de Kooning,"American, born the Netherlands. 1904–1997",American,male,1904,1997,Q132305,500000974
3217,Henning Koppel,"Danish, 1918–1981",Danish,male,1918,1981,,
3218,Chaim Koppelman,"American, 1920–2009",American,male,1920,2009,,
3219,Karl Köpping,"German, 1848–1914",German,male,1848,1914,,
3220,Georg Koppmann,"German, 1842–1909",German,male,1842,1909,Q1233952,500040732
3221,Schlomo Koren,"Israeli, born 1932",Israeli,male,1932,0,,
3222,Gajin Kosaka,"Japanese, 1877–1953",Japanese,male,1877,1953,,
3224,Mark Kostabi,"American, born 1960",American,male,1960,0,,
3225,Claire Wagner Kosterlitz,"American, born Germany. 1903–1997",American,female,1903,1997,,
3226,Lewis Kostiner,"American, born 1950",American,male,1950,0,,
3227,Takehisa Kosugi,"Japanese, 1938–2018",Japanese,male,1938,2018,Q7677988,500122680
3228,Joseph Kosuth,"American, born 1945",American,male,1945,0,Q313113,500115645
3229,Josef Koudelka,"Czech, born 1938",Czech,male,1938,0,Q918352,500062289
3230,Jannis Kounellis,"Greek, 1936–2017",Greek,male,1936,2017,Q472557,500047400
3232,Ron Kowalke,"American, born 1936",American,male,1936,0,,
3233,Antoni Kowalski,"Polish, born 1957",Polish,male,1957,0,,
3234,Ljuba Kozintzeva-Ehrenburg,"Russian, 1900–1970",Russian,female,1900,1970,,
3235,Joyce Kozloff,"American, born 1942",American,female,1942,0,Q6297552,500005798
3236,Kirsten Kraa,"American, born Germany. 1941–2020",American,female,1941,2020,,
3237,Frans Krajcberg,"Brazilian, born Poland. 1921–2017",Brazilian,male,1921,2017,,
3238,William E. Krallman,"American, born 1925",American,male,1925,0,,
3239,Margia Kramer,"American, born 1936",American,female,1936,0,,
3240,Lee Krasner,"American, 1908–1984",American,female,1908,1984,Q237959,500010144
3241,Dimitri Mikhailovich Krasnopevtsev,"Russian, 1925–1995",Russian,male,1925,1995,,
3242,Jovan Kratohvil,"Serbian, 1924–1998",Serbian,male,1924,1998,,
3244,George Krause,"American, born 1937",American,male,1937,0,Q5541425,500333542
3246,Doris Kreindler,"American, 1901–1974",American,female,1901,1974,,
3247,August Kreyenkamp,"German, 1875–1950",German,male,1875,1950,,
3248,Vasyl Krychevsky,"Ukranian, born 1927",Ukrainian,male,1927,0,,
3249,Norbert Kricke,"German, 1922–1984",German,male,1922,1984,Q881362,500099695
3250,Leon Krier,"Luxembourger, born 1946",Luxembourger,male,1946,0,Q970000,500009411
3251,Irving Kriesberg,"American, 1919–2009",American,male,1919,2009,Q1861930,500093288
3252,Paul Smith,"American, born 1907",American,male,1907,0,,
3253,Les Krims,"American, born 1943",American,male,1943,0,Q15505168,
3254,Harold Krisel,"American, 1920–1995",American,male,1920,0,,
3256,Ferdinand Kriwet,"German, born 1942",German,male,1942,0,Q109078,500020582
3257,Vilem Kriz,"American, born Prague. 1921–1994",American,male,1921,1994,,
3258,Barron Krody,"American, born 1936",American,male,1936,0,,
3259,Per Krohg,"Norwegian, 1889–1965",Norwegian,male,1889,1965,Q1384103,500009787
3260,Krohl/Offenberg,Nationality unknown,Nationality unknown,,0,0,,
3261,Abram Krol,"French, 1919–2001",French,male,1919,2001,,
3262,Leon Kroll,"American, 1884–1974",American,male,1884,1974,Q12061052,500018087
3263,Aleksei Kruchenykh,"Russian, born Ukraine, 1886–1968",Russian,male,1886,1968,Q721962,500202621
3264,Christian Kruck,German,German,male,0,0,,
3265,Louise Kruger,"American, 1924–2013",American,female,1924,2013,,
3266,Barbara Kruger,"American, born 1945",American,female,1945,0,Q262284,500118792
3267,Harry van Kruiningen,"Dutch, born 1906",Dutch,male,1906,0,Q3428703,500021699
3268,Germaine Krull,"Dutch, born Germany. 1897–1985",Dutch,female,1897,1985,Q69776,500003762
3269,Alexander Z. Kruse,"American, 1888–1972",American,male,1888,1972,,
3270,Nicholas Krushenick,"American, 1929–1999",American,male,1929,1999,Q1984917,500000295
3272,Charles Krutch,"American, 1887–1981",American,male,1887,1981,,
3274,Michel Szulc Krzyzanowski,"Dutch, born 1949",Dutch,male,1949,0,,
3275,Allen Kubach,American,American,male,0,0,,
3276,Alfred Kubin,"Austrian, 1877–1959",Austrian,male,1877,1959,Q558054,500025783
3277,Shigeko Kubota,"Japanese, 1937–2015",Japanese,female,1937,2015,Q3816460,500104766
3279,Alena Kučerová,"Czech, born 1935",Czech,female,1935,0,,
3280,Rainer Küchenmeister,"German, 1926–2010",German,male,1926,2010,,
3281,Tetsumi Kudo,"Japanese, 1935–1990",Japanese,male,1935,1990,Q3519205,500123697
3282,Ivan Kudriashov,"Russian, 1896–1972",Russian,male,1896,1972,,
3283,Gary Kuehn,"American, born 1939",American,male,1939,0,Q17386207,
3284,Rudolf Kügler,"German, 1921–2013",German,male,1921,2013,,
3285,Charles Kuhn,"Swiss, born 1903",Swiss,male,1903,0,,
3287,Heinrich Kühn,"German, 1866–1944",German,male,1866,1944,Q69758,500115660
3288,Walt Kuhn,"American, 1877–1949",American,male,1877,1949,Q118798,500012372
3289,"O. J. Kuker, Seattle, WA",,American,,0,0,,
3291,Mikhail Kuprianov,Russian,Russian,male,0,0,,
3293,Robert Kulicke,"American, 1924–2007",American,male,1924,2007,,
3294,Sugeru Kume,Japanese,Japanese,male,0,0,,
3295,Kipton Cornelius Kumler,"American, born 1940",American,male,1940,0,,
3296,Yasuo Kuniyoshi,"American, born Japan. 1889–1953",American,male,1889,1953,Q3571991,500023210
3298,Peter Kunz,"Swiss, 1944–1989",Swiss,male,1944,1989,,
3300,Lawrence Kupferman,"American, 1909–1982",American,male,1909,1982,Q19802974,
3301,Moshe Kupferman,"Israeli, 1926–2003",Israeli,male,1926,2003,,
3302,František Kupka,"Czech, 1871–1957",Czech,male,1871,1957,Q167414,500006023
3304,Juan Kurchan,"Argentine, 1913–1975",Argentine,male,1913,1975,,
3305,William Kurelek,"Canadian, 1927–1977",Canadian,male,1927,1977,Q1406497,500021442
3306,Mervyn Kurlansky,"British, born 1936",British,male,1936,0,,
3307,Seitaro Kuroda,"Japanese, born 1939",Japanese,male,1939,0,,
3308,Masayuki Kurokawa,"Japanese, born 1937",Japanese,male,1937,0,Q11678269,500015367
3309,Kuron - Gogol,German,German,,0,0,,
3311,Helmuth Kurtz,"Swiss, 1903–1959",Swiss,male,1903,1959,,
3312,Ant Kurvers,Dutch,Dutch,male,0,0,,
3313,Maximilian Kurzweil,"Austrian, 1867–1916",Austrian,male,1867,1916,Q317883,500049222
3314,Kenji Kusaka,"Japanese, born 1936",Japanese,male,1936,0,,
3315,Yayoi Kusama,"Japanese, born 1929",Japanese,female,1929,0,Q231121,500122518
3316,Rainer Küschall,"Swiss, born 1947",Swiss,male,1947,0,,
3317,Robert Kushner,"American, born 1949",American,male,1949,0,Q7346494,500008348
3318,Waldemar Kutner,"Brazilian, born 1934",Brazilian,,1934,0,,
3319,Pavel Kuznetsov,"Russian, 1878–1968",Russian,male,1878,1968,,
3320,Paul Kwilecki,"American, born 1928",American,male,1928,0,,
3321,K2 Design Studio,"Japanese, born 1993",Japanese,,1993,0,,
3322,Jean L'Anselme,"French, 1919–2011",French,male,1919,2011,,
3323,Alain de La Bourdonnaye,"French, 1930–2016",French,male,1930,2016,,
3325,Roger de La Fresnaye,"French, 1885–1925",French,male,1885,1925,Q718882,500013022
3326,Chet La More,"American, 1908–1980",American,male,1908,1980,,
3327,Terence La Noue,"American, born 1941",American,male,1941,0,,
3328,Frank LaPena,"American, born 1937",American,male,1937,0,,
3329,Jean-Emile Laboureur,"French, 1887–1943",French,male,1887,1943,,
3330,Syl Labrot,"American, 1929–1977",American,male,1929,1977,,
3331,Joseph Lacasse,"French, 1894–1975",French,male,1894,1975,,
3332,Gaston Lachaise,"American, born France. 1882–1935",American,male,1882,1935,Q1495586,500001766
3333,Georges Lacombe,"French, 1868–1916",French,male,1868,1916,Q652723,500030201
3334,Jacques Lacomblez,"Belgian, born 1934",Belgian,male,1934,0,,
3335,Charles Lacoste,"French, 1870–1959",French,male,1870,1959,,
3336,Richard Lacroix,"Canadian, born 1939",Canadian,male,1939,0,,
3337,George Ladas,American,American,male,0,0,,
3338,Justen Ladda,"German, born 1953",German,male,1953,0,,
3339,Adriano Lagostina,"Italian, born 1915",Italian,male,1915,0,,
3340,Massimo Lagostina,"Italian, born 1908",Italian,male,1908,0,,
3341,Richard Lahey,"American, 1893–1978",American,male,1893,1978,,
3342,Wolfgang Laib,"German, born 1950",German,male,1950,0,Q600456,500094143
3343,Eleanore Laine,American,American,female,0,0,,
3344,Gerald Laing,"British, 1936–2011",British,male,1936,2011,Q5549319,500011629
3346,Maxime Lalanne,"French, 1827–1886",French,male,1827,1886,,
3348,Jennett Lam,"American, 1911–1983",American,female,1911,1983,,
3349,Wifredo Lam,"Cuban, 1902–1982",Cuban,male,1902,1982,Q465342,500006317
3350,Thomas Lamb,"American, 1898–1988",American,male,1898,1988,,
3351,Jacqueline Lamba,"French, 1910–1993",French,female,1910,1993,,
3352,Roberto De Lamónica,"Brazilian, 1933–1995",Brazilian,male,1933,1995,,
3354,Mark Lancaster,"British, born 1938",British,male,1938,0,Q6768478,500002491
3355,Colin Lanceley,"Australian, 1938–2015",Australian,male,1938,2015,,
3356,Paul Landacre,"American, 1893–1963",American,male,1893,1963,Q7151935,500069734
3357,Jacob Landau,"American, 1917–2001",American,male,1917,2001,,
3358,Nils Landberg,"Swedish, 1907–1991",Swedish,male,1907,1991,,
3359,Armin Landeck,"American, 1905–1984",American,male,1905,1984,,500049275
3361,Ronnie Landfield,"American, born 1947",American,male,1947,0,Q7365903,500333906
3362,Edoardo Landi,"Italian, born 1937",Italian,male,1937,0,,
3363,Bengt Landin,"Swedish, born 1933",Swedish,male,1933,0,,
3364,Richard W. Landis,"American, born 1931",American,male,1931,0,,
3365,Darrell Landrum,"American, born 1924",American,male,1924,0,,
3366,Herman Landshoff,"American, born Germany. 1905–1986",American,male,1905,1986,Q15479814,
3368,Octave Landuyt,"Belgian, born 1922",Belgian,male,1922,0,Q1607422,500017896
3369,Lois Lane,"American, born 1948",American,female,1948,0,,
3370,David Lang,"American, born 1929",American,male,1929,0,,
3371,Helmut Lang,"German, born 1924",German,male,1924,0,,
3372,Ed E. Langbein,American,American,male,0,0,,
3373,Dorothea Lange,"American, 1895–1965",American,female,1895,1965,Q230673,500007674
3374,Otto Lange,"German, 1879–1944",German,male,1879,1944,,
3375,Wilfred O. Langille,"American, 1895–1996",American,male,1895,1996,,
3376,Ernst Langloh,German,German,male,0,0,,
3377,Juan Langlois,"Argentine, born 1926",Argentine,male,1926,0,,
3379,André Lanskoy,"French, born Russia. 1902–1976",French,male,1902,1976,Q321657,500030813
3380,Louis Lanzano,"American, born 1947",American,male,1947,0,,
3381,Ernesto Bruno La Padula,"Italian, 1902–1968",Italian,male,1902,1968,,
3382,Charles Lapierre,French,French,,0,0,,
3383,Tadeusz Lapinski,Polish,Polish,male,0,0,,
3384,Harry S. Lapow,"American, 1909–1983",American,male,1909,1983,,
3385,Pierre Laprade,"French, 1875–1931",French,male,1875,1931,Q3385783,500007077
3386,Magali Lara,"Mexican, born 1956",Mexican,female,1956,0,,
3387,Raoul François Larche,"French, 1860–1912",French,male,1860,1912,Q3083640,500016634
3388,Berto Lardera,"Italian, 1911–1989",Italian,male,1911,1989,,
3389,Mikhail Larionov,"Russian, 1881–1964",Russian,male,1881,1964,Q38785,500012150
3390,Eugene Larkin,"American, 1921–2010",American,male,1921,2010,,
3391,Johannes Larsen,"Danish, born 1912",Danish,male,1912,0,,
3392,Lisa Larsen,"American, born Germany. 1925–1959",American,female,1925,1959,,
3393,William G. Larson,"American, 1942–2019",American,male,1942,2019,Q8014326,500003955
3394,Jacques-Henri Lartigue,"French, 1894–1986",French,male,1894,1986,Q382329,500023491
3395,Mauricio Lasansky,"American, 1914–2012",American,male,1914,2012,Q6793620,500011243
3396,Pat Lasch,"American, born 1944",American,female,1944,0,,
3397,Oskar Laske,"Austrian, 1874–1951",Austrian,male,1874,1951,,
3398,Siegfried Laske,Nationality unknown,Nationality unknown,male,0,0,,
3399,Jonathan Lasker,"American, born 1948",American,male,1948,0,,
3400,Ibram Lassaw,"American, born Egypt. 1913–2003",American,male,1913,2003,Q1471865,500001384
3401,Charles Lassiter,"American, 1926–2005",American,male,1926,2005,,
3402,Maria Lassnig,"Austrian, 1919–2014",Austrian,female,1919,2014,Q538534,500033165
3403,Ger Lataster,"Dutch, 1920–2012",Dutch,male,1920,2012,Q884048,500006779
3404,John Latham,"British, 1921–2006",British,male,1921,2006,Q6244080,500011384
3406,Clarence John Laughlin,"American, 1905–1985",American,male,1905,1985,Q4255284,500004410
3407,Jean Launois,"French, 1898–1942",French,male,1898,1942,,
3408,Marie Laurencin,"French, 1883–1956",French,female,1883,1956,Q233088,500011424
3409,Henri Laurens,"French, 1885–1954",French,male,1885,1954,Q738892,500010480
3410,John Laurent,"American, 1921 – 2005",American,male,1921,2005,,
3412,Uwe Lausen,"German, 1941–1970",German,male,1941,1970,,
3414,Ray Lauzzana,"American, born 1941",American,male,1941,0,,
3415,Warja Lavater,"Swiss, 1913–2007",Swiss,female,1913,2007,,
3416,Alma Lavenson,"American, 1897–1989",American,female,1897,1989,Q961823,500004581
3418,Jacob Lawrence,"American, 1917–2000",American,male,1917,2000,Q355566,500027690
3420,Ernest Lawton (?),British,British,male,0,0,,
3421,Michael Lax,"American, 1929–1999",American,male,1929,1999,,
3422,"Elizabeth ""Grandma"" Layton","American, 1909–1993",American,female,1909,1993,,
3423,Gustavo Lazarini Terradas,"Uruguayan, 1918–1987",Uruguayan,male,1918,1987,,
3424,Giulio Lazzotti,"Italian, born 1942",Italian,male,1942,0,,
3425,Alphonse Le Blondel,"French, 1814–1875",French,male,1814,1875,,
3426,Le Corbusier (Charles-Édouard Jeanneret),"French, born Switzerland. 1887–1965",French,male,1887,1965,Q4724,500027041
3427,Henri Le Fauconnier,"French, 1881–1946",French,male,1881,1946,Q1368018,500015082
3428,Jean Le Gac,"French, born 1936",French,male,1936,0,Q826970,500107862
3429,Gustave Le Gray,"French, 1820–1884",French,male,1820,1884,Q982549,500000537
3430,Le Jeune,French,French,,0,0,,
3431,Jean Le Moal,"French, 1909–2007",French,male,1909,2007,,
3432,Julio Le Parc,"Argentine, born 1928",Argentine,male,1928,0,Q177313,500086043
3433,Guillaume Le Roy,Dutch,Dutch,male,0,0,,
3434,Henri Le Secq,"French, 1818–1882",French,male,1818,1882,Q1383731,500002873
3435,Barry Le Va,"American, 1941–2021",American,male,1941,2021,Q809059,500004605
3436,David Leach,"American, born 1946",American,male,1946,0,,
3437,Alun Leach-Jones,"British, born 1937",British,male,1937,0,,
3438,June Leaf,"American, 1929–2024",American,female,1929,2024,,
3439,Fernando Leal,"Mexican, 1896–1964",Mexican,male,1896,1964,,
3440,Lawrence Lebduska,"American, 1894–1966",American,male,1894,1966,,
3441,J. J. Christian Lebeau,"Dutch, 1878–1945",Dutch,male,1878,1945,,
3442,Lebegue,French,French,,0,0,,
3443,Jean-Jacques Lebel,"French, born 1936",French,male,1936,0,,
3444,Jan Lebenstein,"Polish, 1930–1999",Polish,male,1930,1999,Q321504,500018570
3445,Dick Lebowitz,"American, born 1937",American,male,1937,0,,
3446,Christopher Le Brun,"British, born 1951",British,male,1951,0,Q5112716,500031676
3447,Rico Lebrun,"American, born Italy. 1900–1964",American,male,1900,1964,Q3431662,500030304
3448,Juana Lecaros,"Chilean, 1920–1993",Chilean,female,1920,1993,,
3449,Arthur Lee,"American, 1881–1961",American,male,1881,1961,Q4799476,500011472
3450,Baldwin S. Lee,"American, born 1951",American,male,1951,0,,
3451,Joong Seop Lee,"Korean, 1916–1956",Korean,male,1916,1956,,
3452,Catherine Lee,"American, born 1950",American,female,1950,0,,
3453,Colin Lee,"American, born 1953",American,male,1953,0,,
3454,Dudley Lee,American,American,male,0,0,,
3455,Russell Lee,"American, 1903–1986",American,male,1903,1986,Q230673,500007674
3456,Tom Lee,"American, 1910–1971",American,male,1910,1971,,
3457,Ung-no Lee,"Korean, 1904–1989",Korean,male,1904,1989,,
3458,Theyre Lee-Elliott,"British, 1903–1988",British,male,1903,1988,,
3460,Lege & Bergeron,French,French,,0,0,,
3461,Georges Mathurin Lege,French,French,male,0,0,,
3463,Yoram Lehman,"Israeli, born 1939",Israeli,male,1939,0,,
3464,Wilhelm Lehmbruck,"German, 1881–1919",German,male,1881,1919,Q551282,500019056
3465,Lehner & Mader,,,,0,0,,
3466,Leonard Lehrer,"American, born 1935",American,male,1935,0,,
3468,Arthur Leipzig,"American, 1918–2014",American,male,1918,2014,Q710366,500129206
3469,José Costa Leite,"Brazilian, 1927–2021",Brazilian,male,1927,2021,,
3470,Saul Leiter,"American, 1923–2013",American,male,1923,2013,Q459273,500356032
3471,Philip V. Leivo,"American, 1914–2003",American,male,1914,2003,,
3472,Michael Lekakis,"American, 1907–1987",American,male,1907,1987,,
3473,Paul Lemagny,"French, born 1903",French,male,1903,0,,
3474,Annette Lemieux,"American, born 1957",American,female,1957,0,,
3475,Dietmar Lemke,German,German,male,0,0,,
3476,Georges Lemmen,"Belgian, 1865–1916",Belgian,male,1865,1916,Q1963612,500025073
3478,Luis Lemus,American,American,male,0,0,,
3479,Stanley Lench,"British, 1934–2000",British,male,1934,2000,,
3480,Jan Lenica,"Polish, 1928–2001",Polish,male,1928,2001,Q664300,500024406
3482,Thomas Lenk,"German, 1933–2014",German,male,1933,2014,Q2261154,500047402
3483,Candice Lenney,"American, born 1949",American,female,1949,0,,
3484,John Lennon,"British, 1940–1980",British,male,1940,1980,Q1203,500106615
3486,Eugen Lenz,"Swiss, 1916–2004",Swiss,,1916,2004,,
3487,Leonid (Leonid Berman),"American, born Russia. 1896–1976",American,male,1896,1976,Q4085031,500023200
3488,Louis L. Lepoix,"French, 1918–1998",French,male,1918,1998,,
3489,Robert Lepper,"American, 1906–1991",American,male,1906,1991,,
3490,Stanislao Lepri,"Italian, 1905–1980",Italian,male,1905,1980,,
3491,Gustav Lepschy,"German, born 1942",German,male,1942,0,,
3492,Norman Lerner,"American, born 1927",American,male,1927,0,,
3493,Helmar Lerski,"Swiss, born Germany. 1871–1956",Swiss,male,1871,1956,Q124434,500109402
3494,Danuta Leszczynska-Kluza,"Polish, born 1926",Polish,female,1926,0,,
3495,Alfred Leslie,"American, 1927–2023",American,male,1927,2023,Q577242,500006228
3496,Janusz Lesniak,"Polish, born 1947",Polish,male,1947,0,,
3497,John Lesnick,"American, born 1953",American,male,1953,0,,
3498,Gilbert Lesser,"American, 1935–1990",American,male,1935,1990,,
3499,Rudi Lesser,American,American,male,0,0,,
3500,Julian Lethbridge,"British, born 1947",British,male,1947,0,,
3501,Anna Letycia Quadros,"Brazilian, 1929–2018",Brazilian,female,1929,2018,,
3502,Gerd Leufert,"Venezuelan, born Lithuania. 1914–1998",Venezuelan,male,1914,1998,,
3503,Herbert Leupin,"Swiss, 1916–1999",Swiss,male,1916,1999,Q1608727,500110891
3504,Léo Leuppi,"Swiss, 1893–1972",Swiss,male,1893,1972,,
3505,John Levee,"American, 1924–2017",American,male,1924,2017,Q3181933,500017401
3506,Hugo Leven,"German, 1874–1956",German,male,1874,1956,Q1635393,
3507,Hans Levi,"American, born Germany 1935",American,male,1935,0,,
3508,Josef Levi,"American, born 1938",American,male,1938,0,,
3509,Julian E. Levi,"American, 1900–1982",American,male,1900,1982,Q16010040,500023632
3510,Robert Levin,"American, born 1948",American,male,1948,0,,
3511,Wayne Levin,"American, born 1945",American,male,1945,0,,
3512,Arthur Levine,American,American,male,0,0,,
3513,Jack Levine,"American, 1915–2010",American,male,1915,2010,Q2992864,500017725
3514,Les Levine,"American, born Ireland 1935",American,male,1935,0,Q18023286,500110692
3515,Sherrie Levine,"American, born 1947",American,female,1947,0,Q319569,500118782
3516,Tom Levine,"American, 1945–2020",American,male,1945,2020,,
3517,Mon Levinson,"American, 1926–2014",American,male,1926,2014,,
3518,Leon Levinstein,"American, 1910–1988",American,male,1910,1988,Q18345966,500338798
3519,S. L. Levitsky,"French, 1819–1898",French,male,1819,1898,,
3520,Helen Levitt,"American, 1913–2009",American,female,1913,2009,Q242849,500059803
3521,Alphonse Levy,"French, 1843–1918",French,male,1843,1918,,
3522,Julien Levy,"American, 1906–1981",American,male,1906,1981,Q3189569,
3523,Martin Lewis,"American, born Australia, 1881–1962",American,male,1881,1962,Q6776001,500028815
3524,Norman Lewis,"American, 1909–1979",American,male,1909,1979,Q7052490,500060084
3525,Wyndham Lewis,"British, 1882–1957",British,male,1882,1957,Q780102,500025826
3526,Landès Lewitin,"American, 1892–1966",American,male,1892,1966,,
3528,Sol LeWitt,"American, 1928–2007",American,male,1928,2007,Q168587,500115429
3530,Sonia Lewitzka,"Polish, 1882–1937",Polish,female,1882,1937,,
3531,Jay Leyda,"American, 1910–1988",American,male,1910,1988,,
3532,Ernst Van Leyden,"American, 1892–1969",American,male,1892,1969,,
3533,Léon Lhermitte,"French, 1844–1925",French,male,1844,1925,,
3534,André Lhote,"French, 1885–1962",French,male,1885,1962,,
3535,Georges Liautaud,"Haitian, 1899–1991",Haitian,male,1899,1991,,
3537,Alexander Liberman,"American, born Russia. 1912–1999",American,male,1912,1999,Q593715,500020756
3539,Sol Libsohn,"American, 1914–2001",American,male,1914,2001,Q3489087,500036574
3540,Riccardo Licata,Italian,Italian,male,0,0,,
3541,Ernst Lichtblau,"American, born Austria. 1883–1963",American,male,1883,1963,Q1359250,
3542,Roy Lichtenstein,"American, 1923–1997",American,male,1923,1997,Q151679,500013596
3543,John H. Lickert,American,American,male,0,0,,
3544,Jonas Lie,American,American,male,0,0,Q6272171,500029231
3545,Al Lieberman,"American, born 1939",American,male,1939,0,,
3546,Max Liebermann,"German, 1847–1935",German,male,1847,1935,,
3547,Alphonse Liébert,"French, 1827–1913",French,male,1827,1913,Q18507746,500036982
3548,Klaus Liebig,"German, 1936–1996",German,male,1936,1996,,
3549,Jerome Liebling,"American, 1924–2011",American,male,1924,2011,Q15462930,500126037
3550,Liebowitz,American,American,,0,0,,
3551,David Ligare,"American, born 1945",American,male,1945,0,Q5236600,500017836
3554,Edwin Hale Lincoln,"American, 1848–1938",American,male,1848,1938,,
3555,Stig Lindberg,"Swedish, 1916–1982",Swedish,male,1916,1982,Q353605,
3556,Linda Lindeberg,"American, 1915–1973",American,female,1915,1973,,
3557,Francesca Lindh,"Finnish, born Italy 1931",Finnish,female,1931,0,,
3558,Richard Lindh,"Finnish, 1929–2006",Finnish,male,1929,2006,,
3559,Richard Lindner,"American, born Germany. 1901–1978",American,male,1901,1978,Q126074,500024690
3560,Linda Lindroth,"American, born 1946",American,female,1946,0,,
3561,O. Winston Link,"American, 1914–2001",American,male,1914,2001,Q2007300,500096964
3562,Leo Lionni,"American, born Amsterdam. 1910–1999",American,male,1910,1999,Q964731,500062091
3563,Jacques Lipchitz,"American, born Lithuania. 1891–1973",American,male,1891,1973,Q380426,500015743
3564,Peter Lipman-Wulf,"American, 1905–1993",American,male,1905,1993,,
3565,Carol Lipper,American,American,female,0,0,,
3566,Richard Lippold,"American, 1915–2002",American,male,1915,2002,Q2908768,500006078
3567,Seymour Lipton,"American, 1903–1986",American,male,1903,1986,Q659858,500028802
3568,Vera Lisková,"Czech, 1924–1979",Czech,female,1924,1979,,
3569,El Lissitzky,"Russian, 1890–1941",Russian,male,1890,1941,Q152233,500015156
3570,Ross Littell,"American, 1924–2000",American,male,1924,2000,,
3571,Betty Clark Little,American,American,female,0,0,,
3572,Harvey Littleton,"American, born 1922",American,male,1922,0,Q15488059,500078793
3573,Ludwig Littmann,"German, born 1946",German,male,1946,0,,
3574,Israel Litwak,"American, born Ukraine. 1867–1952",American,male,1867,1952,,
3575,Stephen Livick,"Canadian, born 1945",Canadian,male,1945,0,,
3576,Frank Lobdell,"American, 1921–2013",American,male,1921,2013,,
3577,Lobel,French,French,,0,0,,
3578,Jean Locey,"American, born 1944",American,female,1944,0,,
3579,Charles Locke,"American, 1899–1983",American,male,1899,1983,,
3580,George Lockwood,"American, 1929–1969",American,male,1929,1969,,
3581,Uwe Loesch,"German, born 1943",German,male,1943,0,Q2504534,
3582,Loescher & Petsch,German,German,,0,0,,
3583,"Compagnie de L'Esthétique Industrielle (CEI) - Raymond Loewy, Paris",est. 1952,,,1952,0,,
3584,Maurice Loewy,"French, 1833–1907",French,male,1833,1907,Q983371,
3585,Berthold Löffler,"Austrian, 1874–1960",Austrian,male,1874,1960,Q88602,500321599
3587,Richard Paul Lohse,"Swiss, 1902–1988",Swiss,male,1902,1988,Q547803,500010583
3588,Alfred Lombard,"French, 1884–1973",French,male,1884,1973,,
3589,Eckersley Lombers,British,British,,0,0,,
3590,Lois Long,"American, 1918–2005",American,female,1918,2005,,
3591,Richard Long,"British, born 1945",British,male,1945,0,Q368645,500013903
3592,Robert Longo,"American, born 1953",American,male,1953,0,Q1250139,500004035
3593,Vincent Longo,"American, born 1923",American,male,1923,0,,
3595,Adolph Loos,"Austrian, 1870–1933",Austrian,male,1870,1933,,
3596,Fernando López Anaya,"Argentine, 1903–1987",Argentine,male,1907,1987,,
3597,Domingo López,"American, born Puerto Rico 1942",American,male,1942,0,,
3598,José Dolores López,"American, 1868–1937",American,male,1868,1937,,
3599,Luis López Loza,"Mexican, born 1939",Mexican,male,1939,0,,
3600,Antonio López García,"Spanish, born 1936",Spanish,male,1936,0,Q1257924,500027198
3601,Erle Loran,"American, 1905–1999",American,male,1905,1999,,
3602,Antonio Lorenzo,Spanish,Spanish,male,0,0,,
3603,John Loring,"American, born 1939",American,male,1939,0,,
3605,Lortz,German,German,,0,0,,
3606,Reagan Louie,"American, born 1951",American,male,1951,0,,
3607,Morris Louis,"American, 1912–1962",American,male,1912,1962,Q685186,500012330
3609,Charles Loupot,"French, 1892–1962",French,male,1892,1962,,
3610,Jim Love,"American, 1927–2005",American,male,1927,2005,,
3611,Vreni Löwensberg,"Swiss, 1912–1986",Swiss,female,1912,1986,,
3613,Lawrence Stephen Lowry,"British, 1887–1976",British,male,1887,1976,Q1354277,500022208
3614,Jesús Lozano,Spanish,Spanish,male,0,0,,
3615,Lee Lozano,"American, 1930–1999",American,female,1930,1999,Q530367,500048708
3617,Louis Lozowick,"American, born Ukraine. 1892–1973",American,male,1892,1973,Q6687709,500028616
3618,Chu Chuan Lu,Chinese,Chinese,,0,0,,
3619,Dietrich Lubs,"German, born 1938",German,male,1938,0,,
3620,Caroline Lucas,"British, 1886–1967",British,female,1886,1967,,
3621,Maximilien Luce,"French, 1858–1941",French,male,1858,1941,Q545293,500007137
3622,Lucebert,"Dutch, 1924–1994",Dutch,male,1924,1994,Q689279,500027027
3623,Tekening Lucerbert,Dutch,Dutch,,0,0,,
3624,Thomas Lüchinger,"Swiss, born 1953",Swiss,male,1953,0,,
3625,Hans Luckhardt,"German, 1890–1954",German,male,1890,1954,,
3626,Ryah Ludins,"American, 1896–1957",American,female,1896,1957,,
3627,John Lueders-Booth,"American, born 1935",American,male,1935,0,Q6113757,
3628,Konrad Lueg,"German, 1939–1996",German,male,1939,1996,Q1633969,500097917
3629,Amador Lugo,"Mexican, 1921–2002",Mexican,male,1921,2002,,
3630,Jan Lukas,"Czech, 1915",Czech,male,1915,0,,
3631,Sven Lukin,"American, born Latvia 1934",American,male,1934,0,,
3632,Lukta Qiatsuk,"Inuit and Canadian, 1928–2004",Canadian,male,1928,2004,,
3633,Ernest S. Lumsden,British,British,male,0,0,,
3635,Jorge Guillermo Luna Ercilla,Argentine,Argentine,male,0,0,,
3636,Norman Lundin,"American, born 1938",American,male,1938,0,,
3637,Evert Lundquist,"Swedish, 1904–1994",Swedish,male,1904,1994,Q5967377,500040696
3638,Alexandre Lunois,"French, 1863–1916",French,male,1863,1916,Q16649811,500060215
3639,Francois Lunven,"French, 1942–1971",French,male,1942,1971,,
3640,Markus Lüpertz,"German, born 1941",German,male,1941,0,Q674710,500047407
3641,Jean Lurçat,"French, 1892–1966",French,male,1892,1966,Q468453,500014846
3642,Boris Lurie,"American, born Russia. 1924–2008",American,male,1924,2008,Q893716,500056145
3643,Urs Lüthi,"Swiss, born 1947",Swiss,male,1947,0,Q1300788,500088471
3644,Nicholas Luttinger,"American, born 1942",American,male,1942,0,,
3645,Max Lutzbacher,Swiss,Swiss,male,0,0,,
3646,Mariette Lydis,"Austrian, 1890–1970",Austrian,female,1890,1970,,
3647,Lynch,American,American,,0,0,,
3648,George Platt Lynes,"American, 1907–1955",American,male,1907,1955,Q474144,500003292
3649,George Lynn,"Canadian, 1941–1983",Canadian,male,1941,1983,,
3650,Danny Lyon,"American, born 1942",American,male,1942,0,Q5220576,500055341
3651,Joan Lyons,"American, born 1937",American,female,1937,0,,
3652,Nathan Lyons,"American, 1930–2016",American,male,1930,2016,Q16091693,500089288
3653,Richard Lytle,"American, born 1935",American,male,1935,0,,
3654,Ernst Mumenthaler,"Swiss, 1901–1978",Swiss,male,1901,1978,,
3655,M. H,Nationality unknown,Nationality unknown,,0,0,,
3656,Dora Maar,French 1907–1997,French,female,1907,1997,Q236161,500007694
3657,Zell Mabee,"American, 1898–1976",American,male,1898,1976,,
3658,Mabuchi Toru,"Japanese, 1920–1994",Japanese,male,1920,1994,,
3659,Joaquín Macías,Nicaraguan,Nicaraguan,male,0,0,,
3660,Robert MacBryde,"British, 1913–1966",British,male,1913,1966,Q3938350,500032048
3661,Mino Maccari,"Italian, 1898–1989",Italian,male,1898,1989,,
3662,Rómulo Macció,"Argentine, born 1931",Argentine,male,1931,0,,
3663,Stanton Macdonald-Wright,"American, 1890–1973",American,male,1890,1973,Q2348151,500007154
3664,Eduardo A. MacEntyre,"Argentine, 1929–2014",Argentine,male,1929,2014,,
3665,Greg MacGregor,"American, born 1941",American,male,1941,0,,
3666,Sheldon Machlin,"American, 1918–1975",American,male,1918,1975,,
3667,Saša Janez Mächtig,"Slovenian, born 1941",Slovenian,male,1941,0,,
3668,Loren MacIver,"American, 1909–1998",American,female,1909,1998,,500004191
3669,Heinz Mack,"German, born 1931",German,male,1931,0,Q571469,500006451
3670,August Macke,"German, 1887–1914",German,male,1887,1914,Q33981,500007945
3671,Charles Rennie Mackintosh,"British, 1868–1928",British,male,1868,1928,Q220703,500022117
3672,Owen F. Maclaren,"British, 1906–1978",British,male,1906,1978,,
3673,Angus MacLise,"American, 1938–1979",American,male,1938,1979,,
3674,William E. Macnaughtan,American,American,male,1872,0,,
3675,Wendy MacNeil,"American, 1943–2016",American,female,1943,2016,,
3676,Robert Macpherson,"British, 1811–1872",British,male,1811,1872,Q7350504,500126166
3677,Alen MacWeeney,"American, born 1939",American,male,1939,0,,
3678,Bea Maddock,"Australian, born 1934",Australian,female,1934,0,Q4875661,500124097
3681,Toshiro Maeda,"Japanese, 1904–1990",Japanese,male,1904,1990,,
3682,Sempan Maekawa,"Japanese, 1888–1960",Japanese,male,1888,1960,,
3683,Paul Maenz,"German, born 1939",German,male,1939,0,,
3684,Karel Maes,"Belgian, 1900–1974",Belgian,male,1900,1974,,
3685,Romeo Maestri,Italian,Italian,male,0,0,,
3686,Aloísio Magalhães,"Brazilian, 1927–1982",Brazilian,male,1927,1982,,
3687,Victor Magariños,"Argentine, 1924–1993",Argentine,male,1924,1993,,
3688,Vico Magistretti,"Italian, 1920–2006",Italian,male,1920,2006,Q1362985,500088629
3689,F. Maglin,French,French,,0,0,,
3690,Alberto Magnelli,"Italian, 1888–1971",Italian,male,1888,1971,Q607568,500006730
3691,Greta Magnusson Grossman,"American, born Sweden. 1906–1999",American,female,1906,1999,Q4964982,500250606
3692,René Magritte,"Belgian, 1898–1967",Belgian,male,1898,1967,Q7836,500022967
3693,William Maguire,"American, born 1943",American,male,1943,0,,
3694,Robert Mahon,"American, born 1949",American,male,1949,0,,
3695,Schilli Maier,"American, 1922–1989",American,male,1922,1989,,
3696,Leo Maillet,Nationality unknown,Nationality unknown,male,0,0,,
3697,Aristide Maillol,"French, 1861–1944",French,male,1861,1944,Q153920,500001596
3698,Gaspard Maillol,"French, 1880–1945",French,male,1880,1945,,
3699,Lucien Mainssieux,"French, 1885–1958",French,male,1885,1958,,
3700,Samuel Maitin,"American, 1928–2004",American,male,1928,2004,,
3701,Louis Majorelle,"French, 1859–1926",French,male,1859,1926,Q2537308,500097897
3702,William Majors,"American, 1930–1982",American,male,1930,1982,,
3703,Haku Maki,"Japanese, 1924–2000",Japanese,male,1924,2000,,
3704,Mitsuo Maki,"Japanese, born 1948",Japanese,male,1948,0,,
3705,Shoichi Makino,Japanese,Japanese,male,0,0,,
3706,Zbigniew Makowski,"Polish, 1930–2019",Polish,male,1930,2019,,
3707,Gerard Malanga,"American, born 1943",American,male,1943,0,,
3708,Robert Malaval,"French, 1937–1980",French,male,1937,1980,,
3709,Alberto Garcia Maldonado,Mexican,Mexican,male,0,0,,
3710,Kazimir Malevich,"Russian, born Ukraine. 1878–1935",Russian,male,1878,1935,Q130777,500004959
3711,Robert Mallary,"American, 1917–1997",American,male,1917,1997,,500194627
3713,Antonio Maluf,"Brazilian, 1926–2005",Brazilian,male,1926,2005,,
3714,Jeanne Mammen,"German, 1890–1976",German,female,1890,1976,Q548298,500010088
3715,Maurice Man,British,British,male,0,0,,
3716,Man Ray (Emmanuel Radnitzky),"American, 1890–1976",American,male,1890,1976,Q46139,500015030
3717,Mateo Manaure,"Venezuelan, 1926–2018",Venezuelan,male,1926,2018,,
3719,Michael Mandel,"American, born 1950",American,male,1950,0,,
3720,Alfred Manessier,"French, 1911–1993",French,male,1911,1993,Q664268,500010362
3721,Édouard Manet,"French, 1832–1883",French,male,1832,1883,Q40599,500010363
3723,Robert Mangold,"American, born 1937",American,male,1937,0,Q686615,500014482
3724,Sylvia Plimack Mangold,"American, born 1938",American,female,1938,0,Q7660986,500006404
3725,Henri Manguin,"French, 1874–1949",French,male,1874,1949,Q1605934,500010364
3726,Manuel Manilla,"Mexican, active 1873–c. 1900",Mexican,male,1873,1900,,
3727,Per Maning,"Norwegian, born 1943",Norwegian,male,1943,0,,
3728,Mann,Polish,Polish,,0,0,,
3729,C. Mann,British,British,,0,0,,
3730,Sally Mann,"American, born 1951",American,female,1951,0,Q256434,500105206
3732,Jack Manning,"American, 1920–2001",American,male,1920,2001,,
3733,Manolo (Manuel Martínez Hugué),"Spanish, 1872–1945",Spanish,male,1872,1945,Q1385979,500036426
3734,Constantine Manos,"Greek, 1934–2025",Greek,male,1934,2025,Q5163834,500335005
3735,Russell Manoy,"British, born 1945",British,male,1945,0,,
3736,Paul Mansard,French,French,male,0,0,,
3737,John Mansbridge,"British, 1901–1981",British,male,1901,1981,,
3738,Matthias Mansen,"German, born 1958",German,male,1958,0,Q1910128,
3739,Leo Manso,"American, 1914–1993",American,male,1914,1993,,
3740,Paul (Pavel Mansurov) Mansouroff,"Russian, 1896–1984",Russian,male,1896,1984,,
3741,Piero Manzoni,"Italian, 1933–1963",Italian,male,1933,1963,Q472756,500010451
3742,Giacomo Manzù,"Italian, 1908–1991",Italian,male,1908,1991,Q505010,500011765
3743,Pio Manzù,"Italian, 1939–1969",Italian,male,1939,1969,,
3744,Kumberai Mapanda,"Zimbabwean (then Southern Rhodesia), born 1940",Zimbabwean,male,1940,0,,
3745,Robert Mapplethorpe,"American, 1946–1989",American,male,1946,1989,Q312786,500090430
3746,Ralph Maradiaga,"American, 1934–1985",American,male,1934,1985,,
3747,Adriana Jadranka Maraž,"Slovenian, 1931–2015",Slovenian,female,1931,2015,,
3748,Franz Marc,"German, 1880–1916",German,male,1880,1916,Q44054,500010681
3749,Conrad Marca-Relli,"American, 1913–2000",American,male,1913,2000,Q472846,500020522
3750,Marcel-Gaillard (Marcel Gaillard),"French, 1886–1947",French,male,1886,1947,,
3751,André Marchand,"French, 1907–1997",French,male,1907,1997,,
3752,Jean Marchand,"French, 1883–1940",French,male,1883,1940,,
3753,Léo Marchutz,"French, 1903–1976",French,male,1903,1976,,
3754,Tony Marciante,"American, born 1945",American,male,1945,0,,
3756,Gerhard Marcks,"German, 1889–1981",German,male,1889,1981,Q61507,500029431
3757,Louis Marcoussis,"Polish, 1883–1941",Polish,male,1883,1941,Q1346343,500022494
3758,Brice Marden,"American, 1938–2023",American,male,1938,2023,Q475416,500118786
3759,André Mare,"French, 1885–1932",French,male,1885,1932,,
3760,Maréchal,"French, born 1928",French,male,1928,0,,
3761,Ludovico Mares,Italian,Italian,male,0,0,,
3762,Boris Margo,"American, born Ukraine. 1902–1995",American,male,1902,1995,,
3763,Richard M. Margolis,"American, born 1943",American,male,1943,0,,
3765,Joseph Margulies,"American, born 1896",American,male,1896,0,,
3766,Enzo Mari,"Italian, 1932–2020",Italian,male,1932,2020,Q319350,500007076
3767,Maria Martins,"Brazilian, 1894–1973",Brazilian,female,1894,1973,Q9661780,500056590
3768,Mariano (Mariano Rodríguez),"Cuban, 1912–1990",Cuban,male,1912,1990,,
3770,John Marin,"American, 1870–1953",American,male,1870,1953,Q666171,500115368
3771,Filippo Tommaso Marinetti,"Italian, 1876–1944",Italian,male,1876,1944,Q216582,500125034
3772,Marino Marini,"Italian, 1901–1980",Italian,male,1901,1980,Q703980,500031294
3773,Tom Marioni,"American, born 1937",American,male,1937,0,,
3774,Marisol (Marisol Escobar),"Venezuelan and American, born France 1930–2016",Venezuelan,female,1930,2016,Q438248,500027334
3775,Henry Mark,"American, born 1915",American,male,1915,0,,
3776,Jyrki Markkanen,"Finnish, born 1956",Finnish,,1956,0,,
3777,Dorothy F. Markle,American,American,female,0,0,,
3778,Harry C. Markle,American,American,male,0,0,,
3779,Ronald Markman,"American, 1931–2017",American,male,1931,2017,,
3780,Gino Marotta,"Italian, 1935–2012",Italian,male,1935,2012,,
3781,Walter Marques,Brazilian,Brazilian,male,0,0,,
3782,Albert Marquet,"French, 1875–1947",French,male,1875,1947,Q267858,500022386
3783,Anne Steele Marsh,"American, 1901–1995",American,female,1901,1995,,
3784,Reginald Marsh,"American, 1898–1954",American,male,1898,1954,Q7308806,500016727
3786,Takis Marthas,"Greek, 1905–1965",Greek,male,1905,1965,,
3787,Agnes Martin,"American, born Canada. 1912–2004",American,female,1912,2004,Q275610,500024489
3788,Charles Martin,"American, born 1952",American,male,1952,0,,
3789,D. S. Martin,"American, born 1916",American,,1916,0,,
3790,Fletcher Martin,"American, 1904–1979",American,male,1904,1979,Q5458802,500124303
3791,Fred Martin,"American, born 1927",American,male,1927,0,,
3792,Ira Martin,"American, 1886–1960",American,male,1886,1960,,
3793,Kenneth Martin,"British, 1905–1984",British,male,1905,1984,Q640339,500007319
3794,Mary Martin,"British, 1907–1969",British,female,1907,1969,Q6780260,500017187
3795,Paul Martin,"British, 1864–1944",British,male,1864,1944,Q18936223,500022467
3796,Philip John Martin,"British, 1927–2014",British,male,1927,2014,,
3797,Ezio Martinelli,"American, 1913–1981",American,male,1913,1981,Q5423300,500333118
3798,Eugene Martinez,"American, born 1925",American,male,1925,0,,
3799,Luis Martínez Pedro,"Cuban, 1910–1990",Cuban,male,1910,1990,,
3800,Maria Martinez,"American, 1887–1980",American,female,1887,1980,Q2660929,500127102
3801,Martinez Pintao (Manuel Martinez Pintao),"Mexican, born 1875",Mexican,male,1875,0,,
3802,Ricardo Martinez,"Argentine, born 1923",Argentine,male,1923,0,,
3803,Raúl Martínez,"Cuban, 1927–1995",Cuban,male,1927,1995,,
3805,Aldemir Martins,"Brazilian, 1922–2006",Brazilian,male,1922,2006,Q1784940,500356571
3806,Mort N. Marton,"American, born 1918",American,male,1918,0,,
3807,Michael Martone,"American, born 1941",American,male,1941,0,,
3808,Antonio Martorell,"American, born Puerto Rico 1939",American,male,1939,0,,
3809,L. Marval,French,French,,0,0,,
3810,Charles Marville,"French, 1813–1879",French,male,1813,1879,Q329387,500022569
3812,Robert E. Marx,American,American,male,0,0,,
3813,Maryan S. Maryan (Pinchas Burstein),"American, born Poland. 1927–1977",American,male,1927,1977,Q935676,500011040
3814,Frans Masereel,"Belgian, 1889–1972",Belgian,male,1889,1972,Q559297,500022087
3815,Denis Masi,"American, born 1942",American,male,1942,0,,
3816,Alice Trumbull Mason,"American, 1904–1971",American,female,1904,1971,Q13560740,500010243
3817,Raymond Mason,"British, 1922–2010",British,male,1922,2010,Q2419717,500032748
3818,Kristen Corinne Masri,"American, born 1947",American,female,1947,0,,
3819,John Massey,"American, born 1931",American,male,1931,0,,
3820,George Massiot Brown,British,British,male,0,0,,
3821,André Masson,"French, 1896–1987",French,male,1896,1987,Q312529,500030295
3822,Luigi Massoni,"Italian, 1929–2013",Italian,male,1929,2013,,
3824,Umberto Mastroianni,"Italian, 1910–1988",Italian,male,1910,1988,,
3825,Gregory Masurovsky,"American, 1929–2009",American,male,1929,2009,Q1545366,500017577
3826,Ewald Mataré,"German, 1887–1965",German,male,1887,1965,Q700094,500020091
3827,Margrethe Mather,"American, 1885–1952",American,female,1885,1952,Q3503137,500019981
3829,Georges Mathieu,"French, 1921–2012",French,male,1921,2012,Q834939,500029225
3830,Bruno Mathsson,"Swedish, 1907–1988",Swedish,male,1907,1988,Q321453,500333302
3831,Marcel Mathys,"Swiss, born 1933",Swiss,male,1933,0,,
3832,Henri Matisse,"French, 1869–1954",French,male,1869,1954,Q5589,500017300
3833,Vera Matiukh,"Russian, born 1912",Russian,female,1912,0,,
3834,Mikhail Matiushin,"Russian, 1861–1934",Russian,male,1861,1934,Q787155,500127837
3835,Fujio Matsugi,"Japanese, 1903 – 1984",Japanese,male,1903,1984,,
3836,Keizo Matsui,Japanese,Japanese,male,0,0,,
3837,Akira Matsumoto,"Japanese, 1936–2020",Japanese,male,1936,2020,,
3838,Toshio Matsumoto,"Japanese, 1932–2017",Japanese,male,1932,2017,Q7827769,500116239
3839,Matsumura Sadaiku,"Japanese, born 1936",Japanese,male,1936,0,,
3840,Shin Matsunaga,"Japanese, born 1940",Japanese,male,1940,0,Q11531597,
3841,Matsushita Electric Corp.,"Osaka, Japan, est. 1918",Japanese,,1918,0,,
3842,Roberto Matta,"Chilean, 1911–2002",Chilean,male,1911,2002,Q450236,500057123
3843,Herbert Matter,"American, born Switzerland. 1907–1984",American,male,1907,1984,Q116863,500035065
3844,Leni Matthaei,"German, 1873–1981",German,female,1873,1981,,
3845,Holger Matthies,"German, born 1940",German,male,1940,0,,
3846,Claudio Mattioli,Nationality unknown,Nationality unknown,male,0,0,,
3847,Charles Mattox,"American, 1910–1996",American,male,1910,1996,,
3848,Jan Matulka,"American, born Bohemia. 1890–1972",American,male,1890,1972,Q6149475,500016408
3849,Maxine Emile Louis Maufra,"French, 1861–1918",French,male,1861,1918,Q1856520,500020892
3850,Maull and Polyblank,British,British,,0,0,,
3851,Eugene Maunoury,French,French,,0,0,,
3852,Jacques Mauny,"French, 1893–1962",French,male,1893,1962,,
3853,Alfred H. Maurer,"American, 1868–1932",American,male,1868,1932,Q1387251,500025666
3854,Ingo Maurer,"German, 1932–2019",German,male,1932,2019,Q374391,500241277
3855,Neil Maurer,"American, born 1941",American,male,1941,0,,
3856,Charles Maurin,"French, 1856–1914",French,male,1856,1914,Q371549,500128033
3857,Achille Mauzan,Italian,Italian,,0,0,,
3858,Almir Mavignier,"Brazilian, 1925–2018",Brazilian,male,1925,2018,Q1438306,500021709
3859,Peter Max,"American, born Germany 1937",American,male,1937,0,Q215805,500005320
3860,Paul Mayen,"American, born Spain. 1918–2000",American,male,1918,2000,,
3861,Elaine Mayes,"American, born 1938",American,female,1938,0,Q5353252,500028247
3862,Roger Mayne,"British, 1929–2014",British,male,1929,2014,,
3863,Fernando Maza,Argentine,Argentine,male,0,0,,
3864,Michael Mazur,"American, 1935–2009",American,male,1935,2009,,
3865,Luis Mazzey,"Uruguayan, 1895–1983",,male,1895,1983,,
3866,Azaria Mbatha,"South African, born 1941",South African,male,1941,0,,
3867,Dr. John McArthur,"British, 1901–1996",British,male,1901,1996,,
3869,Jay McCafferty,"American, born 1948",American,male,1948,0,,
3870,Henry McCarter,"American, 1864–1942",American,male,1864,1942,,
3871,Byron McClintock,"American, born 1930",American,male,1930,0,,
3872,Allan McCollum,"American, born 1944",American,male,1944,0,Q2837749,500118788
3873,Leonard McCombe,"American, 1923–2015",American,male,1923,2015,,
3874,B. B. Mccormick,,,male,0,0,,
3875,Ann McCoy,"American, born 1946",American,female,1946,0,,
3876,John McCracken,"American, 1934–2011",American,male,1934,2011,Q947075,500124920
3877,Charles H. McCrea,"American, 1909–1971",American,male,1909,1971,,
3880,Jean McEwen,"Canadian, 1923–1999",Canadian,male,1923,1999,Q3173479,500015819
3881,Rory McEwen,"British, 1932–1982",British,male,1932,1982,Q4068614,500111429
3882,Elizabeth McFadden,"American, 1912–1986",American,female,1912,1986,,
3883,Lawrence McFarland,"American, 1942–2023",American,male,1942,2023,,
3884,James McGarrell,"American, 1930–2020",American,male,1930,2020,Q1668538,500010350
3885,Kenneth McGowan,"American, 1940–1986",American,male,1940,1986,,
3886,Byron McKeeby,"American, 1936–1984",American,male,1936,1984,,
3887,Rhondal McKinney,"American, born 1948",American,male,1948,0,,
3888,John McLaughlin,"American, 1898–1976",American,male,1898,1976,Q1372986,500028436
3889,Bruce McLean,"British, born 1944",British,male,1944,0,Q4977994,500030759
3890,Richard McLean,"American, 1934–2014",American,male,1934,2014,Q1524417,500002569
3891,Elizabeth McLennan,Canadian,Canadian,female,0,0,,
3892,Michael McLoughlin,"American, born 1936",American,male,1936,0,,
3893,J. W. McManigal,American,American,,0,0,,
3894,George McNeil,"American, 1908–1995",American,male,1908,1995,,
3895,William C. McNulty,"American, 1889–1963",American,male,1889,1963,,
3896,Larry Mcpherson,"American, born 1943",American,male,1943,0,,
3898,John McVicker,American,American,male,0,0,,
3899,Frederick Edward McWilliam,"British,1909–1992",British,male,1909,1992,Q5423877,
3900,John McWilliams,"American, born 1941",American,male,1941,0,,
3901,Roderick Mead,"American, 1900–1971",American,male,1900,1971,,
3902,Clement Meadmore,"Australian, 1929–2005",Australian,male,1929,2005,Q1100270,500105583
3904,Friedrich Meckseper,German,German,male,0,0,Q1461075,500010353
3905,Sol Mednick,"American, 1916–1970",American,male,1916,1970,,
3906,Raul Meel,"Estonian, born 1941",Estonian,male,1941,0,,
3907,Howard Mehring,"American, 1931–1978",American,male,1931,1978,,
3908,Hans Meid,"German, 1883–1957",German,male,1883,1957,,
3909,Ludwig Meidner,"German, 1884–1966",German,male,1884,1966,Q213727,500016886
3910,Richard Meier,"American, born 1934",American,male,1934,0,Q159612,500031375
3911,Leo Meissner,"American, 1895–1977",American,male,1895,1977,,
3912,Alex Melamid,"American, born Russia 1945",American,male,1945,0,Q372225,500120585
3913,F. M. Melchers,"Dutch, 1868–1944",Dutch,male,1848,1944,,
3914,Mohamed Melehi,"Moroccan, 1936–2020",Moroccan,male,1936,2020,,
3915,José Meléndez Contreras,"American, born Puerto Rico. 1921–1998",American,male,1921,1998,,
3916,Melendreras,Spanish,Spanish,,0,0,,
3917,Waldimiro Melgarejo Muñoz,"Argentine, 1908–1979",Argentine,male,1908,1979,,
3918,Georges Méliès,"French, 1861–1938",French,male,1861,1938,Q152272,500066375
3919,John Melin,"Swedish, born 1921",Swedish,male,1921,0,,
3920,Xavier Mellery,"Belgian, 1845–1921",Belgian,male,1845,1921,Q1041605,500015450
3921,Fausto Melotti,"Italian, 1901–1986",Italian,male,1901,1986,Q2357153,500028010
3922,Pierre Mendell,"German, born 1929",German,male,1929,0,,
3923,Leopoldo Méndez,"Mexican, 1902–1969",Mexican,male,1902,1969,Q711906,500111715
3924,Ana Mendieta,"American, born Cuba. 1948–1985",American,female,1948,1985,Q463639,500052055
3925,Alessandro Mendini,"Italian, born 1931",Italian,male,1931,0,Q772733,500013850
3926,Antonio Mendoza,"American, born Cuba. 1941",American,male,1941,0,,
3927,Edward Meneeley,"American, 1927–2012",American,male,1927,0,Q5344433,500007446
3928,Leopoldo Menegatti,Italian,Italian,male,0,0,,
3929,Wendy Meng,"American, born 1944",American,female,1944,0,,
3930,Roberto Menghi,"Italian, born 1920",Italian,male,1920,0,,
3932,Carl (Carlo) Mense,"German, 1886–1965",German,male,1886,1965,Q875306,500026393
3933,Jan Menses,"Canadian, born 1933",Canadian,male,1933,0,,
3934,Mercer,British,British,male,0,0,,
3935,Carlos Mérida,"Guatemalan, 1891–1984",Guatemalan,male,1891,1984,Q1043100,500004593
3936,Richard Merkin,"American,1938–2009",American,male,1938,2009,,
3937,Knud Merrild,"American, born Denmark.1894–1954",American,male,1894,1954,,500003821
3938,Hugh Merrill,"American, born 1949",American,male,1949,0,,
3939,Roger Mertin,"American, 1942–2001",American,male,1942,2001,,
3940,Gerhard Merz,"German, born 1947",German,male,1947,0,Q1512152,500087143
3941,Mario Merz,"Italian, 1925–2003",Italian,male,1925,2003,Q698877,500089761
3942,Felix Meseck,"German, 1883–1955",German,male,1883,1955,,
3943,E.L.T. (Edouard Léon Théodore) Mesens,"Belgian, 1903–1968",Belgian,male,1903,1968,,
3944,Kiar Bogdan Meško,"Slovenian, born 1936",Slovenian,male,1936,0,,
3946,Gary Metz,"American, 1941–2010",American,male,1941,2010,,
3947,Jean Metzinger,"French, 1883–1956",French,male,1883,1956,Q313096,500001079
3948,Ray K. Metzker,"American, 1931–2014",American,male,1931,2014,Q7297835,500076932
3949,Erno Metzner,German,German,male,0,0,Q1176368,
3950,Sheila Metzner,"American, born 1939",American,female,1939,0,,
3951,George Meunier,"French, 1869–1942",French,male,1869,1942,,
3952,Henri Meunier,"Belgian, 1873–1922",Belgian,male,1873,1922,Q2679383,500043363
3953,Tommy Mew,"American, born 1942",American,male,1942,0,,
3954,Floris Meydam,"Dutch, born 1919",Dutch,male,1919,0,,
3955,Melissa Meyer,"American, born 1947",American,female,1947,0,,
3956,Hans Meyer-Petersen,"Danish, born 1937",Danish,male,1937,0,,
3957,Joel Meyerowitz,"American, born 1938",American,male,1938,0,Q322577,500017876
3959,Robert Meyers,"American, born 1931",American,male,1931,0,,
3960,Guillermo Meza,"Mexican, 1917–1997",Mexican,male,1917,1997,Q1554035,500062895
3961,Lucjan Mianowski,"Polish, 1933–2009",Polish,male,1933,2009,,
3962,Duane Michals,"American, born 1932",American,male,1932,0,Q931923,500053930
3963,Henri Michaux,"French, born Belgium. 1899–1984",French,male,1899,1984,Q160780,500010619
3964,Robert Michel,"German, 1897–1983",German,male,1897,1983,Q2158256,500025733
3965,Midorikawa Yoichi,"Japanese, 1915–2001",Japanese,male,1915,2001,Q4026984,500341664
3966,Mielatz,"American, 1864–1919",American,male,1864,1919,,
3967,Herbert Migdoll,"American, 1934–2025",American,male,1934,2025,,
3968,Miguel,Spanish,Spanish,,0,0,,
3969,James Miho,"American, born 1933",American,male,1933,0,,
3970,Tomoko Miho,"American, 1931–2012",American,female,1931,2012,Q7820159,500018032
3971,Fumiko Miki,Japanese,Japanese,female,0,0,,
3972,Jun Miki,"Japanese, 1919–1992",Japanese,male,1919,1992,Q5361515,
3973,Tomio Miki,"Japanese, 1937–1978",Japanese,male,1937,1978,,
3974,Josef Mikl,"Austrian, 1929–2008",Austrian,male,1929,2008,Q871021,500019074
3975,Eleanore Mikus,"American, 1927–2017",American,female,1927,2017,Q5354442,500342967
3976,Stephen R. Milanowski,"American, born 1953",American,male,1953,0,,
3978,M. A. Miles,Nationality unknown,Nationality unknown,,0,0,,
3979,Gjon Mili,"American, born Albania. 1904–1984",American,male,1904,1984,Q381227,500115636
3980,Raúl Milián,"Cuban, 1914–1984",Cuban,male,1914,1984,,
3981,Pedro Millar,"Chilean, 1930–2014",Chilean,male,1930,2014,,
3982,Manolo Millares,"Spanish, 1926–1972",Spanish,male,1926,1972,Q1394562,500020894
3983,Earl Miller,"American, 1930–2003",American,male,1930,2003,,
3984,John Miller,"American, born 1948",American,male,1948,0,,
3985,Kenneth Hayes Miller,"American, 1876–1952",American,male,1876,1952,Q3195174,500025218
3986,Melissa Miller,"American, born 1951",American,female,1951,0,,
3987,Nachume Miller,"Israeli, 1949–1998",Israeli,male,1949,1998,,
3988,P. A. Miller,American,American,,0,0,,
3989,"William H. Miller, Jr.",American,American,male,0,0,,
3990,Peter Caldwell Millett,"American, born 1949",American,male,1949,0,,
3991,Edward Millman,"American, 1907–1964",American,male,1907,1964,,
3992,John Mills,"American, 1842–1916",American,male,1842,1916,,
3993,Lev Mills,"American, 1938–2021",American,male,1938,2021,,
3994,David Brown Milne,"Canadian, 1882–1953",Canadian,male,1882,1953,Q4348982,500025228
3995,Keith Milow,"British, born 1945",British,male,1945,0,Q443372,500003262
3996,Zwi Milshtein,"Israeli, born 1934",Israeli,male,1934,0,,
3997,Peter Milton,"American, born 1930",American,male,1930,0,,
3998,Marcello Minale,"Italian, 1938–2000",Italian,male,1938,2000,,
3999,Keiko Minami,"Japanese, 1911–2004",Japanese,female,1911,2004,,
4000,André Minaux,"French, born 1923",French,male,1923,0,,
4001,Stephen Mindel,"American, born 1938",American,male,1938,0,,
4002,Vera Bocayúva Mindlin,"Brazilian, 1920–1985",Brazilian,female,1920,1985,,
4005,Roger Minick,"American, born 1944",American,male,1944,0,,
4006,Thomas Minkler,"American, 1933–1994",American,male,1933,1994,,
4007,George Minne,"Belgian, 1867–1941",Belgian,male,1867,1941,,
4008,Marilyn Minter,"American, born 1948",American,female,1948,0,Q3847976,500126089
4010,Marta Minujín,"Argentine, born 1943",Argentine,male,1943,0,Q6774151,500050198
4011,Luciano Miori,"Italian, 1921–2006",Italian,male,1922,2006,,
4012,Jean Miotte,"French, born 1926",French,male,1926,0,,
4013,Victor Mira,"Spanish, born 1949",Spanish,male,1949,0,,
4014,Antoni Miralda,"Spanish, born 1942",Spanish,male,1942,0,,
4015,Mirko,Italian,Italian,,0,0,Q1938259,500004695
4016,Joan Miró,"Spanish, 1893–1983",Spanish,male,1893,1983,Q152384,500014094
4020,Rodolfo Mishaan,"Guatemalan, born 1924",Guatemalan,male,1924,0,,
4021,Léonard Misonne,"Belgian, 1870–1943",Belgian,male,1870,1943,,
4022,Richard Misrach,"American, born 1949",American,male,1949,0,Q7327841,500110670
4023,Mary Miss,"American, born 1944",American,female,1944,0,Q16732679,500003258
4024,Misztrik De Monda,Russian,Russian,male,0,0,,
4025,Julio Mitchel,"Cuban, born 1942",Cuban,male,1942,0,,
4026,Joan Mitchell,"American, 1925–1992",American,female,1925,1992,Q469934,500000901
4027,Allan Mitelman,Australian,Australian,male,0,0,,
4028,Dmitrii Mitrokhin,"Russian, 1883–1973",Russian,male,1883,1973,,
4029,"Mitsubishi Electric Corp., Japan",est. 1921,Japanese,,1921,0,,
4030,Petr Miturich,"Russian, 1887–1956",Russian,male,1887,1956,,
4031,George Miyasaki,"American, 1935–2013",American,male,1935,2013,,
4032,Akira Miyoshi,"Japanese, born 1919",Japanese,male,1919,0,,
4033,Jan Młodożeniec,"Polish, 1929–2000",Polish,male,1929,2000,Q6149526,500081247
4034,Jerry Moberg,American,American,male,0,0,,
4035,Evsa Model,"American, born Russia. 1900–1976",American,male,1900,1976,,
4036,Lisette Model,"American, born Austria. 1901–1983",American,female,1901,1983,Q79067,500000242
4037,Paula Modersohn-Becker,"German, 1876–1907",German,female,1876,1907,Q234370,500004913
4038,Amedeo Modigliani,"Italian, 1884–1920",Italian,male,1884,1920,Q120993,500026509
4039,Tina Modotti,"Italian, 1896–1942",Italian,female,1896,1942,Q466946,500031886
4040,Alfred Keane Moe,American,American,male,0,0,,
4041,Siegfried Moeller,German,German,male,0,0,,
4042,Rudolf Moethe,German,German,male,0,0,,
4043,Curtis Moffat,"British, 1887–1949",British,male,1887,1949,Q5195836,500050191
4044,Paul Mogensen,"American, born 1941",American,male,1941,0,,
4045,Bill Moggridge,"British, 1943–2012",British,male,1943,2012,,
4046,Jean Mohler,French,French,male,0,0,,
4048,László Moholy-Nagy,"American, born Hungary. 1895–1946",American,male,1895,1946,Q160448,500004274
4049,Benjamín Molina,"Mexican, 1914–c.1975",Mexican,male,1914,1975,,
4050,Guido Molinari,"Canadian, 1933–2004",Canadian,male,1933,2004,Q320422,500033033
4051,Antonio Ares Moliné,"Spanish, 1907–1937",Spanish,male,1907,1937,,
4052,Eduardo Moll,"Peruvian, born Germany 1929",Peruvian,male,1929,0,,
4054,Johannes Molzahn,"German, 1892–1965",German,male,1892,1965,Q214778,500010318
4055,Sahlan Momo,"Italian, born 1944",Italian,male,1944,0,,
4056,Ana Maria Moncalvo,"Argentine, 1921–2009",Argentine,female,1921,2009,,
4057,Piet Mondrian,"Dutch, 1872–1944",Dutch,male,1872,1944,Q151803,500004972
4058,Claude Monet,"French, 1840–1926",French,male,1840,1926,Q296,500019484
4060,Jay Monroe,"American, born 1926",American,male,1926,0,,
4061,Gustavo Monroy,"Mexican, born 1959",Mexican,male,1959,0,,
4062,Rubén Ortiz-Torres,"Mexican, born 1964",Mexican,male,1964,0,,
4063,Roberto Montenegro,"Mexican, 1885–1968",Mexican,male,1885,1968,Q724692,500006003
4064,Jan Montyn,"Dutch, born 1924",Dutch,male,1924,0,,
4066,Robert Moon,"American, born 1941",American,male,1941,0,,
4067,John D. Mooney,"American, born 1941",American,male,1941,0,,
4068,Claire Moore,"American, 1917–1988",American,female,1917,1988,,
4069,David Moore,"American, born 1918",American,male,1918,0,,
4070,Frank Moore,"American, 1953–2002",American,male,1953,2002,,
4071,Henry Moore,"British, 1898–1986",British,male,1898,1986,Q151097,500032596
4072,Margaret Ann Moorman,"American, born 1948",American,female,1948,0,,
4073,Max Oppenheimer (MOPP),"Austrian, 1885–1954",Austrian,male,1885,1954,Q216480,500020342
4074,"Francisco (""Pancho"") Mora","Mexican, 1922–2002",Mexican,male,1922,2002,,
4075,Otto Morach,"Swiss, 1887–1973",Swiss,male,1887,1973,Q119369,500030671
4077,Jesús Morales Aguilar,Mexican,Mexican,male,0,0,,
4078,Armando Morales Sequeira,"Nicaraguan, 1927–2011",Nicaraguan,male,1927,2011,,
4079,Giorgio Morandi,"Italian, 1890–1964",Italian,male,1890,1964,Q309618,500009413
4080,Ibi Trier Mørch,"Danish, 1910–1980",Danish,male,1910,1980,,
4082,Luc-Albert Moreau,"French, 1882–1948",French,male,1882,1948,,
4083,François Morellet,"French, 1926–2016",French,male,1926,2016,Q667780,500014331
4084,Alberico Morena,Italian,Italian,male,0,0,,
4085,Mattia Moreni,"Italian, 1920–1999",Italian,female,1920,1999,,
4086,Rafael Moreno,"Cuban, born Spain. 1887–1955",Cuban,male,1887,1955,,
4087,Gabriel Morera,"Venezuelan, born Madrid 1933",Venezuelan,male,1933,0,,
4088,Carlo Moretti,"Italian, born 1934",Italian,male,1934,0,,
4089,Barbara Morgan,"American, 1900–1992",American,female,1900,1992,Q4859173,500023840
4090,Maud Morgan,"American, 1903–1999",American,female,1903,1999,Q16014458,500037780
4091,Norma G. Morgan,"American, 1928–2017",American,female,1928,2017,,
4092,Yoshitoshi Mori,"Japanese, 1897–1992",Japanese,male,1897,1992,,
4093,Morillon,French,French,,0,0,,
4094,Shigeyoshi Morioka,"Japanese, born 1941",Japanese,male,1941,0,,
4095,Berthe Morisot,"French, 1841–1895",French,female,1841,1895,Q105320,500029669
4096,Morita Yasuji,"Japanese, 1912–1959",Japanese,male,1912,1959,,
4097,Andreas Moritz,"German, 1901–1983",German,male,1901,1983,,
4098,Masamitsu Moriwaki,"Japanese, born 1924",Japanese,male,1924,0,,
4099,Daidō Moriyama (森山 大道),"Japanese, born 1938",Japanese,male,1938,0,Q1157532,500120366
4100,Malcolm Morley,"American, born Great Britain. 1931–2018",American,male,1931,2018,Q316667,500030391
4102,George Morris,"British, active 1940s",British,male,0,0,,
4103,Carl Morris,"American, 1911–1993",American,male,1911,1993,Q5040566,500025496
4104,G. R. Morris,British,British,,0,0,,
4105,George L. K. Morris,"American, 1905–1975",American,male,1905,1975,,
4106,Hilda Morris,"American, 1911–1991",American,female,1911,1991,,
4107,Michael Morris,"Canadian, born 1942",Canadian,male,1942,1942,,
4108,Robert Morris,"American, 1931–2018",American,male,1931,2018,Q465168,500020041
4109,Wright Morris,"American, 1910–1998",American,male,1910,1998,Q920901,500037016
4110,Andrew Morrison,"American, born 1939",American,male,1939,0,,
4111,Jonathan Morse,"American, born 1948",American,male,1948,0,,
4113,Richard Mortensen,"Danish, 1910–1993",Danish,male,1910,1993,,
4114,Ree Morton,"American, 1936–1977",American,female,1936,1977,,
4115,Don Mortrude,American,American,male,0,0,,
4116,Mike Mosco,"American, born 1921",American,male,1921,0,,
4117,Victor Moscoso,"American, born Spain 1936",American,male,1936,0,Q7583727,500129202
4118,Jill Moser,"American, born 1956",American,female,1956,0,Q19833757,500330383
4119,Koloman Moser,"Austrian, 1868–1918",Austrian,male,1868,1918,Q45055,500030689
4121,Ed Moses,"American, 1926–2018",American,male,1926,2018,Q1293064,500015112
4122,Robert Moskowitz,"American, 1935–2024",American,male,1935,2024,Q4303834,500058169
4123,Charles William Moss,"American, born 1923",American,male,1923,0,,
4124,Marlow Moss,"British, 1890–1958",British,female,1890,1958,Q2576565,500015909
4125,Olivier Mosset,"Swiss, born 1944",Swiss,male,1944,0,,
4126,Robert Motherwell,"American, 1915–1991",American,male,1915,1991,Q165275,500016415
4127,Sadamasa Motonaga,"Japanese, 1922–2011",Japanese,male,1922,2011,,
4128,Robert Mottar,American,American,male,0,0,,
4129,Deborah de Moulpied,"American, born 1933",American,female,1933,0,,
4130,Edward Moulthrop,"American, born 1916",American,male,1916,0,,
4131,Olivier Mourgue,"French, born 1939",French,male,1939,0,Q3351241,500337065
4133,Stanley Mouse,"American, born 1940",American,male,1940,0,,
4134,Seong Moy,"American, born China.1921–2013",American,male,1921,2013,Q7451573,500040906
4135,Marcello Muccini,"Italian, 1926–1978",Italian,male,1926,1978,,
4136,Alphonse Mucha,"Czech, born Moravia (then Austria). 1860–1939",Czech,male,1860,1939,Q146691,500030136
4137,Georg Muche,"German, 1895–1987",German,male,1895,1987,Q646159,500020595
4138,James Mudd,"British, 1821–1906",British,male,1821,1906,Q20054873,500023618
4139,Grant Mudford,"Australian, born 1944",Australian,male,1944,0,,
4140,Otto Mueller,"German, 1874–1930",German,male,1874,1930,Q317041,500125010
4141,Robert Emmett Müller,American,American,male,0,0,,
4142,John Muench,"American, 1914–1993",American,male,1914,1993,,
4143,Shuji Mukai,"Japanese, born 1939",Japanese,male,1939,0,,
4144,Thomas Mukarobgwa,"Zimbabwean, born Southern Rhodesia. 1924–1999",Zimbabwean,male,1924,1999,,
4145,Mark W. Mulhern,"American, born 1951",American,male,1951,0,,
4146,Michael Mullen,"American, born 1937",American,male,1937,0,,
4147,C. O. Muller,"German, born 1893",German,,1893,0,,
4148,Fridolin Müller,"Swiss, born 1926",Swiss,male,1926,0,,
4149,Grégoire Müller,"Swiss, born 1947",Swiss,male,1947,0,,
4150,Jan Müller,"American, born Germany. 1922–1958",American,male,1922,1958,Q6149574,500001212
4151,Josef Felix Muller,Nationality unknown,Nationality unknown,male,0,0,Q1397857,500049677
4153,Robert Müller,"Swiss, 1920–2003",Swiss,male,1920,2003,,
4154,Josef Müller-Brockmann,"Swiss, 1914–1996",Swiss,male,1914,1996,Q123409,500125350
4155,Hans Müller-Dachau,"German, 1877–1925",German,male,1877,1925,,
4156,Peter Müller-Munk,"American, 1904–1967",American,male,1904,1967,,
4157,Shizuko Muller-Yoshikawa,"Swiss, born Japan. 1934–2019",Swiss,female,1934,2019,,
4158,Gerd Alfred Müller,"German, born 1932",German,male,1932,0,,
4159,Lee Mullican,"American, 1919–1998",American,male,1919,1998,Q6514618,500002977
4160,Matt Mullican,"American, born 1951",American,male,1951,0,Q13539263,500115023
4161,Ferdinand Mulnier,French,French,male,0,0,,
4162,Shiko Munakata,"Japanese, 1903–1975",Japanese,male,1903,1975,Q1251247,500105681
4163,Bruno Munari,"Italian, 1907–1998",Italian,male,1907,1998,Q708028,500076929
4164,Edvard Munch,"Norwegian, 1863–1944",Norwegian,male,1863,1944,Q41406,500032949
4165,Janis Muncis,"Latvian, 1886–1955",Russian,male,1886,1955,,
4166,Robert Munford,"American, 1925–1991",American,male,1925,1991,,
4167,Martin Munkacsi,"American, born Hungary. 1896–1963",American,male,1896,1963,Q708491,500012064
4168,Joe Munroe,American,American,male,0,0,,
4170,Maina-Miriam Munsky,"German, 1943–1999",German,female,1943,1999,,
4171,Donald Munson,"American, born 1945",American,male,1945,0,,
4172,Gabriele Münter,"German, 1877–1962",German,female,1877,1962,,
4173,Murai Masanari,"Japanese, 1905–1999",Japanese,male,1905,1999,,
4174,Reiko Tanabe,"Japanese, born 1934",Japanese,female,1934,0,,
4177,Nickolas Muray,"American, born Hungary. 1892–1965",American,male,1892,1965,Q752987,500013231
4178,Walter Tandy Murch,"American, 1907–1967",American,male,1907,1967,Q7966252,500020472
4179,Zühtü Müritoğlu,"Turkish, 1906–1992",Turkish,male,1906,1992,,
4180,Catherine Murphy,"American, born 1946",American,female,1946,0,Q19609858,500040908
4181,Gerald Murphy,"American, 1888–1964",American,male,1888,1964,Q15525738,500011818
4182,John J. A. Murphy,"American, 1888–1967",American,male,1888,1967,,
4183,Michaela Allan Murphy,"American, born 1952",American,male,1952,0,,
4184,Colin Murray,British,British,male,0,0,,
4185,Elizabeth Murray,"American, 1940–2007",American,female,1940,2007,Q212426,500025911
4186,Robert Murray,"Canadian, born 1936",Canadian,male,1936,0,,
4187,Edo Murtić,"Croatian, 1921–2005",Croatian,male,1921,2005,,
4188,Isaac Lane Muse,"American, 1906–1996",American,male,1906,1996,,
4189,Zoran Mušič,"Slovenian, 1909–2005",Slovenian,male,1909,2005,Q220545,500000140
4190,Peter Mussfeldt,"Ecuadorian, born Berlin 1938",Ecuadorian,male,1938,0,,
4191,Toby Mussman,"American, born 1940",American,male,1940,0,,
4192,Eadweard J. Muybridge,"American, born England. 1830–1904",American,male,1830,1904,Q190568,500115207
4193,Carl Mydans,"American, 1907–2004",American,male,1907,2004,Q562904,500092591
4194,Jerome Myers,"American, 1867–1940",American,male,1867,1940,,
4195,Donia Nachshen,British,British,female,0,0,,
4196,Nadar (Gaspard-Félix Tournachon),"French, 1820–1910",French,male,1820,1910,Q40116,500005199
4197,Elie Nadelman,"American, born Poland. 1882–1946",American,male,1882,1946,Q1288595,500032388
4198,Kazumasa Nagai,"Japanese, born 1929",Japanese,male,1929,0,,
4199,Shigeichi Nagano,"Japanese, 1925 – 2019",Japanese,male,1925,2019,,
4200,Naganuma Koichi,Japanese,Japanese,male,0,0,,
4202,Takeo Nagasawa,Japanese,Japanese,male,0,0,,
4203,John Nagel,"American, born 1942",American,male,1942,0,,
4204,Reinhold Nägele,"German, 1884–1972",German,male,1884,1972,,
4205,Fred Nagler,"American, 1891–1983",American,,1891,1983,,
4206,Nagwaraba,Australian,Australian,male,0,0,,
4208,Masatoshi Naitoh,"Japanese, 1938–2025",Japanese,male,1938,2025,,
4209,Naoto Nakagawa,"Japanese, born 1944",Japanese,male,1944,0,,
4212,Makoto Nakamura,"Japanese, born 1926",Japanese,male,1926,0,,
4213,Yoshinobu Nakamura (中村 由信),"Japanese, 1925 – 1990",Japanese,male,1925,1990,,
4216,Iwata Nakayama (中山 岩太),"Japanese, 1895–1949",Japanese,male,1895,1949,Q6100759,500323064
4217,Hitoshi Nakazato,"Japanese, 1936–2010",Japanese,male,1936,2010,,
4218,Reuben Nakian,"American, 1897–1986",American,male,1897,1986,Q7317496,500027533
4219,Ronald Nameth,American,American,male,0,0,,
4221,Mauricio Nannucci,"Italian, born 1939",Italian,male,1939,0,,
4223,Harry Napper,"British, 1860–1930",British,male,1860,1930,,
4225,James Nares,"British, born 1953",British,female,1953,0,Q16185492,500110769
4226,Willard Nash,"American, 1898–1942",American,,1898,1942,,
4227,John Northcote Nash,"British, 1893–1977",British,male,1893,1977,Q4328435,500020212
4228,Paul Nash,"British, 1889–1946",British,male,1889,1946,Q727643,500032079
4229,Thomas W. Nason,"American, 1889–1971",American,male,1889,1971,,
4230,Ben Nason,"American, born 1915",American,male,1915,0,,
4231,Carlo Nason,"Italian, born 1935",Italian,male,1935,0,,
4232,Giuseppe Nason,Italian,Italian,male,0,0,,
4233,Umberto Nason,"Italian, 1889–1964",Italian,male,1889,1964,,
4234,Ugo Nason,Italian,Italian,male,0,0,,
4236,Jacques Nathan-Garamond,"French, 1910–2001",French,male,1910,2001,Q1678055,
4238,Robert Natkin,"American, 1930–2010",American,male,1930,2010,,
4239,Ulrike Nattermuller,"German, born 1955",German,male,1955,0,,
4240,Gertrud Natzler,"American, born Austria. 1908–1971",American,female,1908,1971,Q11924144,500102866
4241,Otto Natzler,"American, born Austria. 1908–2007",American,male,1908,2007,Q690713,500102867
4242,Heinrich Nauen,"German, 1880–1941",German,male,1880,1941,Q461828,500004670
4243,Bruce Nauman,"American, born 1941",American,male,1941,0,Q168665,500118742
4245,Ernst Wilhelm Nay,"German, 1902–1968",German,male,1902,1968,Q644630,500016719
4246,Genevieve Naylor,"American, 1914–1989",American,female,1914,1989,,
4247,Joseph Ndandarika,"Zimbabwean (then Southern Rhodesia), 1944–1991",Zimbabwean,male,1944,1991,,
4248,Reginald Neal,"American, 1909–1992",American,male,1909,1992,,
4249,Otto Nebel,"German, 1892–1973",German,male,1892,1973,,
4250,"NEC Design, Ltd.","Japan, est. 1971",Japanese,,1971,0,,
4251,Joseph Nechvatal,"American, born 1951",American,male,1951,0,,
4252,Nedo Mion Ferrario,"Venezuelan, born Italy. 1926–2001",Venezuelan,male,1926,2001,,
4253,Alice Neel,"American, 1900–1984",American,female,1900,1984,Q460186,500022216
4254,Charles Nègre,"French, 1820–1880",French,male,1820,1880,Q1065673,500015868
4255,Édgar Negret,"Colombian, 1920–2012",Colombian,male,1920,2012,Q573192,500108151
4256,Ernst Neizvestny,"Russian, 1925–2016",Russian,male,1925,2016,Q622814,500115637
4257,George Nelson,"American, 1908–1986",American,male,1908,1986,Q1507993,500017574
4258,Joan Nelson,"American, born 1958",American,female,1958,0,,
4259,Robert A. Nelson,"American, 1925–2021",American,male,1925,2021,,
4260,Gerda Mikhailova Nemenova,"Russian, 1905–1986",Russian,female,1905,1986,,
4261,Vladimir Nikolaevich Nemukhin,"Russian, born 1925",Russian,male,1925,0,,
4262,Virginia Nepodal,"American, 1914–2009",American,female,1914,2009,,
4265,Lowell Nesbitt,"American, 1933–1993",American,male,1933,1993,,
4266,Rolf Nesch,"Norwegian, born Germany. 1893–1975",Norwegian,male,1893,1975,Q318053,500016779
4267,Greta Von Nessen,"American, born Sweden. 1898–1974",American,female,1898,1974,,
4268,Walter Von Nessen,"American, 1889–1943",American,male,1889,1943,,
4269,Steven E. Nestler,"American, born 1946",American,male,1946,0,,
4270,Bea Nettles,"American, born 1946",American,female,1946,0,Q4875664,500069996
4271,Netzler,Swedish,Swedish,,0,0,,
4272,Robert S. Neuman,"American, 1926–2015",American,male,1926,2015,,
4273,Neumann,Nationality unknown,Nationality unknown,,0,0,,
4275,Hannes Neuner,German,German,male,0,0,,
4276,Joshua Neustein,"American, born 1940",American,male,1940,0,,
4277,Richard Neutra,"American, born Austria. 1892–1970",American,male,1892,1970,Q84312,500017837
4278,Louise Nevelson,"American, born Ukraine. 1899–1988",American,female,1899,1988,Q7531,500001621
4279,Christopher Richard Wynne Nevinson,"British, 1889–1946",British,male,1889,1946,Q185850,500031355
4281,Albert Newall,"British, 1920–1989",British,male,1920,1989,,
4282,Newcombe,Nationality unknown,Nationality unknown,,0,0,,
4283,Beaumont Newhall,"American, 1908–1993",American,male,1908,1993,,
4284,Arnold Newman,"American, 1918–2006",American,male,1918,2006,Q695853,500025420
4285,Barnett Newman,"American, 1905–1970",American,male,1905,1970,Q374504,500000960
4286,John Newman,"American, born 1952",American,male,1952,0,,
4287,Billie Newmarch,American,American,,0,0,,
4288,Algernon Newton,"British, 1880–1968",British,male,1880,1968,,
4289,Gordon Newton,"American, 1948–2019",American,male,1948,2019,,
4290,Don Nice,"American, born 1932",American,male,1932,0,,
4291,Herbert B. Nichols,"American, 1907–1994",American,male,1907,1994,,
4292,Jim Nichols,Nationality unknown,Nationality unknown,male,0,0,,
4293,Ben Nicholson,"British, 1894–1982",British,male,1894,1982,Q281637,500005137
4294,William Newzam Prior Nicholson,"British, 1872–1949",British,male,1872,1949,Q2066520,500004272
4295,Robert Lovis Nicoidski,"Swiss, 1931–2001",Swiss,male,1931,2001,,
4298,Nic Nicosia,"American, born 1951",American,male,1951,0,,
4300,Roberto Niederer,Swiss,Swiss,male,0,0,,
4301,Palle Nielson,"Danish, 1920–2005",Danish,male,1920,2005,,
4302,Rodolfo Nieto,"Mexican, 1936–1985",Mexican,male,1936,1985,,
4303,Frans van Nieuwenborg,"Dutch, born 1941",Dutch,male,1941,0,,
4304,Minoru Niizuma,"Japanese, 1930–1998",Japanese,male,1930,1998,Q6869291,500115256
4305,Vaslav Nijinsky,"Russian, 1890–1950",Russian,male,1890,1950,Q194363,500078791
4307,Key L. Nilson,"Swedish, 1938–2002",Swedish,male,1938,2002,,
4308,Gladys Nilsson,"American, born 1940",American,female,1940,0,Q5566442,500064364
4309,Bruno Ninaber Van Eyben,"Dutch, born 1950",Dutch,male,1950,0,,
4310,Hermann Nitsch,"Austrian, born 1938",Austrian,male,1938,2022,Q651376,500097958
4311,Erik Nitsche,"Swiss, 1908–1998",Swiss,male,1908,1998,Q1354044,500037120
4312,Oscar Nitzchke,"American, born Germany. 1900–1991",American,male,1900,1991,Q7106160,500034334
4313,Niviaksiak,"Inuit and Canadian, 1908–1959",Canadian Inuit,male,1908,1959,,
4314,Costantino Nivola,"American, born Italy. 1911–1988",American,male,1911,1988,Q1136448,500084110
4315,Nicholas Nixon,"American, born 1947",American,male,1947,0,Q2309478,500037045
4316,Marcello Nizzoli,"Italian, 1887–1969",Italian,male,1887,1969,Q555508,500013130
4317,Anthony Nobile,"American, born 1938",American,male,1938,0,,
4318,Tetsuya Noda,"Japanese, born 1940",Japanese,male,1940,0,,
4319,Francis Noel,"American, born 1937",American,male,1937,0,,
4320,Georges Noël,"French, 1924–2010",French,male,1924,2010,,
4321,Werner Nöfer,German,German,male,0,0,,
4323,Anne Noggle,"American, 1922–2005",American,female,1922,2005,,
4324,Isamu Noguchi,"American, 1904–1988",American,male,1904,1988,Q442628,500008602
4325,Sidney Nolan,"Australian, 1917–1992",Australian,male,1917,1992,Q381031,500028209
4326,Kenneth Noland,"American, 1924–2010",American,male,1924,2010,Q527001,500003418
4327,Emil Nolde,"German, 1867–1956",German,male,1867,1956,Q152788,500003109
4330,Richard Nonas,"American, born 1936",American,male,1936,0,Q2154642,
4331,John Noneman,"American, born 1938",American,male,1938,0,,
4332,Wim Noordhoek,Nationality unknown,Nationality unknown,,0,0,,
4333,Barbara Norfleet,"American, born 1926",American,female,1926,0,,
4334,Dorothy Norman,"American, 1905–1997",American,female,1905,1997,Q5298570,500071933
4335,John Warner Norton,"American, 1876–1934",American,male,1876,1934,Q2198813,500061231
4336,William McFarlane Notman,"Canadian, 1826–1891",Canadian,male,1826,1891,,
4337,Noury,Czech,Czech,,0,0,,
4338,Lorie Novak,"American, born 1954",American,female,1954,0,,
4340,Gastone Novelli,"Italian, 1925–1968",Italian,male,1925,1968,Q834313,500065959
4341,David Novros,"American, born 1941",American,male,1941,0,Q17478646,500031057
4342,Ira Nowinski,"American, born 1942",American,male,1942,0,,
4344,Thomas Nozkowski,"American, 1944–2019",American,male,1944,2019,,
4345,Sam Joseph Ntiro,"Tanzanian, 1923–1993",Tanzanian,male,1923,1993,,
4346,Yki Nummi,"Finnish, born China. 1925–1984",Finnish,male,1925,1984,,
4347,Guillermo Núñez,"Chilean, 1930–2024",Chilean,male,1930,2024,,
4348,Jim Nutt,"American, born 1938",American,male,1938,0,Q6197218,500018267
4349,Wallace Nutting,"American, 1861–1941",American,male,1861,1941,,
4350,Futzie Nutzle,"American, born 1942",American,female,1942,0,,
4352,Gunnel Nyman,"Finnish, 1909–1948",Finnish,male,1909,1948,Q4970605,500279544
4353,Thom O'Connor,"American, born 1937",American,male,1937,0,,
4354,Roderic O'Conor,"Irish, 1860–1940",Irish,male,1860,1940,Q7356577,500012883
4355,Hugh O'Donnell,"British, born 1950",British,male,1950,0,Q5932128,500016043
4356,Juan O'Gorman,"Mexican, 1905–1982",Mexican,male,1905,1982,Q1378325,500085563
4357,Frederick O'Hara,"American, 1904–1980",American,male,1904,1980,,
4358,Pablo O'Higgins,"Mexican, born America, 1904–1983",Mexican,male,1904,1983,Q1599655,500062848
4359,Ida O'Keeffe,"American, 1889–1961",American,female,1889,1961,,
4360,Georgia O'Keeffe,"American, 1887–1986",American,female,1887,1986,Q46408,500018666
4361,Jon T. O'Neal,"American, born 1957",American,male,1957,0,,
4362,John O'Reilly,"American, born 1930",American,male,1930,0,,
4363,Timothy O'Sullivan,"American, born Ireland. 1840–1882",American,male,1840,1882,Q1371063,500005788
4364,Shuichi Obata,"Japanese, born 1932",Japanese,male,1932,0,,
4365,Robert Oberheim,"German, born 1938",German,male,1938,0,,
4366,Jean Oberlé,"French, 1900–1961",French,male,1900,1961,,
4367,Obikawa Seijiro,,,,0,0,,
4368,Philomé Obin,"Haitian, 1892–1986",Haitian,male,1892,1986,,
4370,Isidoro Ocampo,"Mexican, 1910–1983",Mexican,male,1910,1983,,
4371,Miguel Ocampo,"Argentine, 1922–2015",Argentine,male,1922,2015,,
4372,Tetsuo Ochikubo,"American, 1923–1975",American,male,1923,1975,,
4373,Starr Ockenga,"American, born 1938",American,female,1938,0,,
4374,Will Hiroshi Oda,"American, born 1943",American,male,1943,0,,
4375,Albert Oehlen,"German, born 1954",German,male,1954,0,Q529337,500047413
4376,Richard Oelze,"German, 1900–1981",German,male,1900,1981,Q175412,500027137
4377,Donald M. Oenslager,"American, 1902–1975",American,male,1902,1975,Q5294955,500010835
4379,Hans Ofner,"Austrian, born 1880",Austrian,male,1880,0,,
4380,Haruzo Ohashi,"Japanese, born 1927",Japanese,male,1927,0,,
4381,Hiroshi Ohchi,"Japanese, 1908–1974",Japanese,male,1908,1974,,
4383,Hiroshi Omae,"Japanese, born 1938",Japanese,female,1938,0,,
4384,George Ohr,"American, 1857–1918",American,male,1857,1918,Q5538774,500071841
4385,Shinro Ohtake,"Japanese, born 1955",Japanese,male,1955,0,,
4386,Koyo Okada,"Japanese, 1895–1972",Japanese,male,1895,1972,Q3491749,500340398
4387,Rikuro Okamoto,"Japanese, born 1943",Japanese,male,1943,0,,
4388,Shigeo Okamoto,"Japanese, born 1934",Japanese,male,1934,0,,
4389,Yoichi R. Okamoto,"American, 1915–1985",American,male,1915,1985,,
4390,Okamura Kichiemon,"Japanese, born 1916",Japanese,male,1916,0,,
4391,William Bayard Okie Jr.,"American, 1906–1971",American,male,1906,1971,,
4392,Tetsu Okuhara,"American, born 1942",American,male,1942,0,,
4393,Rafal Olbinski,"Polish, born 1945",Polish,male,1945,0,,
4394,Joseph Maria Olbrich,"Austrian, 1867–1908",Austrian,male,1867,1908,Q44911,500120003
4395,Alexander Olbricht,"German, 1876–1942",German,male,1876,1942,,
4396,Serge Oldenbourg,"French, 1927–2000",French,male,1927,2000,,
4397,Claes Oldenburg,"American, born Sweden. 1929–2022",American,male,1929,2022,Q156731,500029735
4398,Elizabeth Olds,"American, 1897–1991",American,female,1897,1991,Q5363286,500018141
4399,Jules Olitski,"American, born Russia.1922–2007",American,male,1922,2007,Q428550,500009050
4400,Nathan Oliveira,"American, 1928–2010",American,male,1928,2010,Q3336745,500028137
4401,Amado Mauprivez Oliver,"Catalan Spanish, 1896–1996",Spanish,male,1896,1996,,
4402,Arthur Ollman,"American, born 1947",American,male,1947,0,,
4403,Barbara Olmsted,"American, 1915–2013",American,female,1915,2013,,
4404,Axel Olson,Swedish,Swedish,male,0,0,,
4405,Eric H. Olson,"Swedish, 1909–1986",Swedish,male,1909,1986,,
4406,Lennart Olson,"Swedish, 1925–2010",Swedish,male,1925,2010,,
4407,Koshiro Onchi,"Japanese, 1891–1955",Japanese,male,1891,1955,Q2038322,500120365
4408,Toni Onley,"Canadian, born Isle of Man. 1928–2004",Canadian,male,1928,2004,Q7821311,500002853
4409,Ono Takahiro,"Japanese, born 1925",Japanese,male,1925,0,,
4410,Yoko Ono,"Born Japan, 1933",American,female,1933,0,Q117012,500115959
4411,Gordon Onslow-Ford,"British, 1912–2003",British,male,1912,2003,Q3889392,500020355
4413,Roman Opalka,"Polish, 1931–2011",Polish,male,1931,2011,Q451015,500103418
4414,Rodolfo Opazo,"Chilean, 1935–2019",Chilean,male,1935,2019,,
4415,Dennis Oppenheim,"American, 1938–2011",American,male,1938,2011,Q439856,500011050
4416,Meret Oppenheim,"Swiss, 1913–1985",Swiss,female,1913,1985,Q61594,500029314
4419,John Opper,"American, 1908–1994",American,male,1908,1994,,
4420,Emmanuel-Joseph-Raphael Orazi,"French, born Italy. 1860–1934",French,male,1860,1934,,
4422,Ezra Orion,"Israeli, 1934–2015",Israeli,male,1934,2015,,
4423,Alex Oris,French,French,,0,0,,
4425,Alicia Orlandi,"Argentine, 1937–2022",Argentine,female,1937,2022,,
4426,Felipe Orlando,"Cuban, 1911–2001",Cuban,male,1911,2001,,
4427,Emil Orlik,"German, 1870–1932",German,male,1870,1932,,
4429,Don Ornitz,"American, born 1920",American,male,1920,0,,
4430,José Clemente Orozco,"Mexican, 1883–1949",Mexican,male,1883,1949,Q332041,500012316
4431,Alfred Everitt Orr,"American, born 1886",American,male,1886,0,,
4432,Orrby,Swedish,Swedish,,0,0,,
4433,Emilio Ortiz,"Mexican, 1936–1987",Mexican,male,1936,1987,,
4434,George Ortman,"American, 1926–2015",American,male,1926,2015,Q5538809,500000936
4435,Erik Ortvad,"Danish, 1917–2008",Danish,male,1917,2008,,
4436,Osawa Gakyū,"Japanese, 1890–1953",Japanese,male,1890,1953,Q11547471,
4438,Robert Osborn,"American, 1904–1994",American,male,1904,1994,Q7342646,500022179
4439,Christine Osinski,"American, born 1948",American,female,1948,0,,
4440,Roberto Ossaye,"Guatemalan, 1927–1954",Guatemalan,male,1927,1954,,
4441,Alfonso Ossorio,"American, born Philippines. 1916–1990",American,male,1916,1990,Q827547,500026802
4442,Anders Osterlin,"Swedish, born 1926",Swedish,male,1926,0,,
4443,Fayga Ostrower,"Brazilian, born Poland 1920–2001",Brazilian,female,1920,2001,,
4444,Arthur Osver,"American, 1912–2006",American,male,1912,2006,,
4445,Alejandro Otero,"Venezuelan, 1921–1990",Venezuelan,male,1921,1990,Q2117224,500031060
4446,María Catalína Otero Lamas,"Argentine, born 1909",Argentine,female,1909,0,,
4447,Ryszard K. Otreba,"Polish, born 1932",Polish,male,1932,0,,
4448,Tom Otterness,"American, born 1952",American,male,1952,0,Q1772326,500059388
4449,Otto & Fiere,French,French,,0,0,,
4452,Paul Outerbridge,"American, 1896–1958",American,male,1896,1958,Q1263693,500012576
4453,Marion Overby,"American, born 1909",American,,1909,0,,
4454,Bill Owens,"American, born 1938",American,male,1938,0,Q4910416,500204781
4456,Owo,German,German,,0,0,,
4457,Tetsoro Oya,Japanese,Japanese,male,0,0,,
4458,Amédée Ozenfant,"French, 1886–1966",French,male,1886,1966,Q381937,500009733
4460,Guy Pène du Bois,"American, 1884–1958",American,male,1884,1958,Q5622550,500120494
4461,Alice Rahon,"French, 1904–1987",French,female,1904,1987,,
4462,Wolfgang Paalen,"Austrian, 1905–1959",Austrian,male,1905,1959,Q669728,500031356
4464,Onofrio A. Pacenza,"Argentine, 1904–1971",Argentine,male,1904,1971,,
4465,Walter Pach,"American, 1883–1958",American,male,1883,1958,Q466258,500013829
4466,Homer Page,"American, 1918–1985",American,male,1918,1985,Q5890168,500329918
4467,Patrick D. Pagnano,"American, born 1947",American,male,1947,0,,
4468,Andrzej Pagowski,"Polish, born 1953",Polish,male,1953,0,Q4759678,
4469,Nam June Paik,"American, born Korea. 1932–2006",American,male,1932,2006,Q158056,500118744
4470,Timo Tauno Pajunen,"American, born 1945",American,male,1945,0,,
4471,Luisa Zuloaga de Palacios,"Venezuelan, 1923–1990",Venezuelan,female,1923,1990,,
4472,Mimmo Paladino,"Italian, born 1948",Italian,male,1948,0,Q701592,500021173
4473,Julio Palazuelos,"Chilean, 1931–2014",Chilean,male,1931,2014,,
4474,Blinky Palermo,"German, 1943–1977",German,male,1943,1977,Q565472,500047415
4475,Marion Palfi,"American, born Germany. 1907–1978",American,female,1917,1978,Q20769411,500080607
4476,Hans Heinrich Palitzsch,"German, 1912–2005",German,male,1912,2005,,
4477,Tony Palladino,"American, born 1930",American,male,1930,0,,
4478,Sven Palmqvist,"Swedish, 1906–1984",Swedish,male,1906,1984,Q6034037,500332832
4479,Panamarenko,"Belgian, 1940–2019",Belgian,male,1940,2019,Q567023,500048189
4480,Hally Pancer,"American, born 1961",American,female,1961,0,,
4481,José Pancetti,"Brazilian, 1904–1958",Brazilian,male,1904,1958,Q3624721,500118844
4482,Jerzy Panek,"Polish, 1918–2001",Polish,male,1918,2001,,
4483,Otto Pankok,"German, 1893–1966",German,male,1893,1966,Q564128,500012293
4484,Ivo Pannaggi,"Italian, 1901–1981",Italian,male,1901,1981,Q726825,500056212
4485,Verner Panton,"Danish, 1926–1998",Danish,male,1926,1998,Q510955,500115239
4487,Cesare Paolini,"Italian, 1937–1983",Italian,male,1937,1983,,
4488,Eduardo Paolozzi,"British, 1924–2005",British,male,1924,2005,Q165397,500027981
4489,Peter Paone,"American, born 1936",American,male,1936,0,,
4490,Tod Papageorge,"American, born 1940",American,male,1940,0,Q1708754,500037044
4491,Antonio Papasso,"Italian, born 1932",Italian,male,1932,0,,
4492,Georges Papazoff,"Bulgarian, 1894–1972",Bulgarian,male,1894,1972,,
4494,Diógenes Paredes,"Ecuadorian, 1910–1968",Ecuadorian,male,1910,1968,,
4495,Jean-Luc Parant,Tunisian,Tunisian,male,0,0,,
4496,Richard Pare,"British, born 1948",British,male,1948,0,Q1286781,500037133
4497,Mimi Parent,"Canadian, 1924–2005",Canadian,female,1924,2005,,
4498,Harold Paris,"American, 1925–1979",American,male,1925,1979,,
4499,David Park,"American, 1911–1960",American,male,1911,1960,Q3018587,500028164
4500,Ann Parker,"American, 1934–2022",American,female,1934,2022,,
4501,Brynhild Parker,"British, 1907–1987",British,male,1907,1987,,
4502,Olivia Parker,"American, born 1941",American,female,1941,0,,
4503,Raymond Parker,"American, 1922–1990",American,male,1922,1990,Q7297929,500032519
4505,Parr,"Inuit and Canadian, 1893–1969",Canadian Inuit,male,1893,1969,Q7139716,
4506,Martin Parr,"British, born 1952",British,male,1952,0,Q962442,500029893
4507,Maxfield Parrish,"American, 1870–1966",American,male,1870,1966,Q1333928,500004193
4508,Roger Parry,"French, 1905–1977",French,male,1905,1977,Q3439343,500076448
4509,Betty Parsons,"American, 1900–1982",American,female,1900,1982,,
4510,Jürgen Partenheimer,"German, born 1947",German,male,1947,0,Q679765,500110724
4511,Robert Partin,"American, 1927–1998",American,male,1927,1998,,
4512,Roi Partridge,American,American,male,0,0,Q7359860,500074610
4513,Edward Paschke,"American, 1939–2004",American,male,1939,2004,Q3047197,500018520
4514,Jules Pascin,"American, born Bulgaria. 1885–1930",American,male,1885,1930,Q469063,500028526
4515,Victor Pasmore,"British, 1908–1998",British,male,1908,1998,Q664275,500013220
4516,Leonid Pasternak,Russian,Russian,male,0,0,,
4517,César Paternosto,"Argentine, born 1931",Argentine,male,1931,0,Q19802329,500116708
4518,Angelo Patin,Italian,Italian,male,0,0,,
4519,Izhar Patkin,"Israeli, born 1955",Israeli,male,1955,0,,
4520,Benjamin Patterson,"American, 1934–2016",American,male,1934,2016,Q817643,500202321
4521,Thomas Patti,"American, born 1943",American,male,1943,0,,
4522,Peter Paul,German,German,male,0,0,,
4523,Tony Paul,American,American,male,0,0,,
4524,Pierre Paulin,"French, 1927–2009",French,male,1927,2009,Q2026435,500054918
4525,Herbert Paus,"American, 1880–1946",American,male,1880,1946,,
4526,Pauta Saila,"Inuit and Canadian, 1917–2009",Canadian Inuit,male,1917,2009,,
4527,Pavlos,"Greek, born 1930",Greek,male,1930,0,,
4528,José Pavón,"Mexican, 1902–1995",Mexican,male,1902,1995,,
4529,Philip Pearlstein,"American, 1924–2022",American,male,1924,2022,Q708763,500011988
4530,Henry Pearson,"American,1914–2006",American,male,1914,2006,Q5719056,500074491
4531,John Pearson,"American, born 1940",American,male,1940,0,,
4532,Ronald Hayes Pearson,"American, 1924–1996",American,male,1924,1996,,
4533,Max Pechstein,"German, 1881–1955",German,male,1881,1955,Q162105,500032015
4534,Mary Peck,"American, born 1952",American,female,1952,0,,
4535,Carl-Henning Pedersen,"Danish, 1913–1993",Danish,male,1913,1993,,
4536,Pedrero,Spanish,Spanish,,0,0,,
4537,Paolo Pedrizzetti,"Italian, born 1947",Italian,male,1947,0,,
4538,Eleanore Peduzzi-Riva,"Italian, born 1936",Italian,female,1936,0,,
4539,Jozef Peeters,"Belgian, 1895–1960",Belgian,male,1895,1960,,
4540,Franz Peffer,"German, 1887–1937",German,male,1887,1937,,
4541,Amelia Peláez Del Casal,"Cuban, 1896–1968",Cuban,female,1896,1968,Q4348194,500118278
4542,Pellegrini,Swiss,Swiss,,0,0,,
4543,John Pemberton,"British, born 1948",British,male,1948,0,,
4545,Gianni Penati,"Italian, 1930–2018",Italian,male,1930,2018,,
4546,A.R. Penck (Ralf Winkler),"German, 1939–2017",German,male,1939,2017,Q279088,500006352
4547,Edward Penfield,"American, 1866–1925",American,male,1866,1925,Q2912571,500017237
4548,Irving Penn,"American, 1917–2009",American,male,1917,2009,Q318604,500016471
4549,Joseph Pennell,"American, 1860–1926",American,male,1860,1926,,
4550,Giuseppe Penone,"Italian, born 1947",Italian,male,1947,0,Q568924,500053944
4551,Roland Penrose,"British, 1900–1984",British,male,1900,1984,Q982677,500004543
4552,Auguste Pèquègnot,"French, 1819–1878",French,male,1819,1878,,
4553,Irene Rice Pereira,"American, 1907–1971",American,female,1907,1971,Q5968073,500022448
4554,Gilles Peress,"French, born 1946",French,male,1946,0,Q324062,500041571
4555,David Peretz,Nationality unknown,Nationality unknown,male,0,0,,
4557,Rossini Perez,Brazilian,Brazilian,male,0,0,,
4559,László Peri,"Hungarian, 1899–1967",Hungarian,male,1899,1967,,
4560,Achille Perilli,"Italian, born 1927",Italian,male,1927,0,,
4561,Bernard Perlin,"American,1918–2014",American,male,1918,2014,Q17446201,500024499
4562,Abigail Perlmutter,"American, born 1950",American,female,1950,0,,
4563,Oliva Perotes,Spanish,Spanish,female,0,0,,
4564,Charlotte Perriand,"French, 1903–1999",French,female,1903,1999,Q446451,500015059
4565,Stephen Perrin,"American, 1932–2019",American,male,1932,2019,,
4567,Herry Perry,"British, 1893–1962",British,female,1893,1962,,
4568,Mario Persico,"Italian, born 1930",Italian,male,1930,0,,
4569,Dolly Perutz,"American, 1908–1979",American,female,1908,1979,,
4570,Gaetano Pesce,"Italian, 1939–2024",Italian,male,1939,2024,Q1491035,500012401
4571,Gabor Peterdi,"American, born Hungary. 1915–2001",American,male,1915,2001,Q970016,500022299
4572,Walter A. Peterhans,"American, born Germany. 1897–1960",American,male,1897,1960,Q68409,500124356
4573,P. Petersen,"Norwegian,",Norwegian,,0,0,,
4574,Roland Petersen,"American, born 1926",American,male,1926,0,,
4576,Pierre Petit,"French, 1832–1909",French,male,1832,1909,Q1981250,500028356
4577,Hippolyte Petitjean,"French, 1854–1929",French,male,1854,1929,Q539063,500024965
4578,Irving Petlin,"American, born 1934",American,male,1934,0,Q6074722,500020129
4580,Trude Petri-Raben,"American, born Germany. 1906–1998",American,female,1906,1998,Q1440946,500060539
4581,Paul Petricone,"American, 1923–1988",American,male,1923,1988,,
4582,Wolfgang Petrik,German,German,male,0,0,,
4583,Petronio,Nationality unknown,Nationality unknown,,0,0,,
4584,Dimitri Petrov,"American, 1919–1986",American,male,1919,1986,,
4585,Mischa Petrow,Nationality unknown,Nationality unknown,male,0,0,,
4586,William Pettet,"American, born 1942",American,male,1942,0,,
4587,Richard Pettibone,"American, 1938–2024",American,male,1938,2024,,
4588,Emilio Pettoruti,"Argentine, 1892–1971",Argentine,male,1892,1971,Q3724491,500000946
4589,Mary Petty,"American, 1899–1976",American,female,1899,1976,,
4590,Cesare Peverelli,"Italian, 1922–2000",Italian,male,1922,2000,Q3665501,500006406
4591,Antoine Pevsner,"French, born Russia. 1886–1962",French,male,1886,1962,Q381950,500027433
4592,Dominique-Paul Peyronnet,"French, 1872–1943",French,male,1872,1943,,500079630
4593,Wilfred Pezold,"German, born 1934",German,male,1934,0,,
4594,Judy Pfaff,"American, born 1946",American,female,1946,0,Q6304556,500118748
4595,Georg-Karl Pfahler,German,German,male,0,0,,
4596,Peter Pfisterer,"American, born  Switzerland. 1907–c.1963",American,male,1907,1963,,
4597,Bernard Pfriem,"American, 1916–1996",American,male,1916,1996,Q2898425,500005499
4598,Ellen Phelan,"American, born 1943",American,female,1943,0,,
4599,Coles Phillips,"American, 1880–1927",American,male,1880,1927,Q5144661,500014995
4600,Helen Phillips,"American, 1913–1995",American,female,1913,1995,Q20653601,500334411
4601,Mary Walker Phillips,"American, born 1923",American,female,1923,0,,
4602,Peter Phillips,"British, born 1939",British,male,1939,0,,
4603,Tom Phillips,"British, born 1937",British,male,1937,0,Q7817232,500013179
4604,Photographie Modèle,French,French,,0,0,,
4605,Celestino Piatti,"Swiss, 1922–2007",Swiss,male,1922,2007,,
4606,Jean Piaubert,"French, 1900–2002",French,male,1900,2002,,
4607,Francis Picabia,"French, 1879–1953",French,male,1879,1953,Q157321,500006325
4608,Lil Picard,"American, 1899–1994",American,female,1899,1994,,
4609,Pablo Picasso,"Spanish, 1881–1973",Spanish,male,1881,1973,Q5593,500009666
4610,Joseph Piccillo,"American, 1937–2022",American,male,1937,2022,,
4611,Ivan Picelj,"Croatian, 1924–2011",Croatian,male,1924,2011,Q1259684,500013861
4612,Walter Pichler,"Austrian, 1936–2012",Austrian,male,1936,2012,Q2445866,500002416
4613,Alton Pickens,"American, 1917–1991",American,male,1917,1991,,500106806
4614,Joseph Pickett,"American, 1848–1918",American,male,1848,1918,Q18158326,500026784
4615,Carl Pickhardt,"American, 1908–2004",American,male,1908,2004,,
4616,Paul Peter Piech,"American, 1920–1996",American,male,1920,1996,,
4617,Otto Piene,"German, 1928–2014",German,male,1928,2014,Q455115,500032357
4618,Leona Pierce,"American, 1921–2002",American,female,1921,2002,,
4619,Pierre-Louis Pierson,"French, 1822–1913",French,male,1822,1913,,
4620,Édouard Pignon,"French, 1905–1993",French,male,1905,1993,Q274424,500022718
4622,Faramarz Pilaram,"Iranian, 1937–1982",Iranian,male,1937,1982,,
4623,David Pilbrow,"American, born 1940",American,male,1940,0,,
4624,Mick Pilcher,British,British,male,0,0,,
4625,Howardena Pindell,"American, born 1943",American,female,1943,0,Q5921354,500020606
4627,Adão Pinheiro,"Brazilian, born 1938",Brazilian,male,1938,0,,
4628,I. G. Pinlats,"Spanish, born 1901",Spanish,,1901,0,,
4629,Giovanni Pintori,"Italian, 1912–1999",Italian,male,1912,1999,Q834688,
4630,Jacob Pins,German,German,male,0,0,,
4631,Eugène Piot,"French, 1821–1891",French,male,1821,1891,,
4632,René Piot,"French, 1869–1934",French,male,1869,1934,,
4633,John Piper,"British, 1903–1992",British,male,1903,1992,Q4363211,500001054
4634,Lauren Piperno,"American, born 1949",American,female,1949,0,,
4635,Horace Pippin,"American, 1888–1946",American,male,1888,1946,Q325076,500026325
4636,Ezio Pirali,"Italian, born 1921",Italian,male,1921,0,,
4637,Fausto Pirandello,"Italian, 1899–1975",Italian,male,1899,1975,Q2061628,500119702
4638,Giancarlo Piretti,"Italian, born 1940",Italian,male,1940,0,,
4639,Woody Pirtle,American,American,male,0,0,,
4640,Camille Pissarro,"French, 1830–1903",French,male,1830,1903,Q134741,500001924
4641,Michelangelo Pistoletto,"Italian, born 1933",Italian,male,1933,0,Q573178,500031799
4642,Gerardo Pita,"Spanish, born 1950",Spanish,male,1950,0,,
4643,Pitseolak Ashoona,"Inuit and Canadian, 1904–1983",Canadian Inuit,female,1904,1983,,
4644,Arthur Luis Piza,"Brazilian, 1928–2017",Brazilian,male,1928,2017,,
4645,Armando Pizzinato,"Italian, 1910–2004",Italian,male,1910,2004,Q3019743,500091150
4646,José Pla-Narbona,"Spanish, born 1928",Spanish,male,1928,0,,
4647,Sylvia Plachy,"American, born Hungary 1943",American,female,1943,0,Q1293014,500085680
4650,Hans Platschek,"German, born 1923",German,male,1923,0,Q1170734,500093472
4651,Philip Platt (Daniel Philip Platt),"American, 1904–1970",American,male,1904,1970,,
4652,Henri Plaut,French,French,male,0,0,Q18020850,
4653,Dimitri Petrovich Plavinsky,"Russian, 1937–2012",Russian,male,1937,2012,,
4654,Linda Plotkin,"American, born 1938",American,female,1938,0,,
4655,David Plowden,"American, born 1932",American,male,1932,0,Q5238613,500068325
4656,William Lansing Plumb and Associates,"American, founded 1963",American,,1963,0,,
4658,Michael Podulke,American,American,male,0,0,,
4659,Marjan Pogačnik,"Slovenian, 1920–2005",Slovenian,male,1920,2005,,
4660,Alfred Pohl,"German, born 1928",German,male,1928,0,,
4661,Anne Poirier,"French, born 1942",French,female,1942,0,Q17399229,500019252
4662,Patrick Poirier,"French, born 1942",French,male,1942,0,Q17399227,500006732
4663,Marcel Polak,"Dutch, 1902–1962",Dutch,male,1902,1962,,
4666,Rogelio Polesello,"Argentine, 1939–2014",Argentine,male,1939,2014,,
4668,Steve Poleskie,"American, born 1938",American,male,1938,0,Q7613635,500112130
4669,Flavio Poli,"Italian, 1900–1984",Italian,male,1900,1984,Q1427494,500195354
4670,Serge Poliakoff,"French, born Russia. 1900–1969",French,male,1900,1969,,
4671,Sigmar Polke,"German, 1941–2010",German,male,1941,2010,Q376062,500115233
4672,Reginald Pollack,"American, 1924–2001",American,male,1924,2001,,
4673,Joseph Pollet,"American, born Switzerland. 1897–1979",American,male,1897,1979,,
4674,Dean Pollock,"American, 1897–1971",American,male,1897,1971,,
4675,Jackson Pollock,"American, 1912–1956",American,male,1912,1956,Q37571,500015134
4676,Arnaldo Pomodoro,"Italian, 1926–2025",Italian,male,1926,2025,Q594368,500010942
4677,Giò Pomodoro,"Italian, 1930–2002",Italian,male,1930,2002,Q321182,500028416
4678,Gaetano Pompa,Italian,Italian,male,0,0,,
4680,Joan Ponç,"Spanish, 1927–1984",Spanish,male,1927,1984,,
4681,Fidelio Ponce De León,"Cuban, 1896–1949",Cuban,male,1896,1949,Q5446755,500118198
4682,Michael Ponce De Leon,"American, 1922–2006",American,male,1922,2006,,
4683,Jacqueline Poncelet,"British, born 1947",British,female,1947,0,,
4685,Clayton Pond,"American, born 1941",American,male,1941,0,,
4686,Isabel Pons,"Brazilian, 1912–2002",Brazilian,female,1912,2002,,
4687,Carlo Ponti,"Italian, 1912–2007",Italian,male,1912,2007,,
4688,Gio Ponti,"Italian, 1891–1979",Italian,male,1891,1979,Q435810,500003868
4689,C. Emanuele Ponzio,"Italian, 1923–2015",Italian,female,1923,2015,,
4690,Irene Poon,"American, born 1941",American,female,1941,0,,
4691,Larry Poons,"American, born Japan 1937",American,male,1937,0,Q327862,500019976
4693,Josephie Pootoogook,"Inuit and Canadian, 1887–1958",Canadian Inuit,male,1887,1958,,
4694,Liubov Popova,"Russian, 1889–1924",Russian,female,1889,1924,Q259594,500002046
4695,Popp-Kircheim,Nationality unknown,Nationality unknown,,0,0,,
4696,James Poppitz,"American, born 1957",American,male,1957,0,,
4697,V. Lorenzo Porcelli,"American, born 1933",American,,1933,0,,
4698,Porsche Design Group,"German, born 1948",German,,1948,0,,
4699,Bruce Porter,"American, born 1943",American,male,1943,0,,
4700,Eliot Porter,"American, 1901–1990",American,male,1901,1990,Q762632,500007426
4701,Fairfield Porter,"American, 1907–1975",American,male,1907,1975,Q5430337,500032358
4702,Katherine Porter,"American, born 1941",American,female,1941,0,,
4703,Liliana Porter,"Argentine, born 1941",American,female,1941,0,Q528501,500116707
4704,A. Portier,"French, 1850–1874",French,male,1850,1874,,
4705,Candido Portinari,"Brazilian, 1903–1962",Brazilian,male,1903,1962,Q319532,500022426
4706,Giacomo Porzano,"Italian, 1925–2006",Italian,male,1925,2006,,
4707,José Guadalupe Posada,"Mexican, 1852–1913",Mexican,male,1852,1913,Q732526,500032573
4709,Stephen Posen,"American, born 1939",American,male,1939,0,,
4710,Helen Margaret Post,"American, 1907–1979",American,female,1907,1979,,
4711,William B. Post,"American, 1857–1925",American,male,1857,1925,Q2764040,500020463
4712,Hannes Postma,"Dutch, 1933–2020",Dutch,male,1933,2020,,
4714,Jane Poupelet,"French, 1878–1932",French,female,1878,1932,Q3161887,500042088
4715,Joanna Pousette-Dart,"American, born 1947",American,female,1947,0,,
4716,Richard Pousette-Dart,"American, 1916–1992",American,male,1916,1992,Q870701,500018154
4717,Cyril Edward Power,"British, 1872–1951",British,male,1872,1951,Q5200846,500107637
4718,Rudy Pozzatti,"American, 1925–2021",American,male,1925,2021,,
4719,Lucio Pozzi,"American, born 1935",American,male,1935,0,Q6697422,500023646
4720,Enrico Prampolini,"Italian, 1894–1956",Italian,male,1894,1956,Q921345,500030206
4721,Mario Prassinos,"French, 1916–1985",French,male,1916,1985,Q472243,500074250
4722,Charles Pratt,"American, 1926–1976",American,male,1926,1976,,
4723,Davis J. Pratt,"American, 1917–1987",American,male,1917,1987,,
4724,Léon Prébandier,"French, born 1921",French,male,1921,0,,
4725,Emile Preetorius,"German, 1883–1973",German,male,1883,1973,,
4726,Jan Preisler,"Czech, 1872–1918",Czech,male,1872,1918,Q2104325,500014295
4727,Maurice Prendergast,"American (born Canada), 1858–1924",American,male,1858,1924,Q248707,500004329
4728,David Prentice,"American, 1943–2024",American,male,1943,2024,,
4729,James Prestini,"American, born Italy. 1908–1993",American,male,1908,1993,,
4731,Jacques Prévert,"French, 1900–1977",French,male,1900,1977,Q165274,500341496
4732,Henri Pribik,"Czech, born 1944",Czech,male,1944,0,,
4733,Zlatko Prica,,,,0,0,,
4734,Ken Price,"American, 1935–2012",American,male,1935,2012,Q6390606,500026883
4735,Ursula Morley Price,"British, born 1936",British,female,1936,0,,
4736,Zigmunds Priede,"American, 1935–2024",American,male,1935,2024,,
4737,David Prifti,"American, 1961–2011",American,male,1961,2011,,
4738,Johan Thorn Prikker,"Dutch, 1932–1968",Dutch,male,1932,1968,,
4739,Stephen Prina,"American, born 1954",American,male,1954,0,Q1682539,500073908
4740,Douglas Prince,"American, born 1943",American,male,1943,0,,
4741,Richard Prince,"American, born 1949",American,male,1949,0,Q661520,500011137
4742,Anton Prinner,"French, born Hungary. 1902–1983",French,male (trans? ftm?),1902,1983,,
4743,Leah De Prizio,"American, born 1935",American,female,1935,0,,
4744,Patrick Procktor,"British, 1936–2003",British,male,1936,2003,Q7147484,500029828
4745,Rick Prol,"American, born 1956",American,male,1956,0,,
4747,Boris Prusakov,Russian,Russian,male,0,0,,
4748,Nikolai Prusakov,"Russian, 1900–1952",Russian,male,1900,1952,,
4749,Otto Prutscher,"Austrian, 1880–1949",Austrian,male,1880,1949,Q84655,500058237
4750,H. B. Puchingen,Austrian,Austrian,,0,0,,
4751,Pudlo Pudlat,"Inuit and Canadian, 1916–1992",Canadian Inuit,male,1916,1992,Q2399275,500127376
4752,Peter Rose Pulham,"British, 1910–1956",British,male,1910,1956,,
4753,Arthur Pulos,"American, born 1917",American,male,1917,0,,
4754,Jean Pougny (Ivan Puni),"Russian, born Finland. 1892–1956",Russian,male,1892,1956,Q705062,500007558
4755,Hans Purrmann,"German, 1880–1966",German,male,1880,1966,Q655484,500025884
4756,Peter Purves-Smith,"Australian, 1913–1949",Australian,male,1913,1949,,
4757,Tom Purvis,"British, 1889–1959",British,male,1889,1959,,
4758,Martin Puryear,"American, born 1941",American,male,1941,0,Q6776418,500009936
4759,Theodor Puschkarski,"Austrian, born 1946",Austrian,male,1946,0,,
4760,Mavis Pusey,"American, born Jamaica. 1928–2019",American,male,1928,2019,,
4761,Wallace Putnam,"American, 1899–1989",American,male,1899,1989,,
4762,Pierre Puvis de Chavannes,"French, 1824–1898",French,male,1824,1898,Q216873,500008870
4763,Jean Puy,"French, 1876–1960",French,male,1876,1960,Q1685780,500020856
4764,William Pye,"British, born 1938",British,male,1938,0,,
4765,Leonard Pytlak,"American, 1910–1998",American,male,1910,1998,,
4766,Gertrude Quastler,"American, born Austria. 1909–1963",American,female,1909,1963,,
4767,Harvey Quaytman,"American, 1937–2002",American,male,1937,2002,,
4768,Edme Quenedey,French,French,male,0,0,Q1285488,500042478
4769,Bernard Quentin,"French, born 1923",French,male,1923,0,,
4770,Charles Quest,"American, 1904–1993",American,male,1904,1993,,
4771,Herb Quick,"American, 1925–2006",American,male,1925,2006,,
4772,Achille Quinet,"French, 1831–1900",French,male,1831,1900,,
4773,Luis Quintanilla,"Spanish, 1895–1980",Spanish,male,1895,1980,,
4774,Lothar Quinte,"German, 1923–2000",German,male,1923,2000,Q1870949,500245172
4775,Walter Quirt,"American, 1902–1968",American,male,1902,1968,,
4777,Peter Raacke,"German, 1928–2022",German,male,1928,2022,Q2077689,
4778,Fanny Rabel,"Mexican, born Poland. 1922–2008",Mexican,female,1922,2008,,
4779,David Rabinowitch,"Canadian, born 1943",Canadian,male,1943,0,Q5238858,500099635
4780,Michael Rabinowitz,British,British,male,0,0,,
4781,Leo Rabkin,"American, 1919–2015",American,male,1919,2015,,
4782,Ernest Race,"British, 1913–1964",British,male,1913,1964,Q5393711,500067586
4783,André Racz,"American, 1916–1994",American,male,1916,1994,,500054133
4784,Lucia Radochonska,"Polish, born 1948",Polish,female,1948,0,,
4785,Franz Radziwill,"German, 1895–1983",German,male,1895,1983,,
4786,Louis Raemaekers,"Dutch, 1869–1956",Dutch,male,1869,1956,Q2073966,500110122
4787,Markus Raetz,"Swiss, 1941–2020",Swiss,male,1941,2020,Q477409,500007626
4788,Joseph Raffael,"American, born 1933",American,male,1933,0,Q2390275,500017429
4789,J. V. Raffaelli,French,French,,0,0,,
4790,Bedri Rahmi,"Turkish, 1913–1975",Turkish,male,1913,1975,Q1965085,500123725
4791,Charles Rain,"American, 1911–1985",American,male,1911,1985,,
4792,Arnulf Rainer,"Austrian, born 1929",Austrian,male,1929,0,Q563515,500005072
4793,Tomas Rajlich,"Czech, born 1940",Czech,male,1940,0,,
4794,Naftali Rakuzin,"Russian, born 1948",Russian,male,1948,0,,
4798,Natacha Rambova,American,American,female,0,0,Q458874,
4799,Gunter Rambow,"German, born 1938",German,male,1938,0,Q1554906,
4801,Everardo Ramirez,"Mexican, 1906–1992",Mexican,male,1906,1992,,
4802,Alfonso Ramirez Fajardo,"Colombian, 1920–1969",Colombian,male,1920,1969,,
4803,Eduardo Ramírez Villamizar,"Colombian, 1922–2004",Colombian,male,1922,2004,,
4804,Rammellzee,"American, 1960–2010",American,male,1960,2010,Q327840,500061289
4806,Mel Ramos,"American, 1935–2018",American,male,1935,2018,Q930286,500012930
4807,José Carlos Ramos Galvez,"Peruvian, born 1948",Peruvian,male,1948,0,,
4808,Daniel Ranalli,"American, born 1946",American,male,1946,0,,
4809,Paul Rand,"American, 1914–1996",American,male,1914,1996,Q468160,500063342
4810,Herbert E. Randall,"American, born 1936",American,male,1936,0,,
4811,W. D. Randall,"American, 1908–1989",American,male,1908,1989,,
4812,A. Richard Ranft,"Swiss, 1862–1931",Swiss,male,1862,1931,,
4813,Edward Ranney,"American, born 1942",American,male,1942,0,,
4814,Paul Ranson,"French, 1862–1909",French,male,1862,1909,Q585067,500029480
4815,Rapier,British,British,,0,0,,
4816,Umberto Raponi,Nationality unknown,Nationality unknown,male,0,0,,
4817,Armand M. Rassenfosse,"French, 1862–1934",French,male,1862,1934,,
4818,Hans H. Rath,"Austrian, 1904–1968",Austrian,male,1904,1968,,
4819,Stephan Rath,"Austrian, 1876–1960",Austrian,male,1876,1960,,
4820,Marc Ratliff,American,American,male,0,0,,
4821,Abraham Rattner,"American, 1893–1978",American,male,1893,1978,Q330528,500015594
4822,William H. Rau,"American, 1855–1920",American,male,1855,1920,Q8010564,500013054
4823,Robert Rauschenberg,"American, 1925–2008",American,male,1925,2008,Q164358,500002941
4825,Peter Ray,British,British,male,0,0,,
4826,Tony Ray-Jones,"British, 1941–1972",British,male,1941,1972,,
4827,Antonin Raymond,"American, 1888–1976",American,male,1888,1976,Q2857569,500030312
4828,Marie Raymond,"French, 1908–1988",French,female,1908,1988,,
4829,Jean Pierre Raynaud,"French, born 1939",French,male,1939,0,Q3169694,500030554
4830,Josef Raynefeld,"Polish, 1913–1940",Polish,male,1913,1940,,
4831,Omar Rayo,"Colombian, 1928–2010",Colombian,male,1928,2010,Q2741987,500107510
4832,Martial Raysse,"French, born 1936",French,male,1936,0,Q475098,500000721
4833,George Reavey,"Irish, born Russia. 1907–1976",Irish,male,1907,1976,,
4834,Jean Reavey,Nationality unknown,Nationality unknown,male,0,0,,
4836,N. Krishna Reddy,"Indian, 1925–2018",Indian,male,1925,2018,,
4837,Bernard Reder,"American, born Rumania.1897–1963",American,male,1897,1963,Q4893580,500195493
4838,June Redfern,"British, born 1951",British,female,1951,0,,
4839,Robert S. Redfield,"American, 1849–1923",American,male,1849,1923,,
4840,Odilon Redon,"French, 1840–1916",French,male,1840,1916,Q154349,500007292
4841,Junius Redwood,"American, 1917–1991",American,male,1917,1991,,
4842,Ethel Reed,"American, born 1876",American,female,1876,0,,
4843,Ruth Reeves,"American, 1892–1966",American,female,1892,1966,Q7383178,500265176
4844,Helge Refn,Danish,Danish,female,0,0,,
4845,Anton Refregier,"American, born Russia. 1905–1979",American,male,1905,1979,Q3924184,500075610
4846,Johannes Regn,"Nationality unknown, born 1935",Nationality unknown,male,1935,0,,
4847,Paula Rego,"British, born Portugal, 1935–2022",British,female,1935,2022,,
4848,Steve Reich,"American, born 1936",American,male,1936,0,Q262791,
4849,Jesse Reichek,"American, 1916–2005",American,male,1916,2005,,
4850,Josua Reichert,"German, born 1937",German,male,1937,0,,
4851,Vilem Reichmann,"Czech, born 1908",Czech,male,1908,0,,
4853,William Reimann,"American, born 1935",American,male,1935,0,,
4855,Winfried Reinbacher,German,German,male,0,0,,
4856,Ad Reinhardt,"American, 1913–1967",American,male,1913,1967,Q345569,500013982
4857,Nono Reinhold,"Dutch, born 1929",Dutch,female,1929,0,,
4858,Reinhoud (Reinhoud D'haese),"Belgian, 1928–2007",Belgian,male,1928,2007,,
4860,Manfred Reiss,"British, born Germany. 1922–1987",British,male,1922,1987,,
4861,Nancy Reitkopf,"American, born 1938",American,female,1938,0,,
4862,Oscar G. Rejlander,"British, 1813–1875",British,male,1813,1875,Q725390,500030901
4863,Nicolas Remisoff,"American, born Russian. 1884–1975",American,male,1884,1975,,
4864,F. A. Renard,French,French,,0,0,,
4865,Emilio J. Renart,"Argentine, 1925–1991",Argentine,male,1925,1991,,
4866,Albert Renger-Patzsch,"German, 1897–1966",German,male,1897,1966,Q62002,500002292
4867,Eduard Renggli,"Swiss, 1882–1939",Swiss,male,1882,1939,,
4868,Eric P. Renner,"American, born 1941",American,male,1941,0,,
4869,Pierre-Auguste Renoir,"French, 1841–1919",French,male,1841,1919,Q39931,500115467
4870,Edda Renouf,"American, born Mexico. 1943",American,female,1943,0,,
4872,Marcia Resnick,"American, 1950–2025",American,female,1950,2025,,
4873,Milton Resnick,"American, born Ukraine. 1917–2004",American,male,1917,2004,Q3858097,500007270
4874,Pierre Restany,"French, 1930–2003",French,male,1930,2003,,
4876,Alfred Reth,"Hungarian, 1884–1966",Hungarian,male,1884,1966,,
4877,Maria Reuter,"German, born 1929",German,female,1929,0,,
4878,Carl Fredrik Reuterswärd,"Swedish, 1934–2016",Swedish,male,1934,2016,Q981304,500029573
4879,Charles Reutlinger,"French, 1816–1880",French,male,1816,1880,,
4880,Paul Revel,"French, 1922–1983",French,male,1922,1983,,
4882,Nancy Rexroth,"American, born 1946",American,female,1946,0,,
4883,Jesús Reyes Ferreira,"Mexican, 1882–1977",Mexican,male,1882,1977,Q629513,500118460
4884,Jeanne Reynal,"American, 1903–1983",American,female,1903,1983,,
4885,Grant T. Reynard,"American, 1887–1968",American,male,1887,1968,,
4886,Alan Reynolds,"British, 1926–2014",British,male,1926,2014,Q4707615,500017770
4887,John Reynolds,British,British,male,0,0,,
4888,Antonio Reynoso,"Mexican,1919–1996",Mexican,male,1919,1996,,
4890,Serge Rezvani,"French, born 1928",French,male,1928,0,,
4891,Louis Rhead,"American, 1857–1926",American,male,1857,1926,,
4892,Marvin Rhodes,"American, born 1948",American,male,1948,0,,
4893,Georges Ribemont-Dessaignes,"French, 1884–1974",French,male,1884,1974,Q1393354,500064579
4894,Barbara Chase-Riboud,"American, born 1939",American,female,1939,0,Q2883927,500099928
4895,Marc Riboud,"French, 1923–2016",French,male,1923,2016,Q702625,500067675
4896,Enric Ricart,"Spanish, 1893–1960",Spanish,male,1893,1960,,
4897,Franco Ricci,"Italian, born 1937",Italian,male,1937,0,,
4898,Burton Rice,American,American,male,0,0,,
4899,Leland Rice,"American, born 1940",American,male,1940,0,,
4900,James Bartlett Rich,"American, 1866–1942",American,male,1866,1942,,
4902,Ceri Richards,"British, 1903–1971",British,male,1903,1971,Q5064241,500013550
4903,Eugene Richards,"American, born 1944",American,male,1944,0,,
4905,Germaine Richier,"French, 1904–1959",French,female,1904,1959,Q435149,500031209
4907,Gerhard Richter,"German, born 1932",German,male,1932,0,Q164351,500003003
4908,Hans Richter,"American, born Germany. 1888–1976",American,male,1888,1976,Q213597,500018123
4909,Klaus Richter,"German, 1887–1948",German,male,1887,1948,,
4910,Roy Richter,"American, 1914–1983",American,male,1914,1983,,
4911,Marco Richterich,"Swiss, born 1929",Swiss,male,1929,0,,
4912,George Rickey,"American, 1907–2002",American,male,1907,2002,Q632656,500056254
4913,James Riddle,"American, born 1933",American,male,1933,0,,
4914,John G. Rideout,"American, 1898–1951",American,male,1898,1951,,
4915,Lucie Rie,"British, born Austria. 1902–1995",British,female,1902,1995,Q214391,500056255
4916,John Rieben,"American, born 1935",American,male,1935,0,,
4917,Claus Joseph Riedel,"Austrian, born 1925",Austrian,male,1925,0,,
4918,Richard Riemerschmid,"German, 1868–1957",German,male,1868,1957,Q64104,500009989
4919,Henry Ries,"American, born Germany. 1917–2004",American,male,1917,2004,Q118385,500338070
4920,S. H. Riesenberg,"American, 1885–1962",American,,1885,1962,,
4921,Dolf Rieser,"British, born South Africa. 1893–1983",British,male,1893,1983,,
4922,Gerrit Rietveld,"Dutch, 1888–1964",Dutch,male,1888,1964,Q160435,500009183
4923,Pauline Riffaut,French,French,female,0,0,,
4924,J.J.J. (Jean-Jacques-Joachim) Rigal,"French, 1926–1997",French,male,1926,1997,,
4926,Robert Riggs,"American, 1896–1970",American,male,1896,1970,,
4927,Rigobaldi,Italian,Italian,,0,0,,
4928,Jacob August Riis,"American, born Denmark. 1849–1914",American,male,1849,1914,Q379211,500063987
4929,Bridget Riley,"British, born 1931",British,female,1931,0,Q234449,500013384
4930,Terry Riley,"American, born 1935",American,male,1935,0,,
4933,Klaus Rinke,"German, born 1939",German,male,1939,0,Q830712,500003794
4934,Jean Paul Riopelle,"Canadian, 1923–2002",Canadian,male,1923,2002,Q708544,500017908
4935,Jozsef Rippl-Rónai,Hungarian,Hungarian,male,0,0,Q569369,500009950
4936,Murray Riss,"American, born Poland 1940",American,male,1940,0,,
4937,James Risser,"American, born 1947",American,male,1947,0,,
4938,William Rittase,"American, 1894–1968",American,male,1894,1968,,
4939,Humberto Rivas,"Argentine,1937–2009",Argentine,male,1937,2009,,
4940,Augusto Rivera,"Colombian, 1922–1982",Colombian,male,1922,1982,,
4941,Carlos Raquel Rivera,"American, born Puerto Rico. 1923–1999",American,male,1923,1999,,
4942,Diego Rivera,"Mexican, 1886–1957",Mexican,male,1886,1957,Q171128,500025126
4943,Manuel Rivera,"Spanish, 1927–1994",Spanish,male,1927,1994,,
4944,Jacinto H. Rivero Castilla,Peruvian,Peruvian,male,0,0,,
4945,Larry Rivers,"American, 1923–2002",American,male,1923,2002,Q664291,500003280
4946,Henri Rivière,"French, 1864–1951",French,male,1864,1951,,
4947,Dan Rizzie,"American, born 1951",American,male,1951,0,,
4949,Manuel Robbe,"French, 1872–1936",French,male,1872,1936,,
4950,Bruce Robbins,"American, born 1948",American,male,1948,0,,
4951,David Robbins,"American, 1912–1981",American,male,1912,1981,,
4952,Hulda Robbins,"American, 1910–2010",American,female,1910,2010,,
4953,LeRoy Southward Robbins,"American, 1904–1987",American,male,1904,1987,,
4955,Louis-Rémy Robert,"French, 1811–1882",French,male,1811,1882,Q3260874,500037102
4957,William Roberts,"British, 1895–1980",British,male,1895,1980,Q345196,500025069
4958,Henry B. Robertson,American,American,male,0,0,,
4959,James Robertson,"British, 1813/1814–1888",British,male,1813,1888,,
4963,Henry Peach Robinson,"British, 1830–1901",British,male,1830,1901,Q574144,500000062
4964,Ione Robinson,"American, 1910–1989",American,male,1910,1989,,
4965,Walter Robinson,"American, 1950–2025",American,male,1950,2025,,
4967,T. H. Robsjohn-Gibbings,"American, born England. 1905–1976",American,male,1905,1976,Q7668294,500253278
4968,Hugo Robus,"American, 1885–1964",American,male,1885,1964,,500009145
4969,Gunther Rochelt,"German, born 1939",German,male,1939,0,,
4970,Rocher,French,French,,0,0,,
4972,Dorothea Rockburne,"American, born Canada 1932",American,female,1932,0,Q1246260,500017012
4973,Rockwood and Company,"American, 1832–1911",American,,1832,1911,,
4974,Juan Antonio Roda,"Colombian, born Spain. 1921–2003",Colombian,male,1921,2003,,
4975,Aleksandr Rodchenko,"Russian, 1891–1956",Russian,male,1891,1956,Q312631,500017582
4978,Auguste Rodin,"French, 1840–1917",French,male,1840,1917,Q30755,500016619
4979,Mary Rodney,American,American,female,0,0,,
4981,Emilio Rodríguez Larraín,"Peruvian, 1928–2015",Peruvian,male,1928,2015,,
4982,Juan Carlos Rodriguez,Nationality unknown,Nationality unknown,male,0,0,,
4983,Manuel Rodríguez Lozano,"Mexican, 1896–1971",Mexican,male,1896,1971,Q9028100,500124927
4984,Sebastian Rodriguez,"Peruvian, 1896–1968",Peruvian,male,1896,1968,,
4985,Jenny Roed,German,German,female,0,0,,
4986,Herman Roeg,American,American,male,0,0,,
4988,Nick Roericht,"German, born 1932",German,male,1932,0,,
4989,Kurt Roesch,"American, born Germany. 1905–1984",American,male,1905,1984,Q1429189,500012400
4990,Georg Walter Roessner,"German, 1885–1972",German,male,1885,1972,,
4991,Walter Rogalski,"American, born 1923",American,male,1923,0,,
4992,John C. Rogers,American,American,male,0,0,,
4993,Mary Rogers,"British, born 1929",British,female,1929,0,,
4995,Roger van Rogger,"Belgian, 1914–1983",Belgian,male,1914,1983,Q3439647,500338853
4996,Rogi André (Rozsa Klein),"Hungarian, 1905–1970",Hungarian,female,1905,1970,,
4998,Milton Rogovin,"American, 1909–2011",American,male,1909,2011,,
4999,Gilbert Rohde,"American, 1894–1944",American,male,1894,1944,Q5561185,500032455
5000,Christian Rohlfs,"German, 1849–1938",German,male,1849,1938,Q62992,500017013
5001,Robert Rohm,"American, born 1934",American,male,1934,0,,
5002,Benedikt Rohner,Swiss,Swiss,male,0,0,,
5003,Charles Roitz,"American, 1935–2012",American,male,1935,2012,,
5004,Carlos Rojas,"Colombian, 1933–1997",Colombian,male,1933,1997,,
5005,K.O.S. (Kids of Survival),founded 1982,American,,1982,0,,
5006,Thomas Roma,"American, born 1950",American,male,1950,0,Q7793626,500339477
5007,Dominique Roman,"French, 1824–1911",French,male,1824,1911,,
5008,Romolo Romani,Italian,Italian,male,0,0,,
5009,Clare Romano,"American, 1922–2017",American,female,1922,2017,,
5010,Osvaldo Romberg,"Argentine, 1938–2019",Argentine,male,1938,2019,,
5011,Gust Romijn,Dutch,Dutch,male,0,0,,
5012,William Ronald,"Canadian, 1926–1998",Canadian,male,1926,1998,,
5013,Nelson Ronsheim,American,American,male,0,0,,
5014,Leonardo Rosa,Nationality unknown,Nationality unknown,male,0,0,,
5015,Kitaoji Rosanjin,"Japanese, 1883–1959",Japanese,male,1883,1959,Q7367324,500123494
5016,James Rosati,"American, 1912–1988",American,male,1912,1988,Q6142414,
5017,Brian Rose,"American, born 1954",American,male,1954,0,,
5018,David Rose,"Australian, born 1936",Australian,male,1936,0,,
5019,Herman Rose,"American, 1909–2007",American,male,1909,2007,Q5740158,500025074
5020,Walter Rosenblum,"American, 1919–2006",American,male,1919,2006,,
5021,James Rosenquist,"American, 1933–2017",American,male,1933,2017,Q448845,500021855
5022,Bernard Rosenthal,"American, 1914–2009",American,male,1914,2009,Q1911607,500195616
5026,Laurie Rosenwald,American,American,female,0,0,,
5027,Henry Rosling,British,British,male,0,0,,
5028,Seymour Rosofsky,"American, 1924–1981",American,male,1924,1981,,
5029,Brown Ross,"British, born 1942",British,male,1942,0,,
5030,Judith Joy Ross,"American, born 1946",American,female,1946,0,Q6303491,500085846
5031,Merg Ross,"American, born 1941",American,female,1941,0,,
5032,Ed Rossbach,"American, 1914–2002",American,male,1914,2002,Q5335346,500336544
5034,Jaroslav Rössler,"Czech, 1902–1990",Czech,male,1902,1990,,
5035,Rossmann,Nationality unknown,Nationality unknown,,0,0,,
5036,Medardo Rosso,"Italian, 1858–1928",Italian,male,1858,1928,Q678193,500020447
5037,Alfredo Rostgaard,"Cuban, born 1943",Cuban,male,1943,0,Q4723856,500075727
5039,Theodore Roszak,"American, born Poland. 1907–1981",American,male,1907,1981,Q258726,500017526
5040,Thurman Rotan,"American, 1903–1991",American,male,1903,1991,,
5041,Mimmo Rotella,"Italian, 1918–2006",Italian,male,1918,2006,Q1348839,500020169
5042,Dieter Roth,"Swiss, born Germany. 1930–1998",Swiss,male,1930,1998,Q574709,500023079
5043,Jack Roth,"American, 1927–2004",American,male,1927,2004,Q6114917,500002220
5044,Susan Rothenberg,"American, 1945–2020",American,female,1945,2020,Q436782,500024727
5045,Michael Rothenstein,"British, 1908–1993",British,male,1908,1993,,
5046,H. A. Rothholz,"British, born Germany, 1919–2000",British,male,1919,2000,,
5047,Mark Rothko,"American, born Russia (now Latvia). 1903–1970",American,male,1903,1970,Q160149,500014869
5049,H. D. Rothschild,"American, born 1907",American,male,1907,0,,
5050,Arthur Rothstein,"American, 1915–1985",American,male,1915,1985,Q711226,500004799
5051,Paul Rotterdam,"American, born 1939",American,male,1939,0,,
5052,François Rouan,"French, born 1943",French,male,1943,0,,
5053,Georges Rouault,"French, 1871–1958",French,male,1871,1958,Q156128,500024798
5054,Kosti Ruohomaa,"American, 1914–1961",American,male,1914,1961,,
5055,Gaston Roullet,"French, 1847–1925",French,male,1847,1925,,
5056,Henri Rousseau,"French, 1844–1910",French,male,1844,1910,Q156386,500115462
5057,Louis Rousseau,"French, 1811–1874",French,male,1811,1874,,
5058,Ker-Xavier Roussel,"French, 1867–1944",French,male,1867,1944,Q533859,500025651
5059,Gaston Louis Roux,"French, 1904–1988",French,male,1904,1988,,
5060,Riba Rovira,Spanish,Spanish,female,0,0,,
5061,Rowe,British,British,,0,0,,
5062,David Rowland,"American, 1924–2010",American,male,1924,2010,Q5239259,500299861
5063,John Roy,"American, 1930–2001",American,male,1930,2001,,
5064,L. Roy,French,French,,0,0,,
5065,Pierre Roy,"French, 1880–1950",French,male,1880,1950,Q1347013,500007189
5066,Olga Rozanova,"Russian, 1886–1918",Russian,female,1886,1918,Q270460,500003298
5067,Félix Rozen,"French, 1938–2013",French,male,1938,2013,,
5068,Richards Ruben,"American, 1925–1998",American,male,1925,1998,,
5069,Ernö Rubik,"Hungarian, born 1944",Hungarian,male,1944,0,Q186089,
5070,Reuven Rubin,"Israeli, born Romania. 1893–1974",Israeli,male,1893,1974,Q1530754,500017498
5071,Leo Rubinfien,"American, born 1953",American,male,1953,0,,
5072,Mabel Rubli,"Argentine, born 1933",Argentine,female,1933,0,,
5074,A. Ruckstuhl,Nationality unknown,Nationality unknown,,0,0,,
5075,Dorothy Cole Ruddick,"American, 1925–2010",American,female,1925,2010,,
5076,Paul Rudolph,"American, 1918–1997",American,male,1918,1997,Q1277977,500011899
5077,Anton Rüegg,Swiss,Swiss,male,0,0,,
5078,Antonio Ruiz,"Mexican, 1897–1964",Mexican,male,1897,1964,Q602999,500059935
5079,Gregory Rukavina,"American, born 1954",American,male,1954,0,,
5080,Knut Rumohr,"Norwegian, 1916–2002",Norwegian,male,1916,2002,,
5081,Robert Miles Runyan,"American, born 1925",American,male,1925,0,,
5082,Margit Ruoff,"German, born 1937",German,female,1937,0,,
5083,Sheron Rupp,"American, born 1943",American,female,1943,0,,
5084,Allen Ruppersberg,"American, born 1944",American,male,1944,0,Q826298,500082536
5086,Edward Ruscha,"American, born 1937",American,male,1937,0,Q430967,500024159
5088,Henry Rushburg,British,British,male,0,0,,
5090,Irving Rusinow,"American, 1914–1990",American,male,1914,1990,,
5091,Andrew Joseph Russell,"American, 1830–1902",American,male,1830,1902,Q4757433,500028827
5092,Deane Russell,Canadian,Canadian,male,0,0,,
5093,Morgan Russell,"American, 1886–1953",American,male,1886,1953,Q2344742,500028605
5094,Mario Russo,"Italian, born 1925",Italian,male,1925,0,,
5095,Reiner Ruthenbeck,"German,1937–2016",German,male,1937,2016,Q1146699,500047418
5096,Viktor Rutz,"Swiss, 1913–2008",Swiss,male,1913,2008,,
5097,Anne Ryan,"American, 1889–1954",American,female,1889,1954,Q4768767,500020957
5098,Robert Ryman,"American, 1930–2019",American,male,1930,2019,Q640936,500118752
5099,Théo van Rysselberghe,"Belgian, 1862–1926",Belgian,male,1862,1926,Q671883,500030824
5102,Betye Saar,"American, born 1926",American,female,1926,0,,
5103,Eero Saarinen,"American, born Finland. 1910–1961",American,male,1910,1961,Q167073,500006141
5104,Roland Sabatier,"French, born 1942",French,male,1942,0,Q3440248,500088596
5105,Lino Sabattini,"Italian, born 1925",Italian,male,1925,0,,
5106,José Sabogal,"Peruvian, 1888–1956",Peruvian,male,1888,1956,Q2093376,500117313
5107,Deli Sacilotto,Canadian,Canadian,male,0,0,,
5108,Rolf Sackenheim,German,German,male,0,0,,
5110,George Sadek,"American, born 1928",American,male,1928,0,,
5112,Donald Saff,"American, born 1937",American,male,1937,0,,
5114,Saint-Edme,French,French,male,0,0,,
5116,Kiyoshi Saito,"Japanese, 1907–1997",Japanese,male,1907,1997,Q6419119,500169214
5117,Takako Saito,"Japanese, born 1929",American,female,1929,0,Q7677109,
5118,Asao Sakamoto,"Japanese, born 1950",Japanese,male,1950,0,,
5119,Ben Sakoguchi,"American, born 1938",American,male,1938,0,,
5120,Jack Sal,"American, born 1954",American,male,1954,0,,
5121,Ibrahim El-Salahi,"Sudanese, born 1930",Sudanese,male,1930,0,Q2662098,500117567
5122,Attilio Salemme,"American, 1911–1955",American,male,1911,1955,,
5123,Charles Salisbury,British,British,male,0,0,,
5124,David Salle,"American, born 1952",American,male,1952,0,Q2637678,500027321
5125,Steve Salmieri,"American, born 1945",American,male,1945,0,,
5126,Erich Salomon,"German, 1886–1944",German,male,1886,1944,Q65454,500001168
5127,John Salt,"British, born 1937",British,male,1937,0,Q1701673,500020879
5128,Axel Salto,"Danish, 1889–1961",Danish,male,1889,1961,,
5129,Alberto Salvati,"Italian, born 1935",Italian,male,1935,0,,
5131,Dana Salvo,"American, born 1952",American,male,1952,0,,
5132,Auguste Salzmann,"French, 1824–1872",French,male,1824,1872,Q767017,500021064
5133,Mohan B. Samant,"Indian, 1926–2004",Indian,male,1926,2004,,
5134,Lucas Samaras,"American, born Greece. 1936–2024",American,male,1936,2024,Q663175,500021682
5135,Kingsley Sambo,"Zimbabwean, born Southern Rhodesia. 1933–1979",Zimbabwean,male,1933,1979,,
5136,Roberto Sambonet,"Italian, 1924–1995",Italian,male,1924,1995,Q3915676,500034101
5137,Gilván Samico,"Brazilian, 1928–2013",Brazilian,male,1928,2013,,
5138,Ralph Samuels,"American, 1907–1972",American,male,1907,1972,,
5139,America Sanchez,"Spanish, born 1939",Spanish,female,1939,0,,
5140,Emilio Sanchez,"American, born Cuba, 1921–1999",American,male,1921,1999,,
5141,Humberto Jaimes Sanchez,"Venezuelan, 1930–2003",Venezuelan,male,1930,2003,,
5143,Fred Sandback,"American, 1943–2003",American,male,1943,2003,Q1452504,500032779
5144,Willem Jacob Henri Berend Sandberg,"Dutch, 1897–1984",Dutch,male,1897,1984,Q480473,500045670
5145,August Sander,"German, 1876–1964",German,male,1876,1964,Q61530,500008096
5146,Ludwig Sander,"American, 1906–1975",American,male,1906,1975,Q20089904,500013748
5147,Benita Sanders,"Canadian, born 1935",Canadian,female,1935,0,,
5148,Joop Sanders,"American, born 1921",American,male,1921,0,Q6276070,
5149,Douglas Sandhage,"American, born 1947",American,male,1947,0,,
5150,Armin Sandig,German,German,male,0,0,Q688205,500060402
5151,Barbara Sandler,"American, born 1943",American,female,1943,0,,
5152,Arturo Sandoval,"American, born 1942",American,male,1942,0,,
5153,Rolf Sandquist,Nationality unknown,Nationality unknown,male,0,0,,
5154,Alberto Sani,"Italian, 1900–1964",Italian,male,1900,1964,,
5155,Juvenal Sansó,"Spanish, born 1929",Spanish,male,1929,0,,
5157,Tomas Santa Rosa Junior,Brazilian,Brazilian,male,0,0,,
5158,Jerry Santbergen,"Canadian, born Holland. 1942–2002",Canadian,male,1942,2002,,
5160,Giuseppe Santomaso,"Italian, 1907–1990",Italian,male,1907,1990,Q470405,500011427
5161,Pasquale Santoro,"Italian, born 1933",Italian,male,1933,0,,
5162,Richard Sapper,"German, 1932–2015",German,male,1932,2015,Q64699,500260416
5163,Alan Saret,"American, born 1944",American,male,1944,0,Q16106789,500007856
5164,Gino Sarfatti,"Italian, 1912–1985",Italian,male,1912,1985,Q1525125,500253456
5166,Sarkis (Sarkis Zabunyan),"French, born 1938",French,male,1938,0,,
5167,Paul Sarkisian,"American, born 1928",American,male,1928,0,,
5168,Timo Sarpaneva,"Finnish, 1926–2006",Finnish,male,1926,2006,Q2703990,500102782
5169,Enrico Sarsini,"Italian, born1938",American,male,1938,0,,
5170,Takao Sasai,"Japanese, born 1956",Japanese,male,1956,0,,
5171,Aligi Sassu,"Italian, 1912–2000",Italian,male,1912,2000,,
5172,Ado Sato,"Japanese, 1936–1994",Japanese,male,1936,1994,,
5173,Koichi Sato,"Japanese, born 1944",Japanese,male,1944,0,,
5174,Key Sato,"Japanese, 1906–1978",Japanese,male,1906,1978,Q16235259,500099820
5175,Tadashi Sato,American 1923–2005,American,male,1923,2005,,
5176,Michel Sauer,"German, born 1949",German,male,1949,0,Q1660697,500041676
5177,Saul,American,American,,0,0,,
5178,Peter Saul,"American, born 1934",American,male,1934,0,Q3376863,500005884
5179,David Saunders,"American, born 1954",American,male,1954,0,,
5180,Raymond Saunders,"American, 1934–2025",American,male,1934,2025,Q7299135,500028910
5181,Antonio Saura,"Spanish, 1930–1998",Spanish,male,1930,1998,Q528511,500029593
5182,C. R. Savage,"American, born England. 1832–1909",American,male,1832,1909,Q11723097,500005101
5183,Naomi Savage,"American, 1927–2005",American,female,1927,2005,,
5184,Angelo Savelli,"Italian, 1911–1995",Italian,male,1911,1995,,
5185,Raymond Savignac,"French, 1907–2002",French,male,1907,2002,Q555445,500112914
5186,Tad Savinar,"American, born 1950",American,male,1950,0,,
5187,Robert Savoie,"Canadian, born 1939",Canadian,male,1939,0,,
5188,Sawada Tetsuro,"Japanese, 1933–1998",Japanese,male,1933,1998,,
5189,Jan Sawka,"Polish, 1946–2012",Polish,male,1946,2012,Q6149861,500056281
5190,Diet Sayler,"Romanian, born 1939",Romanian,male,1939,0,,
5191,Jeffrey Henson Scales,"American, born 1954",American,male,1954,0,,
5193,Emilio Scanavino,"Italian, 1922–1986",Italian,male,1922,1986,,
5194,Italo Scanga,"American, 1932–2001",American,male,1932,2001,Q6093577,500076393
5195,Concetta Scaravaglione,"American, 1900–1975",American,female,1900,1975,Q5158604,500008047
5196,Afra Scarpa,"Italian, born 1937",Italian,female,1937,0,Q383551,500069992
5197,Carlo Scarpa,"Italian, 1906–1978",Italian,male,1906,1978,Q51137,500026810
5198,Tobia Scarpa,"Italian, born 1935",Italian,male,1935,0,Q1681970,500094099
5199,Salvatore Scarpitta,"American, 1919–2007",American,male,1919,2007,Q7406692,500090681
5200,Christian Schad,"German, 1894–1982",German,male,1894,1982,Q703331,500030368
5201,Fritz Schaefler,"German, 1888–1954",German,male,1888,1954,,
5202,Louis Schanker,"American, 1903–1981",American,male,1903,1981,Q6688131,500041072
5203,Philip von Schantz,"Swedish, born 1928",Swedish,male,1928,0,,
5204,Miriam Schapiro,"American, born Canada. 1923–2015",American,female,1923,2015,Q542496,500028006
5205,Edwin Scharff,"German, 1887–1955",German,male,1887,1955,,
5206,Josef Scharl,"American, born Germany. 1896–1954",American,male,1896,1954,,
5207,Bezalel Schatz,"Israeli, 1912–1978",Israeli,male,1912,1978,,
5208,Xanti Schawinsky,"American, born Switzerland. 1904–1979",American,male,1904,1979,Q1273062,500005052
5209,Stephen Scheer,"American, born 1954",American,male,1954,0,,
5210,Roman Scheidl,German,German,male,0,0,,
5211,Sherril Schell,"American, 1877–1967",American,male,1877,1967,,
5212,Gustav Schenk,"German, 1905–1969",German,male,1905,1969,Q1556356,
5213,Chris Schiavo,"American, born 1961",American,male,1961,0,,
5214,Elso Schiavo,"Swiss, born 1934",Swiss,male,1934,0,,
5215,Egon Schiele,"Austrian, 1890–1918",Austrian,male,1890,1918,Q44032,500002633
5216,Moik Schiele,"Swiss, 1938–1993",Swiss,female,1938,1993,,
5217,M. Schimmel,Nationality unknown,Nationality unknown,,0,0,,
5218,Adolf Ferdinand Schinnerer,"German, 1876–1949",German,male,1876,1949,,
5219,Oskar Schlemmer,"German, 1888–1943",German,male,1888,1943,Q458816,500010968
5220,John Schlesinger,"American, born 1954",American,male,1954,0,,
5221,Rudolf Schlichter,"German, 1890–1955",German,male,1890,1955,Q640787,500028309
5223,Edwin Schlossberg,"American, born 1945",American,male,1945,0,Q3048809,500242227
5224,Eberhard Schlotter,German,German,male,0,0,,
5225,Peter Schlumbohm,"American, born Germany. 1896–1962",American,male,1896,1962,Q7176808,500337074
5226,Regina Schmeken,"German, born 1955",German,female,1955,0,,
5227,Elsa Schmid,"American, born Germany. 1897–1970",American,female,1897,1970,Q19802859,500055503
5228,Georg Schmid,"Austrian, born 1928",Austrian,male,1928,0,,
5229,Wilhelm Schmid,"Swiss, 1892–1971",Swiss,male,1892,1971,,
5230,Joost Schmidt,"German, 1893–1948",German,male,1893,1948,Q567369,500020087
5231,Arnold Schmidt,"American, 1930–1993",American,male,1930,1993,,
5232,Arthur Schmidt,"German, born 1908",German,male,1908,0,,
5233,Charlotte Schmidt,German,German,female,0,0,,
5234,Julius Schmidt,"American, 1923–2017",American,male,1923,2017,,
5235,Katherine Schmidt,"American, 1898–1978",American,female,1898,1978,,
5236,Louis A. Schmidt,"American, 1857–1935",American,male,1857,1935,,
5237,Marianna Schmidt,Canadian,Canadian,female,0,0,,
5238,Michael Schmidt,"German, 1945–2014",German,male,1945,2014,Q1555341,500249718
5239,Otto Schmidt,"Austrian, 1849–1920",Austrian,male,1849,1920,,
5240,Wolfgang Schmidt,"German, born 1930",German,male,1930,0,,
5241,Helmut Schmidt-Rhen,"German, born 1936",German,male,1936,0,,
5242,Karl Schmidt-Rottluff,"German, 1884–1976",German,male,1884,1976,Q161143,500005940
5243,José Manuel Schmill,Mexican,Mexican,male,0,0,,
5244,Hans Schmithals,"German, 1878–1964",German,male,1878,1964,Q1582343,500012226
5245,Julian Schnabel,"American, born 1951",American,male,1951,0,Q345379,500020477
5246,Schneck,American,American,,0,0,,
5247,Gérard Schneider,"French, born Switzerland.1896–1986",French,male,1896,1986,Q118431,500032273
5248,Martin Schneider,"American, born 1926",American,male,1926,0,,
5251,Toni Schneiders,"German, born 1920",German,male,1920,0,,
5252,Bob Schnepf,"American, born 1937",American,male,1937,0,,
5253,Klaus A. Schnitzer,"American, born 1944",American,male,1944,0,,
5255,Ernst Schoedsack,"American, 1898–1979",American,male,1898,1979,,
5256,Otto Schoff,"German, 1884–1938",German,male,1884,1938,,
5257,Nicolas Schöffer,"French, born Hungary. 1912–1992",French,male,1912,1992,Q603870,500019607
5258,Fritz Scholder,"American and Luiseño, 1937–2005",American,male,1937,2005,,
5259,Laurence Scholder,"American, born 1942",American,male,1942,0,,
5260,Georg Scholz,"German, 1890–1945",German,male,1890,1945,Q536216,500018947
5261,Philipp Scholz Rittermann,"Peruvian, born 1955",Peruvian,male,1955,0,,
5262,Ben Schonzeit,"American, born 1942",American,male,1942,0,Q816588,500032146
5263,Rudolf Schoofs,"German, 1932–2009",German,male,1932,2009,Q824916,500000523
5264,Chicago School of Design,,,,0,0,,
5265,Elmer Schooley,"American, 1916–2007",American,male,1916,2007,,
5266,Jan J. Schoonhoven,"Dutch, 1914–1994",Dutch,male,1914,1994,Q1682200,500091322
5267,John Schott,"American, born 1944",American,male,1944,0,,
5268,Karl Schrag,"American, 1912–1995",American,male,1912,1995,,
5269,Anton Schranz II,Nationality unknown,Nationality unknown,male,1801,0,,
5270,Lothar Schreyer,"German, 1886–1966",German,male,1886,1966,Q255662,500011589
5271,Georg Schrimpf,"German, 1889–1938",German,male,1889,1938,Q743633,500029672
5272,Gotthard Schuh,"Swiss, 1897–1969",Swiss,male,1897,1969,Q1539623,500078745
5273,Paul Schuitema,"Dutch, 1897–1973",Dutch,male,1897,1973,Q828977,500035057
5274,Richard Schultz,"American, born 1926",American,male,1926,0,Q7328931,500093896
5275,Bernard Schultze,"German, born 1915",German,male,1915,0,Q822694,500007165
5276,Heinz Schulz-Neudamm,"German, 1899–1969",German,male,1899,1969,,
5277,Emil Schumacher,"German, born 1912",German,male,1912,0,,
5278,Esti Schur,Israeli,Israeli,female,0,0,,
5279,Elfi Schuselka,"Austrian, born 1940",Austrian,female,1940,0,,
5280,Colin Schuster,"Australian, born 1931",Australian,male,1931,0,,
5281,Thomas Schütte,"German, born 1954",German,male,1954,0,Q316120,500047420
5282,Peter Schuyff,"Dutch, born 1958",Dutch,male,1958,0,,
5283,Carlos Schwabe,"Swiss, 1866–1926",Swiss,male,1866,1926,Q694113,500112162
5284,Aubrey Schwartz,"American, 1928–2019",American,male,1928,2019,,
5285,Douglas Schwartz,"American, born 1944",American,male,1944,0,,
5286,Manfred Schwartz,"American, 1909–1970",American,male,1909,1970,Q15047049,500055533
5287,Robin Schwartz,"American, born 1957",American,female,1957,0,,
5288,Hannes Schwarz,"Austrian, born 1926",Austrian,male,1926,0,Q1576083,
5289,Reiner Schwarz,"German, born 1940",German,,1940,0,,
5290,William Schwedler,"American, 1942–1982",American,male,1942,1982,,
5291,Emma Gismondi Schweinberger,"Italian, born 1934",Italian,female,1934,0,,
5292,Johan Bernhard Schweitz,1937–1982,,male,1937,1982,,
5293,Kurt Schwitters,"German, 1887–1948",German,male,1887,1948,Q155158,500026542
5294,Peter Sciascin,American,American,male,0,0,,
5295,Carlos Scliar,"Brazilian, 1920–2001",Brazilian,male,1920,2001,,
5296,John Scofield,"American, born 1950",American,male,1950,0,,
5297,Antonio Scordia,"Italian, 1918–1988",Italian,male,1918,1988,,
5298,Joe Scorsone,"American, born 1942",American,male,1942,0,,
5299,Douglas Scott,"British, 1913–1990",British,male,1913,1990,,
5300,Patrick Scott,"Irish, 1921–2014",Irish,male,1921,2014,Q2057967,500032861
5301,S. Scott,French,French,,0,0,,
5302,Tim Scott,"British, born 1937",British,male,1937,0,Q820821,500005102
5303,William Scott,"British, 1913–1989",British,male,1913,1989,,
5305,Sean Scully,"American, born Ireland 1945",American,male,1945,0,Q535343,500025169
5306,Mary L. Seaman,Nationality unknown,Nationality unknown,female,0,0,,
5307,Gilbert H. Seaver,"American, 1916–1977",American,male,1916,1977,,
5308,James Seawright,"American, 1936–2022",American,male,1936,2022,,
5309,J. Pascal Sébah,"Turkish, 1823–1886",Turkish,male,1823,1886,,
5310,James A. Sebastian,"American, born 1942",American,male,1942,0,,
5311,Carole Seborovski,"American, born 1960",American,female,1960,0,,
5312,Arthur Secunda,"American, 1927–2022",American,male,1927,2022,,
5313,Paul Adolf Seehaus,"German, 1891–1919",German,male,1891,1919,,
5314,George H. Seeley,"American, 1880–1955",American,male,1880,1955,Q780677,500005579
5315,Richard Seewald,"German, 1889–1976",German,male,1889,1976,,
5316,George Segal,"American, 1924–2000",American,male,1924,2000,Q703624,500032575
5317,Lasar Segall,"Brazilian, born Lithuania. 1889–1957",Brazilian,male,1889,1957,Q692098,500074552
5318,André Dunoyer de Segonzac,"French, 1884–1974",French,male,1884,1974,Q518406,500024152
5319,Antonio Segui,"Argentine, 1934–2022",Argentine,male,1934,2022,Q567070,500014566
5320,Armand Séguin,"French, 1869–1903",French,male,1869,1903,Q4792704,500019502
5321,Jochen Seidel,"German, 1924–1971",German,male,1924,1971,Q1691187,500097884
5322,Roderick Seidenberg,"American, 1889–1973",American,male,1889,1973,,
5323,Friedrich Seidenstücker,"German, 1882–1966",German,male,1882,1966,,
5324,Doris Seidler,"American, 1912–2010",American,female,1912,2010,,
5325,Judy Seigel,"American, 1930–2017",American,female,1930,2017,,
5327,Alfred Seiland,"Austrian, born 1952",Austrian,male,1952,0,,
5328,Peter Sekaer,"American, born Denmark. 1901–1950",American,male,1901,1950,Q7176859,500343274
5329,Hakuyou Seki,"Japanese, 1907–1975",Japanese,male,1907,1975,,
5330,Kenjiro Sekiguchi,Japanese,Japanese,male,0,0,,
5331,Jun'ichiro Sekino,"Japanese, 1914–1988",Japanese,male,1914,1988,,
5332,Sonja Sekula,"Swiss, 1918–1963",Swiss,female,1918,1963,,
5333,Jason Seley,"American, 1919–1983",American,male,1919,1983,Q1529786,500110744
5334,Colin Self,"British, born 1941",British,male,1941,0,Q5145554,500000611
5335,Charles Seliger,"American, 1926–2009",American,male,1926,2009,Q2376818,500041081
5336,Paul Seligman,"American, born 1924",American,male,1924,0,,
5337,Kurt Seligmann,"American, born Switzerland. 1900–1962",American,male,1900,1962,Q450110,500022797
5338,David Seltzer,"American, born 1947",American,male,1947,0,,
5339,Sandra Semchuk,"Canadian, born 1948",Canadian,female,1948,0,,
5340,Eusebio Sempere,"Spanish, born 1924",Spanish,male,1924,0,Q993400,500019578
5341,Jan Senbergs,"Australian, born Latvia. 1939–2024",Australian,male,1939,2024,,
5343,Luis Seoane,"Argentine, 1910–1979",Argentine,male,1910,1979,,
5344,Artemio Sepulveda,"Mexican, born 1935",Mexican,male,1935,0,,
5345,Séraphine Louis,"French, 1864–1942",French,female,1864,1942,Q235165,500011719
5346,Keisuke Serizawa,"Japanese, 1895–1984",Japanese,male,1895,1984,,
5347,Ismael González de la Serna,"Spanish, 1898–1968",Spanish,male,1898,1968,,
5348,Iaroslav Serpan,"French, born Czechoslovakia. 1922–1976",French,male,1922,1976,Q1683665,500004144
5349,Richard Serra,"American, 1938–2024",American,male,1938,2024,Q321245,500029327
5350,Daniel Serra-Badué,"Cuban, 1914–1996",Cuban,male,1914,1996,,
5351,Elena Serrano,Cuban,Cuban,female,0,0,,
5353,Paul Sérusier,"French, 1864–1927",French,male,1864,1927,Q326606,500029078
5354,Victor Servranckx,"Belgian, 1897–1965",Belgian,male,1897,1965,Q3062914,500007777
5355,Jaroslav Šerých,"Czech, 1923–2014",Czech,male,1923,2014,,
5356,W. G. Sesser,American,American,,0,0,,
5358,Georges-Pierre Seurat,"French, 1859–1891",French,male,1859,1891,Q34013,500008873
5359,Mark Severin,Nationality unknown,Nationality unknown,male,0,0,,
5360,Gino Severini,"Italian, 1883–1966",Italian,male,1883,1966,Q169984,500009799
5362,Ron Sewell,"American, born 1937",American,male,1937,0,,
5363,Lynn Sexton,American,American,female,0,0,,
5364,Chim (David Seymour),"American, born Poland. 1911–1956",American,male,1911,1956,Q375282,500069009
5365,L. A. Shafer,"American, 1866–1940",American,male,1866,1940,,
5366,Ben Shahn,"American, born Lithuania. 1898–1969",American,male,1898,1969,Q695239,500005524
5368,Li-Fa Shaih,"Taiwanese, born 1938",Taiwanese,male,1938,0,,
5369,Ted Shaine,"American, born 1947",American,male,1947,0,,
5370,Shalom Of Safed (Shalom Moskowitz),"Israeli, 1895–1980",Israeli,male,1895,1980,,
5372,David Shapiro,"American, born 1944",American,male,1944,0,,
5373,Joel Shapiro,"American, 1941–2025",American,male,1941,2025,Q461178,500118704
5374,Honoré Sharrer,"American, 1920–2009",American,female,1920,2009,Q15442578,500068215
5375,Dmitri M. Shashurin,"Russian, born 1919",Russian,male,1919,0,,
5376,Charles G. Shaw,"American, 1892–1974",American,male,1892,1974,Q5078400,500025487
5377,John Shaw,"American, born 1948",American,male,1948,0,,
5378,John Byam Shaw,"British, 1872–1919",British,male,1872,1919,Q2589323,500017082
5379,Robert Shaw,"American, born 1949",American,male,1949,0,,
5380,Susan Shaw,"American, born 1951",American,female,1951,0,,
5381,Judith Shea,"American, born 1948",American,female,1948,0,Q6303669,500068586
5383,Charles Sheeler,"American, 1883–1965",American,male,1883,1965,Q624868,500115325
5384,Musya Sheeler,"American, born Russia. 1908–1981",American,female,1908,1981,,
5386,Peter Shelton,"American, born 1951",American,male,1951,0,,
5388,Alexander Semenovitch Shenderov,"Russian, 1897–1967",Russian,male,1897,1967,,
5389,John E. Sheridan,American,American,male,0,0,,
5390,Otis Shepard,"American, 1894–1969",American,male,1894,1969,,
5391,A. F. Sherman,American,American,male,0,0,,
5392,Cindy Sherman,"American, born 1954",American,female,1954,0,Q229455,500104869
5393,Sarai Sherman,"American, born 1922",American,female,1922,0,,
5394,James Sherwood,"American, born 1951",American,male,1951,0,,
5395,William J. Shew,"American, 1820–1903",American,male,1820,1903,Q8018391,500101805
5396,Alan Shields,"American,1944–2005",American,male,1944,2005,Q2636828,500021038
5397,Jody Shields,"American, born 1952",American,female,1952,0,,
5398,Tamami Shima,"Japanese, 1937–1999",Japanese,female,1937,1999,,
5399,Kinsuke Shimada,"Japanese, 1900–1994",Japanese,male,1900,1994,Q5477863,
5400,Shinagawa Takumi,"Japanese, 1908–2009",Japanese,male,1908,2009,,
5401,Everett Shinn,"American, 1873–1953",American,male,1873,1953,,
5402,Ushio Shinohara,"Japanese, born 1932",Japanese,male,1932,0,Q7901950,500125461
5403,Mieko Shiomi,"Japanese, born 1938",Japanese,female,1938,0,Q6843723,500125469
5404,Shirai Akiko,"Japanese, 1935–2001",Japanese,female,1935,2001,,
5405,Jun Shiraoka,"Japanese, 1944–2016",Japanese,male,1944,2016,,
5407,Melissa Shook,"American, 1939–2020",American,female,1939,2020,,
5409,Stephen Shore,"American, born 1947",American,male,1947,0,Q586141,500040819
5411,Kenneth Showell,"American, born 1939",American,male,1939,0,,
5413,José María Sicilia,"Spanish, born 1954",Spanish,male,1954,0,,
5414,Walter Richard Sickert,"British, 1860–1942",British,male,1860,1942,Q703369,500001141
5415,Thomas Sicurella,"American, born 1960",American,male,1960,0,,
5416,Arthur Siegel,"American, 1913–1978",American,male,1913,1978,Q18511654,
5417,Irene Siegel,"American, born 1932",American,female,1932,0,,
5418,Siegriest,American,American,,0,0,,
5421,Paul Signac,"French, 1863–1935",French,male,1863,1935,Q151573,500008410
5423,Jean Signovert,"French, 1919–1981",French,male,1919,1981,,
5424,Michael Sigrin,American,American,male,0,0,,
5425,Oli Sihvonen,"American, 1921–1991",American,male,1921,1991,,
5426,Todd Siler,"American, born 1953",American,male,1953,0,,
5427,Sewell Sillman,"American, 1924–1992",American,male,1924,1992,,
5428,Joyce Sills,"American, born 1940",American,female,1940,0,,
5429,Thomas Sills,"American, 1914–2000",American,male,1914,2000,,
5430,Carlos Silva,"Argentine, 1930–1987",Argentine,male,1930,1987,,
5431,Rex (Reginald C.) Silver,"British, 1879–1965",British,male,1879,1965,,
5432,Stanley Silver,American,American,male,0,0,,
5433,Walter Silver,"American, 1923–1998",American,male,1923,1998,,
5434,Silverman,American,American,,0,0,,
5435,Louis Silverstein,"American, 1919–2011",American,male,1919,2011,,
5436,Jeffrey Silverthorne,"American, 1946–2022",American,male,1946,2022,Q6176281,500333694
5438,Jerome Simon,"American, born 1942",American,male,1942,0,,
5440,V. Simon,Russian,Russian,,0,0,,
5441,Charles Simonds,"American, born 1945",American,male,1945,0,Q17559997,
5442,Robert J. Simone,"American, born 1945",American,male,1945,0,,
5443,David Simpson,"American, born 1928",American,male,1928,0,,
5444,Iain Sinclair,"British, born 1943",British,male,1943,0,Q5980623,
5445,James Sinclair (14th Earl of Caithness),"British, 1821–1881",British,male,1821,1881,,
5446,Michael Singer,"American, born 1945",American,male,1945,0,,
5447,Raghubir Singh,"Indian, 1942–1999",Indian,male,1942,1999,Q2127242,500037084
5448,Gustave Singier,"Belgian, 1909–1984",Belgian,male,1909,1984,Q872193,500004911
5450,Art Sinsabaugh,"American, 1924–1983",American,male,1924,1983,Q16010518,500016417
5451,Renée Sintenis,"German, 1888–1965",German,female,1888,1965,Q64341,500076525
5452,Mitchell Siporin,"American, 1910–1976",American,male,1910,1976,Q6881400,500007618
5453,Clara E. Sipprell,"American, born Canada. 1885–1975",American,female,1885,1975,,
5454,David Alfaro Siqueiros,"Mexican, 1896–1974",Mexican,male,1896,1974,Q315647,500008908
5455,Mario Sironi,"Italian, 1885–1961",Italian,male,1885,1961,Q643778,500012403
5456,Aaron Siskind,"American, 1903–1991",American,male,1903,1991,Q302714,500024299
5457,SITE,"American, founded 1970",American,,1970,0,Q7439460,500115961
5458,Vasily Yakovlovich Sitnikov,"Russian, 1915–1987",Russian,male,1915,1987,,
5459,Harold Sitterle,"American, 1921–1993",American,male,1921,1993,,
5460,Trudi Sitterle,"American, 1921–2001",American,female,1921,2001,,
5461,W.H.L. Skeen and Company,British,British,,0,0,,
5462,Birgit Skiöld,"Swedish, 1923–1982",Swedish,female,1923,1982,,
5463,Finn Sködt,"Danish, born 1944",Danish,male,1944,0,,
5464,Nancy Skolos,"American, born 1955",American,female,1955,0,,
5466,Hella Skowronski,"American, 1905–1988",American,female,1905,1988,,
5467,"Alexander ""Skunder"" Boghossian","Ethiopian, 1937–2003",Ethiopian,male,1937,2003,,
5468,Slechinsky,German,German,,0,0,,
5469,Max Slevogt,"German, 1868–1932",German,male,1868,1932,Q703356,500016330
5470,Clarissa Sligh,"American, born 1939",American,female,1939,0,,
5471,John Sloan,"American, 1871–1951",American,male,1871,1951,Q861756,500014645
5472,Sandi Slone,"American, born 1939",American,female,1939,0,,
5473,J. Sluijters,"Dutch, 1881–1957",Dutch,male,1881,1957,,
5474,Howard Smagula,"American, born 1942",American,male,1942,0,,
5475,Neal Small,"American, born 1937",American,male,1937,0,,
5476,Yves De Smet,"Belgian, born 1946",Belgian,male,1946,0,,
5477,Noemi Smilansky,"Israeli, born Poland. 1918–2016",Israeli,female,1918,2016,,
5478,Beuford Smith,"American, 1936–2025",American,male,1936,2025,,
5479,Charles Smith,"American, 1893–1987",American,male,1893,1987,,
5480,David Smith,"American, 1906–1965",American,male,1906,1965,Q726169,500015402
5481,Gordon A. Smith,"Canadian, born England. 1919–2020",Canadian,male,1919,2020,Q5584785,500009414
5482,G. E. Kidder Smith,"American, 1913–1997",American,male,1913,1997,Q1740864,
5483,Jack Smith,"American, 1932–1989",American,male,1932,1989,Q706886,
5484,Joel Smith,"American, 1929–2017",American,male,1929,2017,,
5485,Keith Smith,"American, born 1938",American,male,1938,0,Q6385040,
5486,Kiki Smith,"American, born Germany 1954",American,female,1954,0,Q447300,500115982
5487,Kimber Smith,"American, 1922–1981",American,male,1922,1981,,
5488,Leon Polk Smith,"American, 1906–1996",American,male,1906,1996,Q1818900,500030927
5489,Michael A. Smith,"American, born 1942",American,male,1942,0,,
5490,Mike Smith,"American, born Germany 1951",American,male,1951,0,,
5491,Moishe Smith,"American, born 1929",American,male,1929,0,,
5492,Patricia Smith,American,American,female,0,0,,
5493,Richard Smith,"British, 1931–2016",British,male,1931,2016,Q2150623,500018299
5494,Tony Smith,"American, 1912–1980",American,male,1912,1980,Q551899,500028102
5495,Vincent Smith,"American, 1929–2003",American,male,1929,2003,,
5496,W. Eugene Smith,"American, 1918–1978",American,male,1918,1978,Q551491,500014888
5497,Robert Smithson,"American, 1938–1973",American,male,1938,1973,Q328341,500015753
5498,Kenneth Snelson,"American, 1927–2016",American,male,1927,2016,Q931065,500007005
5499,Orville Logan Snider,"American, 1898–1962",American,male,1898,1962,,
5500,Michael Snow,"Canadian, 1929–2023",Canadian,male,1929,2023,Q558332,500012551
5501,Joan Snyder,"American, born 1940",American,female,1940,0,Q6205466,500018221
5502,Giorgio Soavi,"Italian, born 1923",Italian,male,1923,0,Q3765759,500277659
5503,Janet Sobel,"American, born Ukraine. 1894–1968",American,female,1894,1968,Q6153610,
5505,Howard Sochurek,"American,1924–1994",American,male,1924,1994,,
5506,Giacomo Soffiantino,Italian,Italian,male,0,0,,
5507,Otto Soglow,"American, 1900–1975",American,male,1900,1975,Q1121134,500055694
5508,Sage Sohier,"American, born 1954",American,female,1954,0,,
5509,Ap Sok,"Dutch, 1917–2004",Dutch,male,1917,2004,,
5510,Jaume Solá Valleys,"Catalan, c.1915–1995",Spanish,male,1915,1995,,
5511,Susana Solano,"Spanish, born 1946",Spanish,female,1946,0,Q1875842,
5512,Luis Alberto Solari,"Uruguayan, 1918–1993",Uruguayan,male,1918,1993,,
5513,Ronni G. Solbert,American,American,male,0,0,,
5515,Carlos Soler,Argentine,Argentine,male,0,0,,
5516,Arthur Soll,American,American,male,0,0,,
5517,Rosalind Fox Solomon,"American, 1930–2025",American,female,1930,2025,Q7367254,500037071
5518,Skidmore Owings & Merrill,"American, founded 1936",American,,1936,0,Q459464,500045910
5519,Francesco Somaini,"Italian, 1926–2005",Italian,male,1926,2005,Q2119700,500090149
5520,Frederick Sommer,"American, born Italy. 1905–1999",American,male,1905,1999,Q5498754,500014027
5522,K.R.H. Sonderborg,"Danish, 1923–2008",Danish,male,1923,2008,Q1718197,500017466
5523,Jack Sonenberg,"American, 1925–2012",American,male,1925,2012,,
5524,Alan Sonfist,"American, born 1946",American,male,1946,0,Q2520789,500029371
5525,Eve Sonneman,"American, born 1946",American,female,1946,0,Q15452027,500090651
5526,Keith Sonnier,"American, 1941–2020",American,male,1941,2020,Q327520,500004781
5527,Kiyoshi Sonobe,"Japanese, 1921 – 1996",Japanese,male,1921,1996,,
5528,Wayne Sorce,"American, 1946–2015",American,male,1946,2015,,
5529,Jørgen Haugen Sørensen,"Danish, born 1934",Danish,male,1934,0,,
5530,Juan Soriano,"Mexican, 1920–2006",Mexican,male,1920,2006,Q1234088,500004465
5531,Savely Sorine,"Russian, 1887–1953",Russian,male,1887,1953,,
5533,Steven Sorman,"American, born 1948",American,male,1948,0,,
5534,László Sós,"Hungarian, born 1922",Hungarian,male,1922,0,,
5535,Jesús Rafael Soto,"Venezuelan, 1923–2005",Venezuelan,male,1923,2005,Q519367,500027187
5536,Ettore Sottsass,"Italian, born Austria. 1917–2007",Italian,male,1917,2007,Q78885,500019835
5537,Sergei Soudeikine,"Russian, 1882–1946",Russian,male,1882,1946,Q2506375,500027856
5538,Pierre Soulages,"French, 1919–2022",French,male,1919,2022,Q708631,500004928
5541,Southworth and Hawes,American,American,,0,0,,
5543,Chaim Soutine,"French, 1893–1943",French,male,1893,1943,Q160141,500004801
5544,Louis Soutter,"Swiss, 1871–1942",Swiss,male,1871,1942,Q689650,500030990
5545,Al Souza,"American, born 1944",American,male,1944,0,,
5547,Pravoslav Sovak,"Czech, born 1926",Czech,male,1926,0,Q12046874,
5548,Moses Soyer,"American, born Russia. 1899–1974",American,male,1899,1974,Q6915945,500030568
5549,Raphael Soyer,"American, born Russia.1899–1987",American,male,1899,1987,Q2131415,500009897
5550,Luigi Spacal,Italian,Italian,male,0,0,,
5551,Giuseppe Spagnulo,"Italian, born 1936",Italian,male,1936,0,Q1528650,500112236
5552,Gregory Spaid,"American, born 1946",American,male,1946,0,,
5553,Marko Spalatin,"American, born 1945",American,male,1945,0,,
5554,Merle Spandorfer,"American, born 1934",American,female,1934,0,,
5555,Michael Spano,"American, born 1949",American,male,1949,0,,500342949
5556,Elizabeth Sparhawk-Jones,"American, 1885–1971",American,female,1885,1971,,
5557,Paul Sparks,"American, born 1942",American,male,1942,0,,
5558,Gil Spear,American,American,male,0,0,,
5559,Eugene Speicher,"American, 1883–1962",American,male,1883,1962,Q15503771,500003881
5560,Andrew Spence,"American, born 1947",American,male,1947,0,,
5561,Niles Spencer,"American, 1893–1952",American,male,1893,1952,,500030928
5562,Stanley Spencer,"British, 1891–1959",British,male,1891,1959,Q1282413,500006212
5563,Nicholas Sperakis,"American, born 1943",American,male,1943,0,,
5564,Nancy Spero,"American, 1926–2009",American,female,1926,2009,Q2731236,500060537
5565,Alan Spigelman,"American, born 1939",American,male,1939,0,,
5566,Lino Eneas Spilimbergo,"Argentine, 1896–1964",Argentine,male,1896,1964,Q6554670,500117918
5567,Paul Spina,"American, born 1937",American,male,1937,0,,
5568,Serge Spitzer,"American, born Romania, 1951–2012",American,male,1951,2012,Q7453359,500066023
5569,Daniel Spoerri,"Swiss, born Romania. 1930–2024",Swiss,male,1930,2024,Q123487,500031201
5570,Hans Jurgen Spohn,"German, 1934–1992",German,male,1934,1992,Q1717728,
5571,Walter E. Spradbery,"British, 1889–1969",British,male,1889,1969,,
5572,Ferdinand Springer,"German, 1907–1998",German,male,1907,1998,,
5573,Charles W. Springman,"American, born 1940",American,male,1940,0,,
5574,Benton Spruance,"American, 1904–1967",American,male,1904,1967,,
5575,Everett Spruce,"American, 1908–2002",American,male,1908,2002,,
5576,Stephen Spurrier,Australian,Australian,male,0,0,,
5577,Carlos Maria Miguel Squirru,"Argentine, 1934–2022",Argentine,male,1934,2022,,
5578,Jerzy Srokowski,"Polish, 1910–1971",Polish,male,1910,1971,,
5579,St. Armand,American,American,,0,0,,
5580,Friedrich St. Florian,"American, born Austria 1932",American,male,1932,0,Q5503910,500003285
5581,J. Allen St. John,"American, 1872–1957",American,male,1872,1957,,
5583,Peter Stackpole,"American, 1913–1997",American,male,1913,1997,Q7177068,500040793
5585,Erich Walter Stadler,"German, 1927–1968",German,male,1927,1968,,
5586,Hans Staeger,"German, born 1928",German,male,1928,0,,
5587,A. H. Staf,American,American,,0,0,,
5588,Lawrence Stafford,"American, born 1938",American,male,1938,0,,
5589,Otto Arpke,"German, 1886–1943",German,male,1886,1943,Q2038125,500108993
5590,Paul Stahr,"American, 1883–1953",American,male,1883,1953,,
5591,Paul Staiger,"American, born 1941",American,male,1941,0,,
5592,Marcin Stajewski,"Polish, born 1938",Polish,male,1938,0,,
5593,Carl-Harry Stålhane,"Swedish, 1920–1990",Swedish,male,1920,1990,,
5594,Eric Staller,"American, born 1947",American,male,1947,0,,
5595,Jan Staller,"American, born 1952",American,male,1952,0,,
5596,Ted Stamm,"American, 1944–1984",American,male,1944,1984,,
5597,Theodoros Stamos,"American, 1922–1997",American,male,1922,1997,Q470423,500006236
5598,Percy Stamp,British,British,male,0,0,,
5599,Julian Stanczak,"American, 1928–2017",American,male,1928,2017,Q3650634,500008750
5600,Eugeniusz Stankiewicz,"Polish, 1942–2011",Polish,male,1942,2011,,
5601,Richard Stankiewicz,"American, 1922–1983",American,male,1922,1983,Q3431234,500007819
5603,Robert Stanley,"American, 1932–1997",American,male,1932,1997,,
5605,Larry Stark,"American, born 1940",American,male,1940,0,,
5606,Ottomar Starke,"German, 1886–1962",German,male,1886,1962,,
5607,Franciszek Starowieyski,"Polish, 1930–2009",Polish,male,1930,2009,Q936876,500064153
5609,Andrew Stasik,"American, born 1932",American,male,1932,0,,
5610,David Staub,"American, born 1914",American,male,1914,0,,
5611,Alex R. Stavenitz,"Russian, 1901–1960",Russian,male,1901,1960,,
5612,Nikos Stavroulakis,"Greek, born United States. 1932–2017",Greek,male,1932,2017,,
5613,Henryk Stazewski,"Polish, 1894–1988",Polish,male,1894,1988,Q2278560,500019467
5614,Inge Steckert,German,German,female,0,0,,
5615,W. J. Steegles,British,British,,0,0,,
5616,Kim Steele,American,American,male,0,0,,
5617,Vernon P. Steele,American,American,male,0,0,,
5618,Bernard Steffen,"American, 1907–1980",American,male,1907,1980,,
5619,Hans Hermann Steffens,German,German,male,0,0,,
5620,J. L. Steg,"American, 1922–2001",American,male,1922,2001,,
5621,Milly Steger,"German, 1881–1948",German,female,1881,1948,,
5622,Harold Steggles,"British, 1910–1938",British,male,1910,1938,,
5623,Edward Steichen,"American, born Luxembourg. 1879–1973",American,male,1879,1973,Q313899,500000431
5625,Joël Stein,"French, 1926–2012",French,male,1926,2012,Q1286410,500196003
5626,Walter Stein,"American, born 1924",American,male,1924,0,,
5627,Saul Steinberg,"American, born Romania. 1914–1999",American,male,1914,1999,Q432856,500005873
5628,Steiner,Swiss,Swiss,,0,0,,
5629,Michael Steiner,"American, born 1942",American,male,1942,0,,
5630,Paul Steiner,American,American,male,0,0,,
5631,Ralph Steiner,"American, 1899–1986",American,male,1899,1986,Q3418301,500022058
5632,Otto Steinert,"German, 1915–1978",German,male,1915,1978,Q67624,500026116
5633,Jakob Steinhardt,"Israeli, 1887–1968",Israeli,male,1887,1968,Q214106,500018899
5634,Théophile-Alexandre Steinlen,"French, 1859–1923",French,male,1859,1923,Q706041,500017451
5635,Joe Steinmetz,"American, 1905–1985",American,male,1905,1985,,
5636,Mark Steinmetz,"American, born 1961",American,male,1961,0,,
5637,Pat Steir,"American, born 1940",American,female,1940,0,Q7144042,500025304
5638,Heinrich Steiuer,,,male,0,0,,
5639,Juan Carlos Stekelman,"Argentine, 1936–2015",Argentine,male,1936,2015,,
5640,Frank Stella,"American, 1936–2024",American,male,1936,2024,Q375268,500020533
5641,Joseph Stella,"American, 1877–1946",American,male,1877,1946,Q1347418,500032250
5642,Vladimir Stenberg,"Russian, 1899–1982",Russian,male,1899,1982,Q1994938,500011401
5643,Varvara Stepanova,"Russian, 1894–1958",Russian,female,1894,1958,Q374948,500095268
5644,Gary Stephan,"American, born 1942",American,male,1942,0,,
5645,Stephany,French,French,,0,0,,
5646,Magnus Stephensen,"Danish, 1903–1984",Danish,male,1903,1984,,
5647,David Stephenson,"American, born 1955",American,male,1955,0,,
5649,Joseph Sterling,"American, 1936–2010",American,male,1936,2010,Q18421557,500348876
5650,Bert Stern,"American, 1929–2013",American,male,1929,2013,Q388964,500116851
5651,Marina Stern,"American, 1928–2017",American,female,1928,2017,,
5652,Harry Sternberg,"American, 1904–2001",American,male,1904,2001,Q15488004,500055727
5653,Hedda Sterne,"American, born Romania 1910–2011",American,female,1910,0,,
5654,Maurice Sterne,"American, born Latvia. 1877–1957",American,male,1877,1957,Q3852444,500026464
5655,Albert Sterner,"American, 1863–1946",American,male,1863,1946,Q4711274,500018573
5656,Joel Sternfeld,"American, born 1944",American,male,1944,0,Q1422150,500037070
5657,Florine Stettheimer,"American, 1871–1944",American,female,1871,1944,Q5461886,500011029
5658,Louis Stettner,"American, 1922–2016",American,male,1922,2016,,
5659,Stevens,Nationality unknown,Nationality unknown,,0,0,,
5660,Norman Stevens,"British, 1937–1988",British,male,1937,1988,,
5661,Rex A. Stevens,American,American,male,0,0,,
5664,Alfred Stieglitz,"American, 1864–1946",American,male,1864,1946,Q313055,500024301
5665,Clyfford Still,"American, 1904–1980",American,male,1904,1980,Q700336,500020155
5666,Nanny Still,"Finnish, 1926–2009",Finnish,female,1926,2009,,
5667,William James Stillman,"American, 1828–1901",American,male,1828,1901,Q8013496,500004889
5668,James Stirling,"British, born Scotland 1926–1992",British,male,1926,1992,Q159619,500013910
5669,Mark Stock,"American, born Germany. 1951 – 2014",American,male,1951,2014,,
5670,Stockmarr,Finnish,Finnish,,0,0,,
5671,Niklaus Stoecklin,"Swiss, 1896–1982",Swiss,male,1896,1982,Q1990471,500017791
5673,Walter Stöhrer,"German, born 1937",German,male,1937,0,,
5674,Ezra Stoller,"American, 1915–2004",American,male,1915,2004,Q1386090,500008828
5675,Gunta Stölzl,"Swiss, born Germany. 1897–1983",Swiss,female,1897,1983,Q73085,500048725
5676,Edward Durell Stone,"American, 1902–1978",American,male,1902,1978,Q3048508,500012382
5677,Jim Stone,"American, born 1947",American,male,1947,0,,
5678,Marly Stone,"American, 1944–2003",American,female,1944,2003,,
5679,David Storey,"American, born 1948",American,male,1948,0,,
5681,John Storrs,"American, 1885–1956",American,male,1885,1956,Q3110301,500015423
5682,Lou Stoumen,"American, born 1917",American,male,1917,0,Q6686914,500129351
5683,Myron Stout,"American, 1908–1987",American,male,1908,1987,Q19666172,500006238
5684,John Stram,"American, born 1939",American,male,1939,0,,
5685,Paul Strand,"American, 1890–1976",American,male,1890,1976,Q453839,500003133
5686,Frank D. Stratton,American,American,male,0,0,,
5687,Karl Ludwig Straub,"German, 1900–1997",German,male,1900,1997,,
5688,Théodore (Stravinsky) Strawinsky,"French, 1907–1989",French,male,1907,1989,,
5689,Thelma Johnson Streat,"American, 1911–1959",American,female,1911,1959,,
5690,Tal Streeter,"American, 1934–2014",American,male,1934,2014,,
5691,Max Arthur Stremel,German,German,male,0,0,,
5692,Marianne Strengell,"American, born Finnish. 1909–1998",American,female,1909,1998,Q20256999,500105168
5693,Oskar Strnad,"Austrian, 1879–1935",Austrian,male,1879,1935,Q87355,500020857
5694,Gerda Strömberg,"Swedish, died 1960",Swedish,female,0,1960,,
5695,James Strombotne,"American, born 1934",American,male,1934,0,Q6143762,500020177
5696,Jonathan W. Strong,American,American,male,0,0,,
5697,F. Strothmann,American,American,,0,0,,
5698,Hermann Struck,German,German,male,0,0,,
5699,Karl Struss,"American, 1886–1981",American,male,1886,1981,Q1351247,500014698
5700,Wladyslaw Strzemiński,"Polish, born Russian Empire. 1893–1952",Polish,male,1893,1952,,
5701,Ian Stuart,"Irish, born 1926",Irish,male,1926,0,,
5702,Michelle Stuart,"American, born 1938",American,female,1938,0,,
5703,A. Stuart-Hill,British,British,,0,0,,
5704,Fritz Stuckenberg,"German, 1881–1944",German,male,1881,1944,,
5705,Stanislaus Stückgold,"Polish, 1880–1933",Polish,male,1880,1933,,
5706,Studio,British,British,,0,0,,
5707,Studio Opi,"Italian, established 1955",Italian,,1955,0,,
5708,Studio Tg,Italian,Italian,,0,0,,
5709,Juliusz Studnicki,"Polish, 1906–1978",Polish,male,1906,1978,,
5710,Walter Stuempfig,"American, 1914–1970",American,male,1914,1970,Q7966219,500028060
5711,Jock Sturges,"American, born 1947",American,male,1947,0,,
5712,Jan Stussy,"American, 1921–1990",American,male,1921,1990,,
5713,Jindřich Štyrský,"Czech, 1899–1942",Czech,male,1899,1942,Q1261996,500013863
5714,Harry Suchland,"German, born 1925",German,male,1925,0,,
5715,Josef Sudek,"Czech, 1896–1976",Czech,male,1896,1976,Q1356243,500021756
5716,Richard Tum Suden,"American, born 1937",American,male,1937,0,,
5717,Jean-Pierre Sudre,"French, 1921–1997",French,male,1921,1997,Q2383306,500102027
5718,Nikolai Suetin,"Russian, 1897–1954",Russian,male,1897,1954,Q4445589,500050467
5719,Kumi Sugaï,"Japanese, 1919–1996",Japanese,male,1919,1996,Q321715,500025060
5720,George Sugarman,"American, 1912–1999",American,male,1912,1999,Q1920946,500016027
5721,Hiroshi Sugimoto,"Japanese, born 1948",Japanese,male,1948,0,Q919236,500036907
5722,Tsune Sugimura,"Japanese, 1926–1991",Japanese,male,1926,1991,,
5723,Louis Sullivan,"American, 1856–1924",American,male,1856,1924,Q243240,500013453
5724,Patrick J. Sullivan,"American, 1894–1967",American,male,1894,1967,Q20200633,500025239
5726,Donald Sultan,"American, born 1951",American,male,1951,0,Q5295201,500017683
5727,Larry Sultan,"American, 1946–2009",American,male,1946,2009,Q1806120,500002461
5728,Martin Sumers,"American, born 1922",American,male,1922,0,,
5729,Carol Summers,"American, 1925–2016",American,male,1925,2016,Q5044573,500021858
5730,Hugo Summerville,"American, 1885–1948",American,male,1885,1948,,
5731,H. Y. Sümmons,British,American,male,0,0,,
5732,Britt-Louise Sundell,"Swedish, born 1928",Swedish,female,1928,0,,
5733,Superstudio,"Italian, est. 1966–1982",Italian,,1966,1982,Q617456,500115953
5735,Léopold Survage,"French, 1879–1968",French,male,1879,1968,Q734172,500008491
5736,Richard Süssmuth,"German, 1900–1974",German,male,1900,1974,Q1748448,
5737,Miroslav Šutej,"Croatian, 1936–2005",Croatian,male,1936,2005,Q1568062,500196068
5738,Hugo Suter,"Swiss, born 1943",Swiss,male,1943,0,,
5739,Graham Sutherland,"British, 1903–1980",British,male,1903,1980,Q581763,500001106
5740,Ladislav Sutnar,"American, born Bohemia (now Czech Republic). 1897–1976",American,male,1897,1976,Q6469715,500036768
5741,William B. Suttle,American,American,male,0,0,,
5742,William Stephen Sutton,"American, born 1956",American,male,1956,0,,
5743,Mark di Suvero,"American, born China 1933",American,male,1933,0,Q567421,500013375
5745,Mutsumi Suzuki,"Japanese, born 1942",Japanese,male,1942,0,,
5746,Yoshio Suzuki,Japanese,Japanese,male,0,0,,
5747,Max Walter Svanberg,"Swedish, 1912 – 1994",Swedish,male,1912,1994,,
5748,Peter Svannäs,Swedish,Swedish,male,0,0,,
5749,Luke Swank,"American, 1890–1944",American,male,1890,1944,Q18421713,500037019
5750,George A. Swanson,"American, born 1908",American,male,1908,0,,
5753,Waldemar Swierzy,"Polish, 1931–2013",Polish,male,1931,2013,Q827734,500058868
5755,Henry F. Swift,"American, 1890–1960",American,male,1890,1960,,
5756,John Swope,"American, 1908–1979",American,male,1908,1979,Q6259841,500348491
5757,Maltby Sykes,"American, 1911–1992",American,male,1911,1992,,
5759,Joseph Szabo,"American, born 1944",American,male,1944,0,,
5760,Steve Szabo,"American, 1940–2000",American,male,1940,2000,,
5761,Sam Szafran,"French, 1934–2019",French,male,1934,2019,Q2216661,
5762,Karin Székessy,"German, born 1939",German,female,1939,0,,
5763,Geza Szobel,"French, 1905–1963",French,male,1905,1963,,
5764,István Szony,Hungarian,Hungarian,,0,0,,
5765,Tomasz Szulecki,"Polish, born 1953",Polish,male,1953,0,,
5766,Fernando Szyszlo,"Peruvian, born 1925",Peruvian,male,1925,0,,
5767,Carol Block Taback,"American, 1941–1980",American,female,1941,1980,,
5768,Ivan Tabaković,"Serbian, born Austria Hungary, 1898–1977",Serbian,male,1898,1977,,
5769,Maurice Tabard,"French, 1897–1984",French,male,1897,1984,Q3143070,500036994
5770,Isaiah West Taber,"American, 1830–1912",American,male,1830,1912,Q12021854,500002696
5771,Jun Tabohashi,"Japanese, born 1931",Japanese,male,1931,0,,
5772,Yudio Tabuchi,"Japanese, 1905 – 1989",Japanese,male,1905,1989,,
5773,Yasse Tabuchi,"Japanese, 1921–2009",Japanese,male,1921,2009,,
5774,Augustus Vincent Tack,"American, 1870–1949",American,male,1870,1949,Q4821560,500026877
5775,Kenji Tadamoto,"Japanese, born 1926",Japanese,male,1926,0,,
5776,Tadasky (Tadasuke Kuwayama),"American, born Japan 1935",Japanese,male,1935,0,,
5777,Sophie Taeuber-Arp,"French, born Switzerland. 1889–1943",Swiss,female,1889,1943,Q254395,500020080
5778,Walter Tafelmaier,"German, born 1935",German,male,1935,0,,
5779,Tägtström,Swedish,Swedish,,0,0,,
5781,Shinkichi G. Tajiri,"American, 1923–2009",American,male,1923,2009,Q471243,500029677
5782,Takahama Kazuhide,"Japanese, 1930–2010",Japanese,male,1930,2010,,
5783,Rikio Takahashi,"Japanese, 1917–1999",Japanese,male,1917,1999,,
5784,Peter Takal,"American, 1905–1995",American,male,1905,1995,,
5785,Jiro Takamatsu,"Japanese, 1936–1998",Japanese,male,1936,1998,Q11670443,500123782
5787,Takeshi Imaji,"Japanese, born 1913",Japanese,male,1913,0,,
5789,Takis,"French, born Greece. 1925–2019",French,male,1925,2019,Q241927,500094639
5790,René Pierre Tal-Coat,"French, 1905–1985",French,male,1905,1985,,
5791,William Henry Fox Talbot,"British, 1800–1877",British,male,1800,1877,Q299565,500021449
5792,John Talleur,"American, 1925–2001",American,male,1925,2001,,
5793,Reuben Tam,"American, 1916–1991",American,male,1916,1991,,
5795,Rufino Tamayo,"Mexican, 1899–1991",Mexican,male,1899,1991,Q690790,500024331
5796,Olli Aninbaum,Finnish,Finnish,,0,0,,
5798,Shisui Tanahashi,"Japanese, 1906–1991",Japanese,male,1906,1991,,
5799,Atsuko Tanaka,"Japanese, 1932–2005",Japanese,female,1932,2005,Q274945,500125006
5800,Ikko Tanaka,"Japanese, 1930–2002",Japanese,male,1930,2002,Q325697,500125900
5801,Tokutaro Tanaka,"Japanese, 1909–1989",Japanese,male,1909,1989,,
5803,Tancredi (Tancredi Parmeggiani),"Italian, 1927–1964",Italian,male,1927,1964,Q2392204,500021447
5804,Yves Tanguy,"American, born France. 1900–1955",American,male,1900,1955,Q164720,500125870
5805,Richard Taninbaum,"American, born 1952",American,male,1952,0,,
5806,Dorothea Tanning,"American, 1910–2012",American,female,1910,2012,Q234324,500000210
5807,Mark Tansey,"American, born 1949",American,male,1949,0,Q317256,500097157
5808,Jorge Tapia,"Argentine, born 1940",Argentine,male,1940,0,,
5809,Antoni Tàpies,"Spanish, 1923–2012",Spanish,male,1923,2012,Q158099,500011373
5810,Leopoldo Tartarini,"Italian, 1932–2015",Italian,male,1932,2015,,
5811,Vladimir Tatlin,"Russian, 1885–1953",Russian,male,1885,1953,Q310320,500021874
5812,A. Taupin,French,French,,0,0,,
5814,Lenore Tawney,"American, 1907–2007",American,female,1907,2007,Q15499401,500025932
5815,Al Taylor,"American, 1948–1999",American,male,1948,1999,,
5816,Jack Taylor,"American, 1897–1983",American,male,1897,1983,,
5817,Prentiss Taylor,"American, 1907–1991",American,male,1907,1991,Q7240574,500041102
5818,Richard Taylor,"Canadian, 1902–1970",Canadian,male,1902,1970,,
5819,Terrance Nelson Taylor,"American, born 1937",American,male,1937,0,,
5820,Sergei Vasilevich Tchekonine,"Russian, 1879–1936",Russian,male,1879,1936,,
5821,Pavel Tchelitchew,"American, born Russia. 1898–1957",American,male,1898,1957,Q2361741,500004010
5822,Lou Tchimoukow,French,French,,0,0,,
5823,Jerzy Tchorzewski,"Polish, 1928–1999",Polish,male,1928,1999,,
5824,Walter Dorwin Teague,"American, 1883–1960",American,male,1883,1960,Q2447709,500020760
5825,Tebo (Ángel Torres Jaramillo),"Mexican, 1916–1937",Mexican,male,1916,1937,,
5826,Karel Teige,"Czech (born Bohemia), 1900–1951",Czech,male,1900,1951,Q1377687,500001148
5827,Hervé Télémaque,"Haitian, 1937–2022",Haitian,male,1937,2022,Q481327,500025851
5829,Eugenio Tellez,"Chilean, born 1939",Chilean,male,1939,0,,
5830,Franco Teodoro,"Italian, 1939–2005",Italian,male,1939,2005,,
5831,Georgiy Teptsov,Russian,Russian,male,0,0,,
5832,Rouben Ter-Arutunian,"American, born Georgia. 1920–1992",American,male,1920,1992,,
5833,Teratani Keijiro,Japanese,Japanese,male,0,0,,
5834,Eduardo Terrazas,"Mexican, born 1936",Mexican,male,1936,0,,
5835,Emilio Terry,"French, 1890–1969",French,male,1890,1969,Q3052340,500015165
5836,Edmund Teske,"American, 1911–1996",American,male,1911,1996,Q5339857,500029239
5837,Peter Teubner,American,American,male,0,0,,
5838,Walther Teutsch,"German, 1883–1964",German,male,1883,1964,,
5839,Nahum Tevet,"Israeli, born 1946",Israeli,male,1946,0,,
5840,Félix Teynard,"French, 1817–1892",French,male,1817,1892,,
5841,Herbert von Thaden,"American, 1898–1969",American,male,1898,1969,,
5843,Bob Thall,"American, born 1948",American,male,1948,0,Q4934169,500037069
5844,Joan Josep Tharrats,"Spanish, 1918–2001",Spanish,male,1918,2001,Q4892330,500115674
5845,Forrest Thayer,"American, 1919–1951",American,male,1919,1951,,
5846,Julia Thecla,"American, 1896–1973",American,female,1896,1973,,
5847,Pär G. Thelander,"Swedish, born 1936",Swedish,male,1936,0,,
5848,Francois Thépot,"French, born 1925",French,male,1925,0,,
5849,Wayne Thiebaud,"American, 1920–2021",American,male,1920,2021,Q698275,500010185
5850,E. Thiebault,French,French,male,0,0,,
5851,Monsieur Thiebault,French,French,male,0,0,,
5852,Félix Thiollier,"French, 1842–1914",French,male,1842,1914,Q3092618,500017457
5853,Hans Thoma,"German, 1839–1924",German,male,1839,1924,,
5854,Byron Thomas,"American, 1902–1978",American,male,1902,1978,,
5856,André Thomkins,"Swiss, 1930–1985",Swiss,male,1930,1985,Q121068,500015434
5857,Thompson,British,British,,0,0,,
5858,Bob Thompson,"American, 1937–1966",American,male,1937,1966,,
5859,Francis Thompson,"American, 1908–2003",American,male,1908,2003,,
5860,Jerry L. Thompson,"American, born 1945",American,male,1945,0,,
5861,Mildred Thompson,"American, 1935–2003",American,female,1935,2003,,
5862,William Thompson,"American, born 1919",American,male,1919,0,,
5863,John Thomson,"British, 1837–1921",British,male,1837,1921,Q736862,500022641
5865,"Gebrüder Thonet, company design","Austrian, established 1853",Austrian,,1853,0,,
5866,Michael Thonet,"Austrian, 1796–1871",Austrian,male,1796,1871,Q60229,500062161
5867,Esias Thoren,"Swedish, 1901–1981",Swedish,male,1901,1981,,
5868,Leslie Thornton,"American, born 1951",American,female,1951,0,Q1820823,500076873
5869,James Thurber,"American, 1894–1961",American,male,1894,1961,Q124527,500072427
5870,Kn Thurlbeck,"American, born 1947",American,male,1947,0,,
5871,Øistein Thurman,"Norwegian, 1922–1988",Norwegian,male,1922,1988,,
5873,George A. Tice,"American, 1938–2025",American,male,1938,2025,Q5545230,500037072
5874,Anna Ticho,"Israeli, 1894–1981",Israeli,female,1894,1981,,
5875,Rolf Tietgens,"German, 1911–1984",German,male,1911,1984,Q2163837,
5876,Louis Comfort Tiffany,"American, 1848–1933",American,male,1848,1933,Q312950,500030415
5877,Sidney Tillim,"American, 1925–2001",American,male,1925,2001,,
5878,William Tillyer,British,British,male,0,0,Q8019421,500020612
5879,Joe Tilson,"British, 1928–2023",British,male,1928,2023,Q1363990,500026599
5880,Elizabeth Timberman,"American, born 1908",American,female,1908,0,,
5881,Walasse Ting,"American, 1929–2010",American,male,1929,2010,Q2095915,500019971
5882,Jean Tinguely,"Swiss, 1925–1991",Swiss,male,1925,1991,Q163938,500010804
5884,William Tipton,"American, 1850–1929",American,male,1850,1929,,
5885,Henriette Tirman,"French, 1875–1952",French,female,1875,1952,,
5886,Zdravko Tišljar,"Croatian, born 1938",Croatian,male,1938,0,,
5887,Gérard Titus-Carmel,"French, born 1942",French,male,1942,0,Q3124332,500014919
5888,Hap Tivey,"American, born 1947",American,male,1947,0,,
5889,Mark Tobey,"American, 1890–1976",American,male,1890,1976,Q261562,500012870
5890,Masatoshi Toda,"Japanese, born 1948",Japanese,male,1948,0,,
5891,Charles S. Todd,"American, 1885–1950",American,male,1885,1950,,
5892,Francisco Toledo,"Mexican, 1940–2019",Mexican,male,1940,2019,Q1351374,500005528
5893,Hans Tollin,"Swedish, born 1947",Swedish,male,1947,0,,
5894,Henryk Tomaszewski,"Polish, 1914–2005",Polish,male,1914,2005,,
5895,Shomei Tomatsu,"Japanese, 1930–2012",Japanese,male,1930,2012,Q1373158,500122217
5896,Bradley Walker Tomlin,"American, 1899–1953",American,male,1899,1953,Q551865,500016014
5897,Tonita Peña (Quah Ah),"Pueblo, 1893–1949",Native American,female,1893,1949,,
5898,Kristians Tonny,"French, born Amsterdam, 1907–1977",French,male,1907,1977,Q496692,500082049
5899,Tontsere,Spanish,Spanish,,0,0,,
5900,George Tooker,"American, 1920–2011",American,male,1920,2011,Q938221,500017656
5901,Jan Toorop,"Dutch, 1858–1928",Dutch,male,1858,1928,Q369416,500017535
5902,Roland Topor,"French, 1939–1997",French,male,1938,1997,,
5903,Mario Toral,"Chilean, born 1934",Chilean,male,1934,0,,
5904,Helen Torr,"American, 1886–1967",American,female,1886,1967,Q16750445,500027808
5907,Joaquín Torres-García,"Uruguayan, 1874–1949",Uruguayan,male,1874,1949,Q520713,500031259
5908,Endre Tót,"Hungarian, born 1937",Hungarian,male,1937,0,,
5909,Carl Toth,"American, born 1947",American,male,1947,0,,
5910,Henri de Toulouse-Lautrec,"French, 1864–1901",French,male,1864,1901,Q82445,500029114
5911,William N. Touzani,"Moroccan, born 1954",Moroccan,male,1954,0,,
5912,Harold Tovish,"American, born 1921",American,male,1921,0,Q15429860,500104949
5913,Harold Barling Town,"Canadian, 1924–1991",Canadian,male,1924,1991,,
5914,Hugh Townley,"American, 1923–2008",American,male,1923,2008,,
5915,Townsend,Nationality unknown,Nationality unknown,,0,0,,
5916,Toyen (Marie Čermínová),"French, born Bohemia. 1902–1980",Czech,female,1902,1980,Q271743,500013325
5917,Tomonori Toyofuku,"Japanese, 1925–2019",Japanese,male,1925,2019,,
5918,Karl Trabert,"German, died 1968",German,male,0,1968,,
5919,Bertha Trabich,"American, 1879–1941",American,female,1879,1941,,
5920,Trace And Warner,American,American,,0,0,,
5921,Neil Trager,"American, born 1947",American,male,1947,0,,
5922,Philip Trager,"American, born 1935",American,male,1935,0,,
5923,Michael Train,American,American,male,0,0,,
5924,Walter G. Treadwell,American,American,male,0,0,,
5925,Steven Trefonides,"American, 1926–2021",American,male,1926,2021,,
5926,Marc Treib,"American, born 1943",American,male,1943,0,,
5927,Adolph Treidler,"American, 1886–1981",American,male,1886,1981,,
5928,Joyce Treiman,"American, 1922–1991",American,female,1922,1991,Q6297642,500064673
5929,Otto Treumann,"Dutch, born Germany, 1919–2001",Dutch,male,1919,2001,Q215918,500128079
5930,Julien Trevelyan,British,British,male,0,0,,
5932,Hann Trier,"German, 1915–1999",German,male,1915,1999,Q1575652,500020416
5933,Rosemarie Trockel,"German, born 1952",German,female,1952,0,Q65990,500033164
5934,Rudi Tröger,"German, born 1929",German,male,1929,0,Q15434034,
5935,Heinz Trökes,German,German,male,0,0,Q1601076,500027616
5936,Henri Tronquoy,French,French,male,0,0,,
5937,Clovis Trouille,"French, 1899–1975",French,male,1899,1975,,
5938,Ernest Trova,"American, 1927–2009",American,male,1927,2009,Q828350,500000734
5939,David Trowbridge,"American, 1945–2009",American,male,1945,2009,,
5940,Niklaus Troxler,"Swiss, born 1947",Swiss,male,1947,0,Q1990474,
5941,Knut Troysaa,Norwegian,Norwegian,male,0,0,,
5943,David True,"American, born 1942",American,male,1942,0,Q17125550,500023751
5944,Van Day Truex,"American, 1904–1979",American,male,1904,1979,,
5945,Anne Truitt,"American, 1921–2004",American,female,1921,2004,Q565848,500022909
5947,Georg Trump,"German, 1896–1985",German,male,1896,1985,Q99239,
5948,Nina Tryggvadottir,"Icelandic, 1913–1968",Icelandic,female,1913,1968,Q16809,500121977
5949,Donna Tryon,American,American,female,0,0,,
5950,George Tscherny,"American, born Hungary. 1924 – 2023",American,male,1924,2023,,
5951,Jan Tschichold,"Swiss, born Germany. 1902–1974",Swiss,male,1902,1974,Q455232,500125556
5952,Augustin Tschinkel,"Czech, born 1905",Czech,male,1905,0,,
5953,Oswald Tschirtner,"Austrian, born 1920–2007",Austrian,male,1920,2007,Q87632,500100334
5954,Lill Tschudi,"Swiss, 1911–2004",Swiss,female,1911,2004,Q16016303,500107683
5955,Tokiyoshi Tsubouchi,"Japanese, born 1946",Japanese,male,1946,0,,
5956,Hiromi Tsuchida,"Japanese, born 1939",Japanese,male,1939,0,Q5421558,500327217
5957,Hajime Tsuchizaki,Japanese,Japanese,male,0,0,,
5958,Tsuchiya Rakusan,"Japanese, 1896–1976",Japanese,male,1896,1976,,
5959,Akihiko Tsukamoto,"Japanese, born 1952",Japanese,male,1952,0,,
5960,Albert Tucker,"Australian, 1914–1999",Australian,male,1914,1999,Q3631144,500041112
5961,Nicolas Tucker,"British, born 1948",British,male,1948,0,,
5962,Toba Tucker,"American, born 1935",American,female,1935,0,,
5963,William Tucker,"American, born Egypt 1935",American,male,1935,0,Q828010,500015612
5964,Akesuk Tudlik,"Inuit and Canadian, 1890–1966",Canadian Inuit,male,1890,1966,,
5965,Rafael Tufiño,"Puerto Rican, born United States.1922–2008",Puerto Rican,male,1922,2008,Q7282343,500118447
5966,Jakob Tuggener,"Swiss, 1904–1988",Swiss,male,1904,1988,Q1451077,
5967,Thomas Tulis,"American, born 1961",American,male,1961,0,,
5968,Igael Tumarkin,"Israeli, born 1933",Israeli,male,1933,0,Q777441,500041730
5969,John Tunnard,"British, 1900–1971",British,male,1900,1971,Q11723006,500032606
5970,Earl S. Tupper,"American, 1907–1983",American,male,1907,1983,Q741735,
5971,Albert Angus Turbayne,"American, 1866–1940",American,male,1866,1940,Q4709642,500336444
5972,Giulio Turcato,"Italian, 1912–1995",Italian,male,1912,1995,,
5974,Marko Turk,"Slovenian (former Yugoslavia), 1920–1999",Slovenian,male,1920,1999,,
5975,William Turnbull,"British, 1922–2012",British,male,1922,2012,Q325274,500031291
5976,Roberto Turnbull Buenrostro,"Mexican, born 1959",Mexican,male,1959,0,,
5977,Turner,Nationality unknown,Nationality unknown,,0,0,,
5978,Alwyn Scott Turner,"American, born 1936",American,male,1936,0,,
5979,Alan Turner,"American, born 1943",American,male,1943,0,,
5980,Benjamin Brecknell Turner,"British, 1815–1894",British,male,1815,1894,Q4888327,500037129
5981,James Turrell,"American, born 1943",American,male,1943,0,Q740966,500009338
5982,Anne Turyn,"American, born 1954",American,female,1954,0,,
5983,Richard Tuttle,"American, born 1941",American,male,1941,0,Q836743,500116277
5984,Léon Arthur Tutundjian,"Armenian, active in France, 1905–1968",Russian,male,1905,1968,,
5985,Guenter Tuzina,"German, born 1951",German,male,1951,0,,
5986,Vilhelm Tveteraas,Norwegian,Norwegian,male,0,0,,
5988,Cy Twombly,"American, 1928–2011",American,male,1928,2011,Q159566,500032301
5989,Jack Tworkov,"American, born Poland. 1900–1982",American,male,1900,1982,Q320821,500009670
5990,Alexei Alexandrovich Tyapushkin,"Russian, born 1919",Russian,male,1919,0,,
5992,Richard Tyler,American,American,male,0,0,,
5993,Nikolai Andreevich Tyrsa,Russian,Russian,male,0,0,,
5994,Edgard Tytgat,"Belgian, 1879–1957",Belgian,male,1879,1957,Q366851,500031116
5997,Raoul Ubac,"Belgian, born Germany, 1910–1985",Belgian,male,1910,1985,,
5998,Ansei Uchima,"American, 1921–2000",American,male,1921,2000,,
5999,Günther Uecker,"German, 1930–2025",German,male,1930,2025,Q569940,500024882
6000,Shoji Ueda,"Japanese, 1913–2000",Japanese,male,1913,2000,Q3107892,
6001,Jerry Uelsmann,"American, 1934–2022",American,male,1934,2022,Q1285072,500095150
6002,Maria Uhden,"German, 1892–1918",German,female,1892,1918,Q1896384,500011834
6003,Ulla af Ugglas,"Swedish, born 1916",Swedish,female,1916,0,,
6004,Doris Ulmann,"American, 1884–1934",American,female,1884,1934,,
6005,Timm Ulrichs,"German, born 1940",German,male,1940,0,,
6006,Umbo (Otto Umbehr),"German, 1902–1980",German,male,1902,1980,Q68231,500000027
6008,Underwood and Underwood,"American, active 1880–1934",American,,1880,1934,,
6009,G. F. Underwood,American,American,,0,0,,
6010,Hans Unger,"British, 1872–1936",British,male,1872,1936,,
6011,Unidentified Designer,,,,0,0,,
6013,Unidentified Designer,French,French,,0,0,,
6014,Unidentified Designer,German,German,,0,0,,
6015,Unidentified Designer,Dutch,Dutch,,0,0,,
6016,Unidentified Designer,Italian,Italian,,0,0,,
6017,Unidentified Designer,Mexican,Mexican,,0,0,,
6018,Unidentified Designer,Swedish,Swedish,,0,0,,
6019,Unidentified Designer,Swiss,Swiss,,0,0,,
6020,Unidentified Designer,British,British,,0,0,,
6021,Unidentified Designer,American,American,,0,0,,
6024,Unkn Graph Art/des - British,British,British,,0,0,,
6025,Unkn Graph Art/des - Russian,Russian,Russian,,0,0,,
6026,Unidentified Artist,American,American,,0,0,,
6031,Unidentified sculptor,,,,0,0,,
6032,Unidentified Graphic Artist,"American, 1895–1946",American,,1895,1946,,
6033,Max Unold,"German, 1885–1964",German,male,1885,1964,,
6034,Richard Upton,"American, 1931–2013",American,male,1931,2013,,
6035,José Urbach,"American, born 1940",American,male,1940,0,,
6036,Albert Urban,"American, born Germany. 1909–1959",American,male,1909,1959,,
6037,Reva Urban,"American, 1925–1987",American,female,1925,1987,,
6038,Maciej Urbaniec,"Polish, 1925–2004",Polish,male,1925,2004,Q769859,
6039,Graziella Urbinati,"Italian, born 1927",Italian,female,1927,0,,
6040,Tony Urquhart,"Canadian, born 1934",Canadian,male,1934,0,,
6041,Demetrio Urruchúa,"Argentine, 1902–1978",Argentine,male,1902,1978,,
6042,Mario Urteaga,"Peruvian, 1875–1957",Peruvian,male,1875,1957,Q5999102,500117275
6043,Kenji Ushiku,"Japanese, 1922–",Japanese,male,1922,0,,
6044,Kaoru Usui (臼井 薫),"Japanese, 1916 – 2010",Japanese,male,1916,2010,,
6045,Ilya Utkin,"Russian, born 1955",Russian,male,1955,0,,
6046,Maurice Utrillo,"French, 1883–1955",French,male,1883,1955,Q108301,500008404
6047,Burk Uzzle,"American, born 1938",American,male,1938,0,Q1016334,500093505
6048,John Vachon,"American, 1914–1975",American,male,1914,1975,Q3182639,500036523
6049,Polygnotos G. Vagis,"American, born Greece. 1894–1965",American,male,1894,1965,,
6050,Laurence Vail,"American, 1891–1968",American,male,1891,1968,Q1808028,500021414
6051,Roger Vail,"American, born 1945",American,male,1945,0,,
6052,Aida Vaisman,"Argentine, died 1940",Argentine,female,0,1940,,
6053,Meyer Vaisman,"American, born Venezuela 1960",American,male,1960,0,Q16942327,500011281
6054,Boris Vako,Russian,Russian,male,0,0,,
6055,Suzanne Valadon,"French, 1865–1938",French,female,1865,1938,Q156889,500032597
6056,Valdo-Barbey (Valdo-Luis Barbey),"French, 1883–1965",French,male,1883,1965,,
6057,Alfredo Valente,"American, born Italy. 1899–1973",American,male,1899,1973,,
6058,James Valentine,"British, 1815–1880",British,male,1815,1880,,
6059,Walter Valentini,"Italian, born 1928",Italian,male,1928,0,,
6060,James Valkus,American,American,male,0,0,,
6061,Vallauris,French,French,,0,0,,
6062,Gino Valle,"Italian, 1923–2003",Italian,male,1923,2003,Q976404,500105914
6064,Félix Vallotton,"French, 1865–1925",French,male,1865,1925,Q123740,500017056
6065,Louis Valtat,"French, 1869–1952",French,male,1869,1952,Q1872017,500026675
6066,Philip Van Aver,"American, born 1939",American,male,1939,0,,
6067,Richard Van Buren,"American, born 1937",American,male,1937,0,,
6068,Henry Clemens van de Velde,"Belgian, 1863–1957",Belgian,male,1863,1957,Q154083,500002737
6069,Roland van den Berghe,"Dutch, born 1943",Dutch,male,1943,0,,
6070,Ed van Der Elsken,"Dutch, 1925–1990",Dutch,male,1925,1990,,
6071,Piet van der Have,Dutch,Dutch,male,0,0,,
6072,Bart van der Leck,"Dutch, 1876–1958",Dutch,male,1876,1958,Q174655,500030887
6073,Frans van der Steen,Dutch,Dutch,male,0,0,,
6074,James Van Der Zee,"American, 1886–1983",American,male,1886,1983,Q3161458,500032481
6075,James Van Dijk,"American, 1930–2002",American,male,1930,2002,,
6076,Theo van Doesburg,"Dutch, 1883–1931",Dutch,male,1883,1931,Q160422,500007926
6077,Kees van Dongen,"French, born the Netherlands. 1877–1968",French,male,1877,1968,Q170345,500005833
6078,Willard Van Dyke,"American, 1906–1986",American,male,1906,1986,Q709447,500037065
6079,Ger van Elk,"Dutch, 1941–2014",Dutch,male,1941,2014,Q827998,500094334
6080,Jay Van Everen,"American, 1875–1947",American,male,1875,1947,,
6081,Jan L. A. van Goethem,"Dutch, born 1929",Dutch,male,1929,0,,
6083,Diederick Van Kleef,"Dutch, born 1954",Dutch,male,1954,0,,
6085,Willem van Leusden,"Dutch, 1886–1974",Dutch,male,1886,1974,Q14519584,500006884
6086,Enrico van Lint,"Italian, 1808–1884",Italian,male,1808,1884,,
6087,Wim van Stek,"Dutch, 1925–2001",Dutch,male,1925,2001,,
6088,Robert H. Vance,"American, 1825–1876",American,male,1825,1876,,
6089,William Vandivert,"American, 1912–1989",American,male,1912,1989,Q1483880,500094794
6090,Julius Vannerson,"American, 1827–1875",American,male,1827,1875,,
6091,Georges Vantongerloo,"Belgian, 1886–1965",Belgian,male,1886,1965,Q771670,500028929
6093,Yarom Vardimon,"Israeli, born 1941",Israeli,male,1941,0,,
6094,Luis Vargas Rosas,"Chilean, 1897–1977",Chilean,male,1897,1977,,
6098,Various Artists,Danish,Danish,,0,0,,
6099,Various Artists,French,French,,0,0,,
6101,Various Artists,Haitian,Haitian,,0,0,,
6102,Various Artists,Italian,Italian,,0,0,,
6103,Various Artists,Mexican,Mexican,,0,0,,
6104,Various Artists,Nationality unknown,Nationality unknown,,0,0,,
6105,Various Artists,American,American,,0,0,,
6106,Various Artists,Russian,Russian,,0,0,,
6109,Victor Vasarely,"French, born Hungary. 1908–1997",French,male,1908,1997,Q154448,500030657
6110,Sigurd Vasegaard,Danish,Danish,male,0,0,,
6111,Yuri V. (Mon) Vasiliev,"Russian, 1925–1990",Russian,,1925,1990,,
6112,Mohsen Vaziri Moghaddam,"Iranian, born 1924",Iranian,male,1924,0,,
6113,Gene Vass,"American, 1922–1996",American,male,1922,1996,,
6114,Keith Vaughan,British,British,male,0,0,Q6385156,500027029
6115,Ben Vautier,"French, born Italy, 1935–2024",French,male,1935,2024,Q604546,500011704
6116,Eugène Charles Paul Vavasseur,"French, 1863–1949",French,male,1863,1949,,
6117,Kristian Vedel,"Danish, 1923–2003",Danish,male,1923,2003,Q6437991,
6118,Alexander Semenovitch Vedernikov,"Russian, 1898–1975",Russian,male,1898,1975,,
6119,Emilio Vedova,"Italian, 1919–1995",Italian,male,1919,1995,,
6120,Jorge de la Vega,"Argentine, 1930–1971",Argentine,male,1930,1971,Q1703961,500061952
6121,Harriet M. Veissi,"American, born 1903",American,female,1903,0,,
6123,Jukka Veistola,"Finnish, born 1946",Finnish,male,1946,0,,
6124,Bram van Velde,"Dutch, 1895–1981",Dutch,male,1895,1981,,
6125,Vladimir Veličković,"Serbian and French, 1935–2019",Serbian,male,1935,2019,,
6126,Ruth Velissaratos,"American, 1887–1970",American,female,1887,1970,,
6127,Bernar Venet,"French, born 1941",French,male,1941,0,Q545445,500121192
6128,Michael Venezia,"American, 1935–2025",American,male,1935,2025,,
6129,Paolo Venini,"Italian, 1895–1959",Italian,male,1895,1959,Q7132258,500093458
6130,Venna,Italian,Italian,,0,0,,
6131,Anita Ventura,American,American,female,0,0,,
6132,Robert Venturi,"American, 1925–2018",American,male,1925,2018,Q212312,500018011
6133,Paul Véra,"French, 1882–1957",French,male,1882,1957,,
6134,JoAnn Verburg,"American, born 1950",American,female,1950,0,,
6135,André Verlon (Willy Verkauf),"Austrian, 1917–1993",Austrian,male,1917,1993,Q2582246,500124471
6136,Luigi Veronesi,"Italian, 1908–1998",Italian,male,1908,1998,Q519428,500008913
6137,Raúl Veroni,"Argentine, 1913–1992",Argentine,male,1913,1992,,
6138,Kurt Versen,"American, 1901–1997",American,male,1901,1997,,
6139,Aleksandr Vesnin,"Russian, 1883–1959",Russian,male,1883,1959,Q2834123,500019128
6140,Renzo Vespignani,"Italian, 1924–2001",Italian,male,1924,2001,Q646763,500018903
6141,Michael Vessa,"American, born 1948",American,male,1948,0,,
6142,David Vestal,"American,1924–2013",American,male,1924,2013,Q5240643,500356037
6143,Heinz Veuhoff,"German, 1933–2005",German,male,1933,2005,,
6144,Ivan (Vial Williams) Vial,"Chilean, born 1928",Chilean,male,1928,0,,
6145,Claude Viallat,"French, born 1936",French,male,1936,0,Q2978246,500059148
6147,Esteban Vicente,"American, born Spain. 1903–2001",American,male,1903,2001,Q5400843,500008993
6150,Roger Vieillard,"French, 1907–1989",French,male,1907,1989,Q3439545,500041767
6151,Constance Brenner Vieira Da Cunha,"American, born 1943",American,female,1943,0,,
6152,Maria Helena Vieira da Silva,"French, born Portugal. 1908–1992",French,female,1908,1992,Q242399,500124985
6153,Jean-Pierre Vielfaure,"French, born 1930",French,male,1930,0,,
6154,Romas Viesulas,"American, 1918–1986",American,male,1918,1986,,
6155,Massimo Vignelli,"Italian, 1931–2014",Italian,male,1931,2014,Q2317903,500078468
6159,Juan Vila Vilacasas,"Spanish, born 1920",Spanish,male,1920,0,,
6160,Javier Vilato,"Spanish, 1921–2000",Spanish,male,1921,2000,,
6161,Eduardo Vilches,"Chilean, born 1932",Chilean,male,1932,0,,
6162,André Villeboeuf,"French, 1893–1956",French,male,1893,1956,,
6163,Jacques Villeglé,"French, 1926–2022",French,male,1926,2022,Q452451,500063802
6165,Jacques Villon,"French, 1875–1963",French,male,1875,1963,Q452254,500003616
6166,Victor Semenovich Vilner,Russian,Russian,male,0,0,,
6167,René Vincent,"Haitian, born 1911",Haitian,male,1911,0,,
6168,Lauretta Vinciarelli,"Italian, 1943–2012",Italian,female,1943,2012,,
6169,Claude Viseux,"French, 1927–2008",French,male,1927,2008,,
6170,Roman Vishniac,"American, born Russia. 1897–1990",American,male,1897,1990,Q464614,500099753
6171,Carel Visser,"Dutch, 1928–2015",Dutch,male,1928,2015,Q604267,500075343
6172,Carmel Vitullo,"American, born 1925",American,female,1925,0,,
6173,Carlo L. Vivarelli,"Swiss, 1919–1986",Swiss,male,1919,1986,,
6174,Giuseppe Viviani,"Italian, 1898–1965",Italian,male,1898,1965,Q3108161,500029397
6175,Louis Vivin,"French, 1861–1936",French,male,1861,1936,Q1563526,500022853
6176,Michael Vivo,"American, 1947–1984",American,male,1947,1984,,
6177,Maurice de Vlaminck,"French, 1876–1958",French,male,1876,1958,Q241098,500008582
6178,Lucien Vlerick,"Belgian, born 1921",Belgian,male,1921,0,,
6179,Heinrich Vogeler,"German, 1872–1942",German,male,1872,1942,,
6180,Ruth Vollmer,"American, born Germany. 1903–1982",American,female,1903,1982,Q7383250,500007987
6183,Monika Von Boch,"German, 1915–1993",German,female,1915,1993,,
6184,Baroness Elsa von Freytag-Loringhoven,"German, 1874–1927",German,female,1874,1927,Q442841,500062531
6185,Priska Von Martin,"German, 1912–1982",German,female,1912,1982,,
6186,Otto Von Wätjen,"German, 1881–1942",German,male,1881,1942,,
6187,John Von Wicht,"American, 1888–1970",American,male,1888,1970,,
6188,Charmion von Wiegand,"American, 1899–1983",American,female,1899,1983,,
6189,Friedrich Vordemberge-Gildewart,"Dutch, born Germany. 1899–1962",Dutch,male,1899,1962,Q471652,500024263
6190,Jan Voss,"German, born 1936",German,male,1936,0,,
6191,Wolf Vostell,"German, 1932–1998",German,male,1932,1998,Q326226,500004580
6192,Andrei Voznesensky,"Russian, born 1933",Russian,male,1933,0,,
6193,Adam Clark Vroman,"American, 1856–1916",American,male,1856,1916,Q13552833,500021818
6194,Édouard Vuillard,"French, 1868–1940",French,male,1868,1940,Q239394,500014954
6195,Lazar Vujaklija,"Serbian, born 1914",Serbian,male,1914,0,,
6196,Gérard Vulliamy,"French, 1909–2005",French,male,1909,2005,,
6197,Jean Vylen,Nationality unknown,Nationality unknown,male,0,0,,
6198,Vaclav Vytlacil,"American, 1892–1984",American,male,1892,1984,,
6200,Ludwig Wachlmeier (or Aloys Ludwig Wach),"Austrian, 1892–1940",Austrian,male,1892,1940,,
6201,Konrad Wachsmann,"American, born Germany. 1901–1980",American,male,1901,1980,Q95246,500032987
6202,M. Waddell,American,American,,0,0,,
6203,Theodore Waddell,"American, born 1928",American,male,1928,0,,
6204,Douglas Wadden,American,American,male,0,0,,
6205,Edward Wadsworth,"British, 1889–1949",British,male,1889,1949,Q1294022,500028119
6206,Len Waernberg,"Swedish, born 1926",Swedish,,1926,0,,
6207,Jaap Wagemaker,"Dutch, 1906–1972",Dutch,male,1906,1972,,
6208,Wilhelm Wagenfeld,"German, 1900–1990",German,male,1900,1990,Q77378,500048135
6209,John F. Waggaman,"American, born 1923",American,male,1923,0,,
6210,Otto Wagner,"Austrian, 1841–1918",Austrian,male,1841,1918,Q84287,500016971
6211,Wilhelm Wagner,"German, 1887–1968",German,male,1887,1968,,
6212,Wagula,Yugoslav,Yugoslavian,,0,0,,
6213,Marcelle Wahl,"French, 1888–1974",French,female,1888,1974,,
6215,Aijiro Wakita,"Japanese, born 1942",Japanese,male,1942,0,,
6216,Robert Walch,American,American,male,0,0,,
6217,Sylvia Wald,"American, 1915–2011",American,female,1915,2011,,500112469
6218,Paul Waldman,"American, born 1936",American,male,1936,0,,
6219,Butch Walker,"American, born 1941",American,male,1941,0,,
6220,John Walker,"British, born 1939",British,male,1939,0,Q324571,500022965
6221,Sandy Walker,"American, born 1942",American,female,1942,0,,
6222,Todd Walker,"American, 1917–1998",American,male,1917,1998,,
6223,Abraham Walkowitz,"American, born Russia. 1878–1965",American,male,1878,1965,Q4669219,500026928
6224,August Walla,"Austrian, born 1936–2001",Austrian,male,1936,2001,Q764407,500198978
6225,Frank Wallace,"American, 1881–1962",American,male,1881,1962,,
6228,Don Wallance,"American, 1909–1990",American,male,1909,1990,Q5293939,500334269
6229,Alfred Wallis,"British, 1855–1942",British,male,1855,1942,Q3354650,500029935
6230,Edward Wallowitch,"American, 1932–1981",American,male,1932,1981,,
6231,William Walmsley,"American, born 1923",American,male,1923,0,,
6232,Karl Walser,"Swiss, 1877–1943",Swiss,male,1877,1943,,
6233,Bernard Walsh,"American, 1912–2004",American,male,1912,2004,,
6234,Carl Walters,"American, 1883–1955",American,male,1883,1955,,500051871
6235,Ernest Walters,"American, 1927–2004",American,male,1927,2004,,
6236,Eugene Walters,"American, born 1942",American,male,1942,0,,
6237,Jo Ann Walters,"American, born 1952",American,female,1952,0,,
6238,Gene Walther,Swiss,Swiss,male,0,0,,
6239,Allan Walton,"British, 1891–1948",British,male,1891,1948,,
6240,Nicolaas Warb (Sophie Warburg),"Dutch, 1906–1957",Dutch,female,1906,1957,,
6241,Jim Ward,American,American,male,0,0,,
6242,Velox Ward,"American, 1901–1944",American,male,1901,1944,,
6243,Frederick Wardy,"American, born 1937",American,male,1937,0,,
6244,John D. Wareham,"American, 1871–1954",American,male,1871,1954,,
6246,Andy Warhol,"American, 1928–1987",American,male,1928,1987,Q5603,500006031
6247,William Warnecke,"American, 1881–1939",American,male,1881,1939,,
6248,Henry de Waroquier,"French, 1881–1970",French,male,1881,1970,,
6249,Dody Weston Thompson,"American,1923–2012",American,male,1923,2012,,
6250,Marian Warzecha,"Polish, born 1930",Polish,female,1930,0,,
6251,Bradford Washburn,"American, 1910–2007",American,male,1910,2007,Q331125,
6253,Yukichi Watabe,"Japanese, 1924–1993",Japanese,male,1924,1993,,
6254,Ryo Watanabe,"Japanese, born 1936",Japanese,male,1936,0,,
6255,Sadao Watanabe,"Japanese, 1913–1996",Japanese,male,1913,1996,,
6256,Yoshio Watanabe,"Japanese, 1907–2000",Japanese,male,1907,2000,,
6257,Neil S. Waterman,American,American,male,0,0,,
6258,E. K. Waters,American,American,,0,0,,
6260,Carleton E. Watkins,"American, 1829–1916",American,male,1829,1916,Q2939083,500002731
6261,Franklin Chenault Watkins,"American, 1894–1972",American,male,1894,1972,,500025403
6262,Gilbert A. Watrous,"American, 1919–1991",American,male,1919,1991,,
6264,Brian J. Watson,"British, born 1949",British,male,1949,0,,
6265,F. Marriott Watson,British,British,,0,0,,
6266,S. Watson,British,British,,0,0,,
6267,Eva Watson-Schütze,"American, 1867–1935",American,female,1867,1935,Q433566,500088437
6268,Henning Watterston,"American, 1916–2009",American,male,1916,2009,,
6269,Robert Watts,"American, 1923–1988",American,male,1923,1988,Q2159143,500047426
6271,June Wayne,"American, 1918–2011",American,female,1918,2011,Q3915869,500051984
6272,Todd Webb,"American, 1905–2000",American,male,1905,2000,Q3530288,500124474
6273,Franklin Webber,American,American,male,0,0,,
6274,Hugo Weber,"American, 1918–1971",American,male,1918,1971,,
6275,Max Weber,"American, born Russia. 1881–1961",American,male,1881,1961,Q535334,500029261
6278,Josiah Wedgwood,"British, 1730–1795",British,male,1730,1795,Q319331,500062605
6279,William Frederick Weege III,"American, 1935–2020",American,male,1935,2020,,
6280,Harry Mohr Weese,"American, 1915–1998",American,male,1915,1998,Q3783535,500022565
6281,William Wegman,"American, born 1943",American,male,1943,0,Q567366,500118696
6282,Hans Wegner,"Danish, 1914–2007",Danish,male,1914,2007,Q700073,500004003
6283,Weigl-Waltl,German,German,,0,0,,
6284,Svend Weihrauch,"Danish, 1899–1962",Danish,male,1899,1962,,
6285,Elbert Weinberg,"American, 1928–1991",American,male,1928,1991,Q5353726,500068605
6286,Helen Joy Weinberg,"American, 1900–1994",American,female,1900,1994,,
6287,Dan Weiner,"American, 1919–1959",American,male,1919,1959,Q5214568,500069291
6288,Lawrence Weiner,"American, 1942–2021",American,male,1942,2021,Q680192,500013081
6289,Wolfgang Weingart,"Swiss, 1941–2021",Swiss,male,1941,2021,,
6290,David Weinrib,"American, 1924–2016",American,male,1924,2016,,
6291,Joyce Weinstein,"American, born 1931",American,female,1931,0,,
6292,John Spence Weir,"American, born 1930",American,male,1930,0,,
6293,Weisgerber,Austrian,Austrian,,0,0,,
6294,David Weiss,"Swiss, 1946–2012",Swiss,male,1946,2012,Q18618552,500060883
6295,John Joseph Weiss,"American, 1941–2017",American,male,1941,2017,,
6296,Sabine Weiss,"Swiss, 1924–2021",Swiss,female,1924,2021,Q3460581,
6297,Weissauer,Nationality unknown,Nationality unknown,,0,0,,
6298,Ernest Weissman,American,American,male,0,0,,
6299,Susan Weitzman,American,American,female,0,0,,
6300,Pepi Weixlgartner,"Austrian, 1886–1981",Austrian,female,1886,1981,,
6301,Mieczyslaw Wejman,"Polish, 1912–1997",Polish,male,1912,1997,,
6302,Stanislaw Wejman,"Polish, born 1944",Polish,male,1944,0,,
6303,Roger Welch,"American, born 1946",American,male,1946,0,,
6304,W. Archibald Welden,"American, 1900–1970",American,male,1900,1970,,
6305,Neil Welliver,"American, 1929–2005",American,male,1929,2005,Q6989468,500015713
6306,James Lesesne Wells,"American, 1902–1993",American,male,1902,1993,,
6307,Lynton Wells,"American, born 1940",American,male,1940,0,,
6308,Jack Welpott,"American, 1923–2007",American,male,1923,2007,,
6309,Stow Wengenroth,"American, 1906–1978",American,male,1906,1978,Q7620670,500041132
6311,Jane Wenger,"American, born 1944",American,female,1944,0,,
6312,Wilhelm Wenk,German,German,male,0,0,,
6313,F. H. Wenzel,Nationality unknown,Nationality unknown,,0,0,,
6314,Theodor Werner,"German, 1886–1969",German,male,1886,1969,Q2418467,500021881
6315,Wolfgang von Wersin,"German, 1882–1976",German,male,1882,1976,,
6316,John Wesley,"American, 1928–2022",American,male,1928,2022,Q1425302,500107563
6317,"Henry Wessel, Jr.","American, 1942–2018",American,male,1942,2018,Q373689,500036649
6318,Tom Wesselmann,"American, 1931–2004",American,male,1931,2004,Q703660,500025122
6319,Levon West,"American, 1900–1968",American,male,1900,1968,,
6321,Timothy West,"American, 1937–2012",American,male,1937,2012,,
6322,H. C. Westermann,"American, 1922–1981",American,male,1922,1981,Q1553678,500022770
6326,Terence Westmacott,,,male,0,0,,
6327,Brett Weston,"American, 1911–1993",American,male,1911,1993,Q910885,500030585
6329,Edward Weston,"American, 1886–1958",American,male,1886,1958,Q346988,500003372
6330,Harold Weston,"American, 1894–1972",American,male,1894,1972,Q5662727,500006170
6331,Bengt Westrell,"Swedish, born 1927",Swedish,,1927,0,,
6332,Stefan Wewerka,"German, 1928–2013",German,male,1928,2013,Q2337903,500022974
6333,Dennis Wheeler,"American, born 1935",American,male,1935,0,,
6335,John Adams Whipple,"American, 1822–1891",American,male,1822,1891,Q1351738,500030112
6336,James McNeill Whistler,"American, 1834–1903",American,male,1834,1903,Q203643,500012432
6337,Rex Whistler,"British, 1905–1944",British,male,1905,1944,,
6338,Clarence H. White,"American, 1871–1925",American,male,1871,1925,Q942472,500025892
6339,Charles White,"American, 1918–1979",American,male,1918,1979,Q5083521,500115749
6340,Henry White,"British, 1819–1903",British,male,1819,1903,,
6341,Linda White,"American, born 1945",American,female,1945,0,,
6342,Minor White,"American, 1908–1976",American,male,1908,1976,Q712996,500000194
6343,Neal White,"American, born 1947",American,male,1947,0,,
6344,Stephen White,"American, born 1948",American,male,1948,0,,
6346,Walter Whitehead,"American, 1874–1956",American,male,1874,1956,,
6347,Brett Whiteley,"Australian, 1939–1992",Australian,male,1939,1992,,
6348,Forbes Johnstone Whiteside,"American, 1918–2015",American,male,1918,2015,,
6350,Robert Whitman,"American, 1935–2024",American,male,1935,2024,Q7351025,500110594
6351,Jack Whitten,"American, 1939–2018",American,male,1939,2018,Q6115781,500077661
6352,Jan Wichers,"German, born 1944",German,male,1944,0,,
6354,Jan Wiegers,"Dutch, 1893–1959",Dutch,male,1893,1959,,
6355,Hannah Weiner,"American, 1928–1997",American,female,1928,1997,,
6356,Metall-Arbeit Wiener Werkstätte,Austrian,Austrian,,0,0,,
6357,Anne Wienholt,"Australian, born 1920",Australian,female,1920,0,,
6358,Jupp Wiertz,"German, 1881–1939",German,male,1881,1939,,
6359,Don Wight,"American, born 1924",American,male,1924,0,,
6360,Orrin Sage Wightman,"American, 1873–1965",American,male,1873,1965,,
6361,Svend Wiig Hansen,"Danish, 1922–1997",Danish,male,1922,1997,,
6362,Bjorn Wiinblad,"Danish, 1918–2006",Danish,male,1918,2006,,
6363,Hendrikus Th. Wijdeveld,"Dutch, 1885–1987",Dutch,male,1885,1987,,
6364,David Wilcox,American,American,male,0,0,,
6365,Gerald Wilde,British,British,male,0,0,,
6366,Marguerite Wildenhain,"American, born France. 1896–1985",American,female,1896,1985,Q102204,500096143
6367,Adolpho Wildt,"Italian, 1868–1931",Italian,male,1868,1931,,
6370,William T. Wiley,"American, 1937–2020",American,male,1937,2020,Q2581047,500022350
6371,Thomas Wilfred,"American, born Denmark. 1889–1968",American,male,1889,1968,Q7795122,500084072
6372,Ulfert Wilke,"American, 1907–1988",American,male,1907,1988,,
6373,John Willenbecher,"American, born 1936",American,male,1936,0,,
6374,Mildred E. Williams,"American, 1892–1967",American,female,1892,1967,,
6375,Casey Williams,"American, 1947–2013",American,male,1947,2013,,
6376,Daniel S. Williams,"American, 1942–2024",American,male,1942,2024,,
6377,Emmett Williams,"American, 1925–2007",American,male,1925,2007,Q719185,500085600
6378,Fred Williams,"Australian, 1927–1982",Australian,male,1927,1982,Q1565078,500031568
6380,James Leon Williams,"American, 1852–1920",American,male,1852,1920,,
6381,Mason Williams,"American, born 1938",American,male,1938,0,Q339892,500122347
6382,William T. Williams,"American, born 1942",American,male,1942,0,Q8019143,500002663
6383,Clara McDonald Williamson,"American, 1875–1976",American,female,1875,1976,Q18618540,500334446
6384,Thornton Willis,"American, born 1936",American,male,1936,0,,
6385,Manfred Willmann,"Austrian, born 1952",Austrian,male,1952,0,,
6386,Christopher Wilmarth,"American, 1943–1987",American,male,1943,1987,,500019367
6387,George Washington Wilson,"British, 1823–1893",British,male,1823,1893,Q2179710,500025761
6388,Jane Wilson,"American, 1924–2015",American,female,1924,2015,,
6389,Michael Wilson,"American, born 1947",American,male,1947,0,,
6390,Robert Wilson,"American, 1941 – 2025",American,male,1941,2025,Q541526,500124951
6391,Scott Wilson,"Scottish, born United States. 1889–1972",Scottish,male,1889,1972,,
6392,R. W. Winfield,British,British,,0,0,,
6393,David Wing,"American, born 1947",American,male,1947,0,,
6394,Sven Wingquist,"Swedish, 1876–1953",Swedish,male,1876,1953,,
6395,Princess Winifred,Nationality unknown,Nationality unknown,female,0,0,,
6396,Trevor Winkfield,"British, born 1944",British,male,1944,0,,
6397,Gerd Winner,"German, born 1936",German,male,1936,0,,
6398,Geoff Winningham,"American, born 1943",American,male,1943,0,,
6399,Garry Winogrand,"American, 1928–1984",American,male,1928,1984,Q121903,500014550
6400,Neil Winokur,"American, born 1945",American,male,1945,0,,
6401,Rolf Winquist,"Swedish, 1910–1968",Swedish,male,1910,1968,Q18669835,
6402,Jackie Winsor,"American, born Canada. 1941–2024",American,female,1941,2024,Q6120232,500077642
6403,Thomas W. Winstead,"American, born 1918",American,male,1918,0,,
6405,Fritz Winter,"German, 1905–1976",German,male,1905,1976,Q578152,500015352
6406,Alfred Winter-Rust,"German, 1923–2000",German,male,1923,2000,,
6407,Robin Winters,"American, born 1950",American,male,1950,0,,
6408,Terry Winters,"American, born 1949",American,male,1949,0,Q2405815,500000039
6409,Tapio Wirkkala,"Finnish, 1915–1985",Finnish,male,1915,1985,Q550411,500097462
6410,Kurt Wirth,"Swiss, born 1917",Swiss,male,1917,0,Q1279024,500345750
6411,Marc Wise,"American, born 1964",American,male,1964,0,,
6412,Francis Wishart,"British, born 1951",British,male,1951,0,,
6413,Eugen Wiskovsky,"Czech, 1888–1964",Czech,male,1888,1964,,
6414,Benno Wissing,"Dutch, 1923–2008",Dutch,male,1923,2008,,
6415,Adrian Wiszniewski,"British, born 1958",British,male,1958,0,,
6416,Joan Witek,"American, born 1943",American,female,1943,0,,
6417,Joel-Peter Witkin,"American, born 1939",American,male,1939,0,Q554307,500020019
6418,Rainer Wittenborn,"German, born 1941",German,male,1941,0,,
6419,Ben Wittick,"American, 1845–1903",American,male,1845,1903,,
6420,Johann Loetz,Austrian,Austrian,male,0,0,,
6421,Josef Rudolf Witzel,"German, 1867–1927",German,male,1867,1927,,
6422,Emerson Woelffer,"American, 1914–2003",American,male,1914,2003,Q5370951,500021738
6423,Agatha Wojciechowsky,"American, 1893–1986",American,female,1893,1986,,
6424,Stanislav Wojtowicz,"Polish, 1920–1991",Polish,male,1920,1991,,
6426,Marion Post Wolcott,"American, 1910–1990",American,female,1910,1990,Q436687,500002522
6427,Arne Wolf,"American, born 1929",American,male,1929,0,,
6428,Sylvia Wolf,"American, born 1957",American,female,1957,0,,
6429,Grete Wolf-Krakauer,"Israeli, born Austria-Hungary. 1890–1970",Israeli,female,1890,1970,,
6430,Wolfsberg,German,German,,0,0,,
6431,Jeffrey Wolin,"American, born 1951",American,male,1951,0,,
6432,Wols (A. O. Wolfgang Schulze),"German, 1913–1951",German,male,1913,1951,Q553952,500007176
6433,Andrew Kay Womrath,"American, 1869–1939",American,male,1869,1939,,
6434,Helena (Mie Yuan Wong) Wong,"Brazilian, 1938–1990",Brazilian,female,1938,1990,,
6435,Paul Wonner,"American, 1920–2008",American,male,1920,2008,Q7154467,500001115
6436,Art Wood,"American, born 1918",American,male,1918,0,,
6437,Brian Wood,"Canadian, born 1948",Canadian,male,1948,0,Q4965677,500347686
6438,Esther Wood,"American, born 1921",American,female,1921,0,,
6439,Grant Wood,"American, 1891–1942",American,male,1891,1942,Q217434,500031056
6440,Gross Wood,"American, born 1919",American,male,1919,0,,
6441,J. Trevor Wood,"Zimbabwean, born Great Britain 1930",British,male,1930,0,,
6442,Charles Herbert Woodbury,"American, 1864–1940",American,male,1864,1940,,
6443,D. B. Woodbury,"American, 1839–1866",American,male,1839,1866,,
6444,Pamela Woodhead,"British, 1955–2009",British,female,1955,2009,,
6445,George Woodman,"American, 1932–2017",American,male,1932,2017,,
6446,Bill Woodrow,"British, born 1948",British,male,1948,0,Q476192,500053935
6447,Joseph Janvier Woodward,"American, 1833–1884",American,male,1833,1884,Q6284343,
6448,Christopher Wool,"American, born 1955",American,male,1955,0,Q1087064,500118710
6449,Hal Woolf,"British, 1902–1962",British,male,1902,1962,,
6450,Willard Worden,"American, 1873–1946",American,male,1873,1946,,
6451,Piet Worm,"Dutch, 1909–1996",Dutch,male,1909,1996,,
6452,Edward Wormley,"American, 1907–1995",American,male,1907,1995,Q5345991,
6453,Troels Wörsel,"Danish, born 1950",Danish,male,1950,0,Q7844947,500098582
6454,Don Worth,"American, 1924–2009",American,male,1924,2009,,
6456,Fritz Wotruba,"Austrian, 1907–1975",Austrian,male,1907,1975,Q695289,500015353
6457,Dick Wray,"American, 1933–2011",American,male,1933,2011,,
6458,Cedric Wright,"American, 1889–1959",American,male,1889,1959,Q5057166,500347687
6459,Frank Lloyd Wright,"American, 1867–1959",American,male,1867,1959,Q5604,500020307
6460,Russel Wright,"American, 1904–1976",American,male,1904,1976,Q7381291,500001139
6461,Andrzej J. Wroblewski,"Polish, born 1934",Polish,male,1934,0,,
6462,Theo Wujcik,"American, 1936–2014",American,male,1936,2014,,
6463,Paul Wunderlich,"German, 1927–2010",German,male,1927,2010,Q316829,500025297
6464,Andrew Wyeth,"American, 1917–2009",American,male,1917,2009,Q316325,500001266
6465,James Wyeth,"American, born 1946",American,male,1946,0,Q1099591,500001584
6466,Mary Wykeham,"British, 1909–1996",British,female,1909,1996,,
6467,Lance Wyman,"American, born 1937",American,male,1937,0,Q9020185,500012137
6468,Richard Wyndham,"British, 1896–1948",British,male,1896,1948,,
6469,Milton Wynne,American,American,male,0,0,,
6471,Llewellyn Xavier,"British, born 1942",British,female,1942,0,,
6473,Jaume Juez i Castella (Xirinius),"Spanish (Catalan), 1906–2002",Spanish,male,1906,2002,,
6474,Desiderio Hernández Xochitiotzin,"Mexican, 1922–2007",Mexican,male,1922,2007,,
6475,Xomob(?),Russian,Russian,,0,0,,
6476,Ahmed Yacoubi,"Moroccan and American, 1928–1985",Moroccan,male,1928,1985,,
6478,Kazuo Yagi,"Japanese, 1918–1979",Japanese,male,1918,1979,,
6480,Takao Yamada,"Japanese, born 1938",Japanese,male,1938,0,,
6481,Yamaguchi Gen,"Japanese, 1896–1976",Japanese,male,1896,1976,Q11466945,500333874
6482,Harumi Yamaguchi,"Japanese, born 1936",Japanese,female,1936,0,,
6483,Susumu Yamaguchi,"Japanese, 1897–1983",Japanese,male,1897,1983,,
6484,Takeo Yamaguchi,"Japanese, 1902–1983",Japanese,male,1902,1983,Q11467515,500328357
6486,Yoji Yamamoto,"Japanese, born 1943",Japanese,male,1943,0,,
6487,Ryuichi Yamashiro,"Japanese, born 1920",Japanese,male,1920,0,Q2178400,
6488,Tad Yamashiro,"American, born 1930",American,male,1930,0,,
6489,Hiroshi Yamazaki,Japanese,Japanese,male,0,0,,
6490,Sori Yanagi,"Japanese, 1915–2011",Japanese,male,1915,2011,Q181996,500126289
6491,John Yang,"American, born China 1933",American,male,1933,0,,
6492,Kō Yanome,"Japanese, born 1930",Japanese,male,1930,0,,
6493,Chuji Yao,Japanese,Japanese,male,0,0,,
6494,Nakaji Yasui (安井 仲治),"Japanese, 1903 – 1942",Japanese,male,1903,1942,,
6495,Max Yavno,"American, 1911–1985",American,male,1911,1985,,
6496,Yayanagi Tsuyoshi,"Japanese, born 1933",Japanese,male,1933,0,,
6497,Manoucher Yektai,"American, born Iran. 1921–2019",American,male,1921,2019,,
6498,Albert E. Yersin,"Swiss, 1905–1984",Swiss,male,1905,1984,,
6499,George Ygfors,"Swedish, born 1926",Swedish,male,1926,0,,
6500,Ylla,"American, born Austria. 1911–1955",American,female,1911,1955,Q662783,500076835
6501,Alejandro Mario Yllanes,"Bolivian, 1913–1960",Bolivian,male,1913,1960,,
6502,Tadanori Yokoo,"Japanese, born 1936",Japanese,male,1936,0,Q3513688,500060125
6503,Yoo Kang Yi,Korean,Korean,,0,0,,
6504,Yoshi,Japanese,Japanese,male,0,0,,
6505,Chizuko Yoshida,"Japanese, born 1924",Japanese,female,1924,0,,
6506,Hodaka Yoshida,"Japanese, 1926–1995",Japanese,female,1926,1995,,
6507,Katsuro Yoshida,Japanese,Japanese,male,0,0,,
6508,Masaji Yoshida,"Japanese, 1917–1971",Japanese,male,1917,1971,,
6509,Toshi Yoshida,"Japanese, 1911–1995",Japanese,male,1911,1995,Q2916723,500341679
6510,Yoshio Yoshida,"Japanese, born 1940",Japanese,male,1940,0,,
6511,Hideo Yoshihara,"Japanese, 1931–2007",Japanese,male,1931,2007,,
6513,Naoki Yoshimoto,"Japanese, born 1940",Japanese,male,1940,0,,
6514,Masunobu Yoshimura,"Japanese, born 1932",Japanese,male,1932,0,,
6515,Senzo Yoshioka,"Japanese, 1916–2005",Japanese,male,1916,2005,,
6517,Alfred Young,Nationality unknown,Nationality unknown,male,0,0,,
6518,Arthur Young,"American, 1905–1995",American,male,1905,1995,,
6519,Ellsworth Young,American,American,male,0,0,,
6520,La Monte Young,"American, born 1935",American,male,1935,0,Q432822,500081186
6521,Michael Young,"American, born 1952",American,male,1952,0,,
6522,Peter Young,"American, born 1940",American,male,1940,0,Q1755473,500001324
6523,Thomas Young,"American, born 1924",American,male,1924,0,,
6524,Jack Youngerman,"American, 1926–2020",American,male,1926,2020,Q6115904,500004402
6525,Mario Yrisarry,"American, born 1934",American,male,1934,0,,
6526,Adja Yunkers,"American, born Latvia. 1900–1983",American,male,1900,1983,Q4683136,500013967
6527,Yvaral (Jean Pierre Vasarely),"French, 1934–2002",French,male,1934,2002,,
6528,Teresa Zabala,"American, born 1938",American,female,1938,0,,
6529,Melvin Zabarsky,"American, born 1932",American,male,1932,0,,
6530,Adolf Zabransky,"German, 1909–1981",German,male,1909,1981,Q2081591,500066551
6531,Julio Augusto Zachrisson,"Panamanian, born 1930",Panamanian,male,1930,0,,
6532,Léon Zack,"French, 1892–1980",French,male,1892,1980,,
6533,Ossip Zadkine,"French, born Russia. 1890–1967",French,male,1890,1967,Q160172,500007328
6534,Stanislaw Zagorski,"Polish, born 1933",Polish,male,1933,0,,
6535,Paul A. Zahl,"American, 1910–1985",American,male,1910,1985,,
6536,Jack Zajac,"American, born 1929",American,male,1929,0,Q15458806,500112341
6537,Alfredo Zalce,"Mexican, 1908–2003",Mexican,male,1908,2003,Q2646392,500065904
6539,Wojciech Zamecznik,"Polish, 1923–1967",Polish,male,1923,1967,,
6540,Norman Zammitt,"American, born Canada. 1931–2007",American,male,1931,2007,,
6541,Enrique Zañartu,"Chilean, born France. 1921–2000",Chilean,male,1921,2000,,
6542,Tono Zancanaro,"Italian, 1906–1985",Italian,male,1906,1985,,
6543,Michael S. Zane,"American, born 1948",American,male,1948,0,,
6544,Marco Zanuso,"Italian, 1916–2001",Italian,male,1916,2001,Q1394730,500065259
6545,Zao Wou-ki,"French, born China. 1920–2013",French,male,1920,2013,Q147144,500029565
6547,Bronislaw Zapolski,"American, born 1917",American,male,1917,0,,
6548,Walter Zapp,"Latvian, 1905–2003",Latvian,male,1905,2003,,
6549,Zarina,"American, born India. 1937–2020",American,female,1937,2020,Q16864498,500074010
6550,Georges de Zayas,"Mexican, 1898–1967",Mexican,male,1898,1967,,
6551,Marian Zazeela,"American, 1940–2024",American,female,1940,2024,,
6553,Bruno Zehnder,"Swiss, 1945–1997",Swiss,male,1945,1997,,
6554,Walter Zehringer,"German, 1940–2020",German,male,1940,2020,,
6555,Walter Zeischegg,"Austrian, 1917–1983",Austrian,male,1917,1983,Q1419855,500234874
6556,Eva Zeisel,"American, born Hungary. 1906–2011",American,female,1906,2011,Q216141,500092239
6557,Daniel Zelaya,"Argentine, 1938–2012",Argentine,male,1938,2012,,
6558,Bronislaw Zelek,"Polish, born 1935",Polish,male,1935,0,,
6559,Carlo Zen,"Italian, 1851–1918",Italian,male,1851,1918,,
6560,Charles Hossein Zenderoudi,"French, born Iran 1937",French,male,1937,0,Q1630531,500116673
6561,Karl Zerbe,"American, 1903–1972",American,male,1903,1972,Q15461781,500020391
6562,Morris Zerner,Austrian,Austrian,male,0,0,,
6563,Zero (Hans Schleger),"British, 1898–1976",British,male,1898,1976,Q1582302,500244190
6564,Lina Zervudaki,"French, born Athens, Greece. 1890–1950",French,female,1890,1950,,
6565,J. Thomas Zetterstrom,"American, born 1945",American,male,1945,0,,
6566,Laura Ziegler,"American, born 1927",American,female,1927,0,,
6567,Lolita Zikmane,"Latvian, born 1941",Latvian,female,1941,0,,
6568,Heinrich Zille,"German, 1858–1929",German,male,1858,1929,,
6569,George Zimbel,"Canadian, 1929–2023",Canadian,male,1929,2023,,
6570,Murray Zimiles,"American, born 1941",American,male,1941,0,,
6571,Mac Zimmerman,"German, 1912–1995",German,male,1912,1995,,
6572,Tom Zimmermann,"German, born 1925",German,male,1925,0,,
6573,Jacques Zimmerman,"Belgian, born 1929",Belgian,male,1929,0,,
6576,Alfred Karl Zlevor,"Austrian, born 1942",Austrian,male,1942,0,,
6577,Richard Zoellner,"American, 1909–2003",American,male,1909,2003,,
6578,Nicos Zographos,"American, born 1931",American,male,1931,0,Q1987298,
6579,Harry Zolotow,"American, born Ukraine. 1888–1963",American,male,1888,1963,,
6581,Marguerite Zorach,"American, 1887–1968",American,female,1887,1968,Q6760826,500021908
6582,William Zorach,"American, born Lithuania. 1889–1966",American,male,1889,1966,Q385941,500003603
6583,Gilberto Zorio,"Italian, born 1944",Italian,male,1944,0,Q477899,500088858
6584,Anders Zorn,"Swedish, 1860–1920",Swedish,male,1860,1920,Q206820,500002927
6585,Marco Zotta,"Italian, born 1945",Italian,male,1945,0,,
6586,Larry Zox,"American, 1936–2006",American,male,1936,2006,,
6588,Joe Zucker,"American, born 1941",American,male,1941,0,,
6589,Francisco Zúñiga,"Costa Rican and Mexican, 1912–1998",Mexican,male,1912,1998,Q351618,500020110
6590,Zush (Alberto Porta),"Spanish, born 1946",Spanish,male,1946,0,,
6591,Anatoly Timofeevich Zverev,"Russian, 1931–1986",Russian,male,1931,1986,,
6592,Piet Zwart,"Dutch, 1885–1977",Dutch,male,1885,1977,Q529366,500006911
6593,Toots Zynsky,"American, born 1951",American,female,1951,0,Q19802671,
6594,Werner Zyrd,German,German,,0,0,,
6595,Jack Barth,"American, born 1949",American,male,1949,0,,
6596,Eric Erickson,"American, born 1953",American,male,1953,0,,
6597,Donald C. Fritz,"American, born 1950",American,male,1950,0,,
6599,Sean Kalish,"American, born 1981",American,male,1981,0,,
6600,Berndt Kerkin,"German, born 1951",German,male,1951,0,,
6601,Joseph Norman,"American, born 1957",American,male,1957,0,,
6602,Lorna Simpson,"American, born 1960",American,female,1960,0,Q6681389,500088695
6603,Jan Vercruysse,"Belgian, 1948–2018",Belgian,male,1948,2018,Q3439450,500101096
6604,John Button,"American, 1929–1982",American,male,1929,1982,,
6605,Tadeusz Trepkowski,"Polish, 1914–1954",Polish,male,1914,1954,Q1120451,
6606,Susi Berger,"Swiss, 1937–2019",Swiss,female,1937,2019,,
6607,Ueli Berger,"Swiss, 1937–2008",Swiss,male,1937,2008,,
6608,Robin Chu,"British, born 1951",British,,1951,0,,
6609,Jack Daly,"American, born 1957",American,male,1957,0,,
6610,Christopher Loew,"American, born 1963",American,male,1963,0,,
6611,Jim Gentes,"American, born 1957",American,male,1957,0,,
6612,Sam Lucente,"American, born 1958",American,male,1958,0,,
6613,Antti Nurmesniemi,"Finnish, 1927–2003",Finnish,male,1927,2003,Q4777425,500003545
6614,William L. Tolan,"American, born 1963",American,male,1963,0,,
6615,Nadezhda Udal'tsova,"Russian, 1886–1961",Russian,female,1886,1961,Q467795,500013783
6616,Lois Conner,"American, born 1951",American,female,1951,0,Q6668231,500037134
6617,Ulrich Rückriem,"German, born 1938",German,male,1938,0,,
6618,Robert Andrew Parker,"American, 1927–2023",American,male,1927,2023,,500095281
6619,Tone Vigeland,"Norwegian, born 1938",Norwegian,female,1938,0,,
6621,John Armleder,"Swiss, born 1948",Swiss,male,1948,0,Q475516,500053923
6622,Jeff Koons,"American, born 1955",American,male,1955,0,Q297525,500118778
6623,David Wojnarowicz,"American, 1954–1992",American,male,1954,1992,Q952233,500081953
6624,Fernand Léger,"French, 1881–1955",French,male,1881,1955,Q157183,500027374
6626,Michael Corris,"American, born 1949",American,male,1949,0,,
6627,Robert Gordy,"American, 1933–1986",American,male,1933,1986,,
6628,Margo Humphrey,"American, 1942–2021",American,female,1942,2021,Q19757494,
6629,Hermann Pitz,"German, born 1956",German,male,1956,0,,
6630,Bern Porter,"American, 1911–2004",American,male,1911,2004,,
6631,Rémy Zaugg,"Swiss, 1943–2005",Swiss,male,1943,2005,,
6632,Glenn Goldberg,"American, born 1953",American,male,1953,0,,
6633,Ilya Kabakov,"American, born Russia. 1933–2023",American,male,1933,2023,Q699736,500115870
6634,Mimi Smith,"American, born 1942",American,female,1942,0,,
6635,Jac Leirner,"Brazilian, born 1961",Brazilian,female,1961,0,Q1676900,500033133
6636,Gordon Matta-Clark,"American, 1943–1978",American,male,1943,1978,Q953717,500000316
6637,Paul Thek,"American, 1933–1988",American,male,1933,1988,Q1346819,500097373
6638,Victor Burgin,"British, born 1941",British,male,1941,0,Q450764,500003288
6639,Julio Larraz,"American, born 1944",American,male,1944,0,,
6640,Jane Hammond,"American, born 1950",American,female,1950,0,Q6152343,500198679
6641,Raffaele Leomporri,"Italian, 1926–1974",Italian,male,1926,1974,,
6642,Art Spiegelman,"American, born 1948",American,male,1948,0,Q325945,500123900
6643,Rafael Alberti,"Spanish, 1902–1999",Spanish,male,1902,1999,,
6644,Roberto Barni,"Italian, born 1939",Italian,male,1939,0,,
6645,Pablo Palazuelo,"Spanish, 1916–2007",Spanish,male,1916,2007,,
6646,Vicente Rojo,"Spanish, born 1932",Spanish,male,1932,0,,
6647,George Mann Niedecken,"American, 1878–1945",American,male,1878,1945,,
6649,Vinicio Berti,"Italian, 1921–1991",Italian,male,1921,1991,,
6650,Paolo Favi,"Italian, born 1935",Italian,male,1935,0,,
6651,Fabrizio Gori,"Italian, born 1940",Italian,male,1940,0,,
6652,Emilio Malenotti,"Italian, born 1913",Italian,male,1913,0,,
6653,Liberia Pini,"Italian, born 1929",Italian,,1929,0,,
6654,Philip Taaffe,"American, born 1955",American,male,1955,0,Q943181,500026290
6655,Sophie Calle,"French, born 1953",French,female,1953,0,Q258630,500058641
6656,Joy Jacobs,"American, born 1932",American,female,1932,0,,
6657,Louis-Auguste Girardot,"French, 1856–1933",French,male,1856,1933,,
6658,Louis Malteste,"French, 1862–1928",French,male,1862,1928,Q13080934,
6660,Maurice Réalier-Dumas,"French, 1860–1928",French,male,1860,1928,,
6661,Émile Berchmans,"Belgian, 1867–1947",Belgian,male,1867,1947,,
6662,G. de Latenay,"French, 1859–1943",French,male,1859,1943,,
6663,Marcel Lenoir,"French, 1872–1931",French,male,1872,1931,,
6664,H. Bellery-Desfontaines,"French, 1867–1909",French,male,1867,1909,,
6665,A. Calbet,"French, 1869–1944",French,male,1869,1944,,
6666,Maurice Eliot,Nationality unknown,Nationality unknown,male,0,0,,
6667,Ch Doudelet,"Belgian, 1861–1938",Belgian,male,1861,1938,,
6668,F.-A Gorquet,"French, 1862–1927",French,male,1862,1927,,
6669,P. Jouve,Nationality unknown,Nationality unknown,,0,0,,
6670,J. Wély,"French, 1873–1910",French,male,1873,1910,,
6671,Annette Messager,"French, born 1943",French,female,1943,0,Q2665553,500071198
6672,L. Levy-Dhurmer,"French, 1865–1953",French,male,1865,1953,,
6673,L. Simon,Nationality unknown,Nationality unknown,,0,0,,
6674,Camille Bellanger,"French, 1853–1923",French,male,1853,1923,,
6675,A. Laurens,Nationality unknown,Nationality unknown,,0,0,,
6676,A. Donnay,"Belgian, 1862–1921",Belgian,male,1862,1921,,
6677,A. Lepère,Nationality unknown,Nationality unknown,,0,0,,
6678,E. A. Artigue,Nationality unknown,Nationality unknown,,0,0,,
6679,R. X. Prinet,"French, 1861–1946",French,male,1861,1946,,
6680,Hans Christiansen,Nationality unknown,Nationality unknown,male,0,0,,
6681,Robert Engels,Nationality unknown,Nationality unknown,male,0,0,,
6682,Jeanne Jacquemin,"French, 1863–1938",French,female,1863,1938,,
6683,Ernest Laurent,Nationality unknown,Nationality unknown,male,0,0,,
6684,Henri Detouche,"French, 1854–1913",French,male,1854,1913,,
6685,Gaston Bussière,Nationality unknown,Nationality unknown,male,0,0,,
6686,E. Dinet,"French, 1861–1929",French,male,1861,1929,,
6687,Roedel,Nationality unknown,Nationality unknown,,0,0,,
6688,J. G. Besson,"French, born 1868–?",French,male,1868,0,,
6689,A. Giraldon,Nationality unknown,Nationality unknown,,0,0,,
6690,Henri Le Sidaner,Nationality unknown,Nationality unknown,male,0,0,,
6691,Maximilienne Guyon,Nationality unknown,Nationality unknown,male,0,0,,
6692,Henri Martin,French,French,male,0,0,,
6693,Fernand Piet,Nationality unknown,Nationality unknown,male,0,0,,
6694,E. Trigoulet,"French, 1867–1910",French,male,1867,1910,,
6695,A. Ibels,Nationality unknown,Nationality unknown,,0,0,,
6696,Paul Leroy,Nationality unknown,Nationality unknown,male,0,0,,
6697,J. Baseilhac,"French, 1874–1903",French,male,1874,1903,,
6698,Ch Huard,Nationality unknown,Nationality unknown,,0,0,,
6699,J. A. Muenier,"French, 1863–1942",French,male,1863,1942,,
6700,Paul Renouard,Nationality unknown,Nationality unknown,male,0,0,,
6701,Louise Breslau,"Swiss, born Germany. 1856–1927",Swiss,female,1856,1927,,
6702,Maurice Desvallières,Nationality unknown,Nationality unknown,male,0,0,,
6703,Frantz Jourdain,"French, 1847–1935",French,male,1847,1935,Q1445745,500013339
6704,A. Muller,Nationality unknown,Nationality unknown,,0,0,,
6705,L. Borgex,"French, 1875–1959",French,male,1875,1959,,
6706,Jules Flandrin,"French, 1871–1947",French,male,1871,1947,,
6707,R. A. Vlmann,Nationality unknown,Nationality unknown,,0,0,,
6708,A Yank,Nationality unknown,Nationality unknown,,0,0,,
6709,F. Cormon,"French, 1845–1924",French,male,1845,1924,,
6711,P. C. Helleu,"French, 1859–1927",French,male,1859,1927,,
6712,V. Prouvé,"French, 1858–1943",French,male,1858,1943,,
6713,Ch Guérin,"French, 1875–1939",French,male,1875,1939,,
6714,Henri Guinier,Nationality unknown,Nationality unknown,male,0,0,,
6715,F. Guiguet,"French, 1860–1937",French,male,1860,1937,,
6716,Raphael Collin,Nationality unknown,Nationality unknown,male,0,0,,
6717,L. W. Hawkins,Nationality unknown,Nationality unknown,,0,0,,
6718,F. Luigini,Nationality unknown,Nationality unknown,,0,0,,
6719,Félix Bracquemond,"French, 1833–1914",French,male,1833,1914,,
6720,Jeanne Granès,"French, died 1923",French,female,0,1923,,
6721,L. H. Monod,Nationality unknown,Nationality unknown,,0,0,,
6722,A. Agache,"French, 1843–1915",French,male,1843,1915,,
6723,G. Dubuffe,"French, 1853–1909",French,male,1853,1909,,
6724,L. O. Merson,Nationality unknown,Nationality unknown,,0,0,,
6725,Armand Berton,"French, 1854–1927",French,male,1854,1927,,
6728,Rosalind Bengelsdorf,"American, 1916–1979",American,female,1916,1979,,
6729,Harry Bowden,"American, 1907–1965",American,male,1907,1965,,
6730,Arthur N. Christie,"American, 1891–1980",American,,1891,1980,,
6731,Herzl Emanuel,"American, 1914–2002",American,male,1914,2002,,
6732,Hananiah Harari,"American, 1912–2000",American,male,1912,2000,,
6734,M. Kennedy,American,American,,0,0,,
6735,Agnes Lyall,"American, 1908–2013",American,female,1908,2013,,
6736,Ralph M. Rosenborg,"American, 1913–1992",American,male,1913,1992,,
6738,Esphyr Slobodkina,"American, born Russia. 1908–2002",American,female,1908,2002,,
6739,Albert Swinden,"American, born England. 1901–1961",American,male,1901,1961,Q13420929,500028937
6740,Rupert D. Turnbull,"American, 1899–1943",American,male,1899,1943,,
6741,Fredrick J. Whiteman,"American, 1909–1997",American,male,1909,1997,,
6742,Wilfred M. Zogbaum,"American, 1915–1965",American,male,1915,1965,,
6743,Willson Y. Stamper,"American, 1912–1988",American,male,1912,1988,,
6744,Myer Abel,"American, 1904–1946",American,male,1904,1946,,
6745,Maybelle Stamper (Mabelle Richardson),"American, 1907–1995",American,female,1907,1995,,
6746,Robert Beaven,"American, born 1929",American,male,1929,0,,
6747,David Black,Nationality unknown,Nationality unknown,male,0,0,,
6748,Ned Griner,"American, 1928 – 2017",American,male,1928,2017,,
6749,Charles Huffman,American,American,male,0,0,,
6750,Rachel Kemper,American,American,female,0,0,,
6751,Jerrold Maddox,Nationality unknown,Nationality unknown,male,0,0,,
6752,Jean Margolin,"American, 1926 – 2010",American,female,1926,2010,,
6753,Dale Rogers,"American, 1933 – 2007",American,male,1933,2007,,
6754,Sidney Shapiro,"American, 1915 – 2014",American,male,1915,2014,,
6755,Dennis Burton,Canadian,Canadian,male,0,0,,
6756,Greg Curnoe,"Canadian, 1936–1992",Canadian,male,1936,1992,,
6757,Gerald Gladstone,Nationality unknown,Nationality unknown,male,0,0,,
6758,Richard Gorman,Nationality unknown,Nationality unknown,male,0,0,,
6759,Robert Hedrick,Nationality unknown,Nationality unknown,male,0,0,,
6760,Robert Markle,Nationality unknown,Nationality unknown,male,0,0,,
6761,Waltrud Markgraf,Nationality unknown,Nationality unknown,male,0,0,,
6762,John Meredith,Nationality unknown,Nationality unknown,male,0,0,,
6763,Gordon Rayner,Nationality unknown,Nationality unknown,male,0,0,,
6764,Joyce Wieland,"Canadian, 1931–1998",Canadian,female,1931,1998,Q524370,500026864
6765,Maschel Teitelbaum,Nationality unknown,,male,0,0,,
6766,Horst B. Baerenz,"German, born 1939",German,male,1939,0,,
6767,Oswald Michel,German,German,male,0,0,,
6768,Wolfgang Schlick,"German, 1941–2014",German,male,1941,2014,,
6769,Hans J. Zeidler,"German, 1935–2010",German,male,1935,2010,,
6770,Walter Zimbrich,"German, 1933–2012",German,male,1933,2012,,
6771,Vladimir Akulinin,"Russian, born 1943",Russian,male,1943,0,,
6772,Galina Bitt,"Russian, born 1946",Russian,female,1946,0,,
6773,Anatolij Krivtschikov,Russian,Russian,male,0,0,,
6774,Lev Nusberg,"born Tashkent, Uzbekistan, 1937",Uzbekistani,male,1937,0,,
6775,Victor Stjepanov,"Russian, born c. 1943",Russian,male,1943,0,,
6776,Rimma Zanevskaya-Sapgir,"Russian, 1930–2021",Russian,female,1930,2021,,
6777,Pedro Alcantara,"Colombian, born 1942",Colombian,male,1942,0,,
6778,Enrique Grau,"Colombian, 1920–2004",Colombian,male,1920,2004,,
6779,Phanor Leon,"Colombian, 1944–2006",Colombian,male,1944,2006,,
6780,Rafael Coronel,"Mexican, born 1932",Mexican,male,1932,0,,
6781,Francisco Corzas,"Mexican, 1936–1983",Mexican,male,1936,1983,,
6782,Roberto Donis,"Mexican, 1934–2008",Mexican,male,1934,2008,,
6783,Helen Escobedo,"Mexican, 1934–2010",Mexican,female,1934,2010,,
6784,Fernando Garcia Ponce,"Mexican, 1933–1987",Mexican,male,1933,1987,,
6785,Manuel Espinoza,"Venezuelan, born 1937",Venezuelan,male,1937,0,,
6786,Luis Guevara Moreno,"Venezuelan, 1926–2010",Venezuelan,male,1926,2010,,
6787,Mercedes Pardo,"Venezuelan, 1922–2005",Venezuelan,female,1922,2005,,
6788,Alirio Palacios,"Venezuelan, 1938–2015",Venezuelan,male,1938,2015,,
6789,Daniel Argimón Granell,"Spanish, 1929–1996",Spanish,male,1929,1996,,
6790,Penelope Bennett,"British, born 1938",British,female,1938,0,,
6791,Ramón Ferrán Pagés,"Spanish, 1927–2015",Spanish,male,1927,2015,,
6792,Jordi Secall Roure,"Spanish, 1932–2010",Spanish,male,1932,2010,,
6793,Fernando Grillón,"Paraguayan, born 1931",Paraguayan,male,1931,0,,
6794,Hernando Tejada,"Colombian, 1924–1998",Colombian,male,1925,1998,,
6795,Miguel Angel Rojas,"Colombian, born 1946",Colombian,male,1946,0,,
6796,Maria Teresa Cuéllar Teyé,"Colombian, born 1935",Colombian,female,1935,0,,
6797,Ned Truss,"American, born 1939",American,male,1939,0,,
6798,Juan Cárdenas,"Colombian, born 1939",Colombian,male,1939,0,,
6799,Alfredo Guerrero,"Colombian, born 1936",Colombian,male,1936,0,,
6800,Jacobo Borges,"Venezuelan, born 1931",Venezuelan,male,1931,0,,
6801,William Stone Reverón,"Venezuelan, born 1945",Venezuelan,male,1945,0,,
6802,John Lange,"Venezuelan, born 1932",Venezuelan,male,1932,0,,
6803,Hugo Arapé,"Venezuelan, born 1942",Venezuelan,male,1942,0,,
6804,Yutaka Toyota,"Japanese, born 1931",Japanese,male,1931,0,,
6805,Raúl Cattelani,"Uruguayan, born 1927",Uruguayan,male,1927,0,,
6806,Dan Dailey,"American, born 1947",American,male,1947,0,,
6807,Laurie Anderson,"American, born 1947",American,female,1947,0,Q235066,500070794
6809,John Ashbery,"American, 1927–2017",American,male,1927,2017,,
6810,Bern Boyle,"American, 1951–1992",American,male,1951,1992,,
6811,Lucinda Childs,"American, born 1940",American,female,1940,0,Q438806,
6812,Jane Comfort,"American, born 1945",American,female,1945,0,,
6813,R. Crumb,"American, born 1943",American,male,1943,0,Q435278,500117024
6814,Harvey Pekar,"American, born 1939",American,male,1939,0,,
6815,Jimmy DeSana,"American, 1950–1990",American,male,1950,1990,Q6199963,500094230
6816,Evergon,"Canadian, born 1946",Canadian,male,1946,0,,
6817,Jayme Odgers,"American, born 1939",American,female,1939,0,,
6818,Martha Holt,"American, born 1945",American,female,1945,0,,
6819,James Hong,"American, born 1948",American,male,1948,0,,
6820,Betsey Johnson,"American, born 1942",American,female,1942,0,Q467665,500249520
6821,Sonia Katchian,"American, born Lebanon 1947",American,female,1947,0,,
6822,Stephanie Brody Lederman,"American, born 1939",American,female,1939,0,,
6823,Jacqueline Livingston,"American, born 1943",American,female,1943,0,,
6824,Joan Livingstone,"American, born 1948",American,female,1948,0,,
6825,David Lusby,"American, born 1954",American,male,1954,0,,
6826,Joseph Masheck,"American, born 1942",American,male,1942,0,,
6827,Judith McWillie,"American, born 1946",American,female,1946,0,,
6828,Joan Nelsen,"American, born 1937",American,female,1937,0,,
6829,Richard Olson,"American, born 1938",American,male,1938,0,,
6830,Kingsley Parker,"American, born 1947",American,male,1947,0,,
6831,Don Rodan,"American, born 1950",American,male,1950,0,,
6832,Martha Rosler,"American, born 1943",American,female,1943,0,Q1903090,500097623
6833,Michael Sorkin,"American, born 1948",American,male,1948,0,,
6834,Soul Artists,American,American,,0,0,,
6835,Lee Ufan,"Korean, born 1936",Korean,male,1936,0,Q399775,500061220
6836,Futura 2000,"American, born 1955",American,,1955,0,,
6837,Ali,"American, born 1956",American,,1956,0,,
6838,Fred,"American, born 1956",American,,1956,0,,
6840,Dondi (Donald Joseph White),"American, 1961–1998",American,male,1961,1998,,
6841,Zephyr (Andrew Witten),"American, born 1960",American,male,1960,0,,
6842,Haze,"American, born 1961",American,,1961,0,,
6843,Stanley Stellar,"American, born 1945",American,male,1945,0,,
6844,Benedict Tisa,"American, born 1942",American,male,1942,0,,
6845,Curtis Van Buren,"American, born 1950",American,male,1950,0,,
6846,Philip Warner,"American, born 1947",American,male,1947,0,,
6847,Wenda Von Weise,"American, born 1941",American,female,1941,0,,
6848,Harry Anderson,"American, born 1943",American,male,1943,0,,
6849,Karl Opfermann,"German, 1891–1960",German,male,1891,1960,,
6850,Gerhard von Ruckteschell,"German, 1894–1970",German,male,1894,1970,,
6851,Heinrich Stegemann,"German, 1888–1945",German,male,1888,1945,,
6852,Willi Titze,"German, 1890–1979",German,male,1890,1979,,
6853,Siegfried Schott,"German, 1897–1971",German,male,1897,1971,,
6854,Paul R. Meltsner,"American, 1905–1959",American,male,1905,1959,,
6855,Gretchen Bender,"American, 1951–2004",American,female,1951,2004,,
6856,Edward Dwurnik,"Polish, born 1943",Polish,male,1943,0,,
6857,Stanislaw Fijalkowski,"Polish, born 1922",Polish,male,1922,0,,
6858,Izabella Gustowska,"Polish, born 1948",Polish,female,1948,0,,
6859,Andrzej Kalina,"Polish, born 1952",Polish,male,1952,0,,
6860,Paul Marcus,"American, born 1953",American,male,1953,0,,
6861,Jaume Plensa,"Spanish, born 1955",Spanish,male,1955,0,Q1396516,500195338
6862,Anna Sobol,"Polish, born 1946",Polish,female,1946,0,,
6863,Robert Stackhouse,"American, born 1942",American,male,1942,0,Q7349982,500041095
6864,Jan Tarasin,"Polish, 1926–2009",Polish,male,1926,2009,,
6865,Jerome Schueger,American,American,male,0,0,,
6866,Antoinette Araco,American,American,female,0,0,,
6867,Leonard Dryansky,American,American,male,0,0,,
6868,Kenneth Fritch,American,American,male,0,0,,
6869,Richard Lazzaro,American,American,male,0,0,,
6870,Daniel Rohn,American,American,male,0,0,,
6871,Else Alfelt,"Danish, 1910–1974",Danish,female,1910,1974,,
6872,Ejler Bille,"Danish, 1910–2004",Danish,male,1910,2004,,
6873,Jacques Doucet,"French, 1924–1994",French,male,1924,1994,,
6874,Sonja Ferlov,"Danish, 1911–1984",Danish,female,1911,1984,,
6875,Stephen Gilbert,"British, 1910–2007",British,male,1910,2007,,
6876,Egill Jacobsen,"Danish, died 1998",Danish,male,0,1998,,
6877,Chin Hsiao,"Chinese, born 1935",Chinese,male,1935,0,,
6880,Charles Schenk,"American, born Germany. 1845–1915",American,male,1845,1915,,
6881,IMEC,"Belgium, est. 1984",Belgian,,1984,0,,
6888,Michael Bierut,"American, born 1957",American,male,1957,0,,
6889,Victor Schrager,"American, born 1950",American,male,1950,0,,
6890,Arkadii Shaikhet,"Russian, born Mykolaiv, Ukraine. 1889–1959",Russian,male,1889,1959,,
6891,Victor Skrebneski,"American, 1929–2020",American,male,1929,2020,,
6892,Miro Svolik,"Czech, born 1960",Czech,male,1960,0,,
6893,Zofia Rydet,"Polish, born Austria-Hungary (later Poland, now Ivano-Frankivsk, Ukraine), 1911–1997",Polish,female,1911,1997,,
6894,Eva Lipman,"American, born Czech Republic 1946",American,female,1946,0,,
6895,James Casebere,"American, born 1953",American,male,1953,0,Q3160975,500099396
6896,Edward Cheney,"British, 1800–1866",British,male,1800,1866,,
6897,Mariana Cook,"American, born 1955",American,female,1955,0,,
6898,Marcus Kutter,"Swiss, born 1925",Swiss,male,1925,0,,
6900,Pierre Neumann,"Swiss, born 1951",Swiss,male,1951,0,,
6902,Glenn Ligon,"American, born 1960",American,male,1960,0,Q5568956,
6903,Lesley Dill,"American, born 1949",American,female,1949,0,,
6905,Damien Hirst,"British, born 1965",British,male,1965,0,Q294326,500057379
6906,Silvia Kolbowski,"Argentine, born 1953",Argentine,female,1953,0,,
6907,Tadaaki Kuwayama,"American, born Japan. 1932–2023",American,male,1932,2023,,
6908,Marc Quinn,"British, born 1964",British,male,1964,0,Q355811,500057409
6909,Gavin Turk,"British, born 1965",British,male,1965,0,,
6910,Rachel Whiteread,"British, born 1963",British,female,1963,0,Q454041,500118666
6911,Tullio d'Albisola (Tullio Spartaco Mazzotti),"Italian, 1899–1971",Italian,male,1899,1971,,
6912,Maya Deren,"American, 1917–1961",American,female,1917,1961,Q450382,
6913,Darrel Ellis,"American, 1958–1992",American,male,1958,1992,,
6914,Bruce Gilden,"American, born 1946",American,male,1946,0,Q991646,500344149
6915,Eberhard Grames,"German, born 1953",German,male,1953,0,,
6916,Kati Horna,"Mexican, 1912–2000",Mexican,female,1912,2000,Q3194117,500330796
6917,Abelardo Morell,"American, born Cuba 1948",American,male,1948,0,Q4666660,500332821
6918,Vincent Alan W,"American, 1960–1995",American,male,1960,1995,,
6919,Boris Yaro,"American, 1938–2020",American,male,1938,2020,,
6920,Keith Coventry,"British, born 1958",British,male,1958,0,,
6921,Steven Pippin,"British, born 1960",British,male,1960,0,,
6922,Lucia Moholy,"British, born Prague. 1894–1989",British,female,1894,1989,Q214381,500008672
6923,Carl Pope,"American, born 1961",American,male,1961,0,,
6924,Paul Shambroom,"American, born 1956",American,male,1956,0,,
6925,Patrick Bailly-Maitre-Grand,"French, born 1945",French,male,1945,0,,
6926,Ellen Brooks,"American, born 1946",American,female,1946,0,Q5364768,500001632
6927,Paul D'Amato,"American, born 1956",American,male,1956,0,,
6928,Philip Elliott,"American, 1903–1985",American,male,1903,1985,,
6929,Trix Wetter,Swiss,Swiss,,0,0,,
6932,Priscilla T. Forthman,"American, born 1958",American,female,1958,0,,
6933,G. B. Gething,British,British,,0,0,,
6934,Roberto Burle Marx,"Brazilian, 1909–1994",Brazilian,male,1909,1994,Q528922,500015587
6935,Maria Benktzon,"Swedish, born 1946",Swedish,female,1946,0,,
6936,David Bush,"Canadian, born 1948",Canadian,male,1948,0,,
6938,Brian Lepine,"Canadian, born 1952",Canadian,male,1952,0,,
6939,Michael Zimmerman,"American, born 1956",American,male,1956,0,,
6941,Samuel Schellink,"Danish, 1876–1958",Danish,male,1876,1958,,
6942,Hiroaki Kozu,"Japanese, born 1959",Japanese,male,1959,0,,
6943,David Lewis,"British, 1939–2011",British,male,1939,2011,,
6944,Steve McGugan,"American, born 1960",American,male,1960,0,,
6946,Marcel Kunz,Swiss,Swiss,male,0,0,,
6947,Peter Moser,,,male,0,0,,
6950,Peter Cook,"British, born 1936",British,male,1936,0,Q1249215,500004775
6951,Elizabeth Diller,"American, born Poland 1954",American,female,1954,0,Q1225543,500029001
6952,Ricardo Scofidio,"American, 1935–2025",American,male,1935,2025,,
6953,Zaha Hadid,"British, born Iraq. 1950–2016",British,female,1950,2016,Q47780,500011138
6954,Fumihiko Maki,"Japanese, born 1928",Japanese,male,1928,0,Q312827,500030522
6955,OMA (Office for Metropolitan Architecture),"Dutch, established 1975",Dutch,,1975,0,Q2015762,500116189
6956,Rem Koolhaas,"Dutch, born 1944",Dutch,male,1944,0,Q232364,500004300
6957,Madelon Vriesendorp,"Dutch, born 1945",Dutch,female,1945,0,Q2316264,
6958,Stephen Armellino,"American, born 1955",American,male,1955,0,,
6959,Les Broersma,American,American,male,0,0,,
6960,John R. Morgan,American,American,male,0,0,,
6965,Georgii Stenberg,"Russian, 1900–1933",Russian,male,1900,1933,Q1994938,500020392
6966,Edward Larrabee Barnes,"American, 1915–2004",American,male,1915,2004,Q5344058,500013941
6967,Kisho Kurokawa,"Japanese, 1934–2007",Japanese,male,1934,2007,Q358502,500026365
6968,Santiago Calatrava,"Spanish, born 1951",Spanish,male,1951,0,Q168482,500020683
6969,Peter Eisenman,"American, born 1932",American,male,1932,0,Q317164,500025316
6970,Ari 't Hart,"Dutch, born 1936",Dutch,male,1936,0,,
6971,Jacob Jongert,"Dutch, 1883–1942",Dutch,male,1883,1942,,
6972,Juan Hidalgo,"Spanish, born 1927",Spanish,male,1927,0,Q6299988,
6974,Deborah Kass,"American, born 1952",American,female,1952,0,,
6975,Via Lewandowsky,"German, born 1963",German,male,1963,0,,
6976,Bernhard Luginbühl,"Swiss, 1929–2011",Swiss,male,1929,2011,Q461165,500024568
6977,Ronald Jones,"American, 1952–2019",American,male,1952,2019,Q7364996,500093712
6978,Fallon Horne,"British, 1814–1858",British,male,1814,1858,,
6979,Markéta Luskacová,"Czech, born 1944",Czech,female,1944,0,Q6771554,500202517
6980,William Preston Mayfield,"American, 1896–1974",American,male,1896,1974,,
6981,H. Scott Orr,British,British,male,0,0,,
6982,Thomas Ruff,"German, born 1958",German,male,1958,0,Q77558,500110115
6983,Leslie Starobin,"American, born 1955",American,female,1955,0,,
6984,Jindrich Streit,"Czech, born 1946",Czech,male,1946,0,,
6985,Robert Aller,"American, born 1947",American,male,1947,0,,
6986,Peter Brown,"American, born 1948",American,male,1948,0,,
6987,Robert Dawson,"American, born 1950",American,male,1950,0,,
6988,Dennis Farber,"American, born 1946",American,male,1946,0,,
6989,Paola Ferrario,"Italian, born 1963",Italian,female,1963,0,,
6990,Robert Kozma,"American, born 1951",American,male,1951,0,,
6991,John Murray,"British, 1809–1898",British,male,1809,1898,Q19043223,500029341
6992,Gundula Schulze-Eldowy,"German, born 1954",German,female,1954,0,Q137064,500116843
6993,Laura Volkerding,"American, 1939–1996",American,female,1939,1996,,
6994,Gaston Darbour,Nationality unknown,Nationality unknown,male,0,0,,
6995,Jules Allen,"American, born 1947",American,male,1947,0,Q6306038,500332153
6996,Bruce Bennet,"American, born 1961",American,male,1961,0,,
6997,Charles Lucien Léandre,"French, 1862–1930",French,,1862,1930,,
6998,E. A. Wéry,Nationality unknown,Nationality unknown,,0,0,,
6999,Armand Point,Nationality unknown,Nationality unknown,male,0,0,,
7000,Francois Deschamps,"American, born 1946",American,male,1946,0,,
7001,Vernon Heath,"British, 1819–1895",British,male,1819,1895,,
7002,Humphrey Jennings,"British, 1907–1950",British,male,1907,1950,,
7003,Markus Oehlen,"German, born 1956",German,male,1956,0,,
7004,Leon Kossoff,"British, 1926–2019",British,male,1926,2019,,
7005,Matthew Barney,"American, born 1967",American,male,1967,0,Q451185,500114761
7006,Suzanne McClelland,"American, born 1959",American,female,1959,0,,
7007,Cildo Meireles,"Brazilian, born 1948",Brazilian,male,1948,0,,
7008,Jean Pierre Pincemin,"French, 1944–2005",French,male,1944,2005,,
7009,Roberto Ciaccio,"Italian, born 1951",Italian,male,1951,0,,
7010,Sergei Gitman,"Russian, born 1944",Russian,male,1944,0,,
7011,David Levinthal,"American, born 1949",American,male,1949,0,Q4256545,500343555
7012,Esther Parada,"American, 1938–2005",American,female,1938,2005,,
7013,Tofik Shakhverdiev,"Azerbaijani, born 1938",Azerbaijani,male,1938,0,,
7014,Valery Shchekoldin,"Russian, born 1946",Russian,female,1946,0,,
7015,Laurie Simmons,"American, born 1949",American,female,1949,0,Q3219659,500077698
7016,Penelope Umbrico,"American, born 1957",American,female,1957,0,,
7017,Adrian Piper,"American, born 1948",American,female,1948,0,Q373948,500024467
7018,Andres Serrano,"American, born 1950",American,male,1950,0,,
7019,Rudolph Von Ripper,"American, 1905–1960",American,male,1905,1960,,
7020,Unidentified Artist,Mexican,Mexican,,0,0,,
7023,Sebastião Salgado,"Brazilian, 1944–2025",Brazilian,male,1944,2025,Q358158,500118071
7025,Carl Chiarenza,"American, born 1935",American,male,1935,0,,
7026,Gordon Coster,"American, 1906–1988",American,male,1906,1988,,
7027,Philip-Lorca diCorcia,"American, born 1951",American,male,1951,0,Q1274009,500115594
7028,Robert Flynt,"American, born 1956",American,male,1956,0,,
7029,Connie Imboden,"American, born 1953",American,female,1953,0,,
7030,Karen Klugman,"American, born 1946",American,female,1946,0,,
7031,William Henry Pigou,"British, 1818–1858",British,male,1818,1858,,
7032,U.S. Army Signal Corps,American,American,,0,0,,
7033,Hermann Forsterling,"German, born 1955",German,male,1955,0,,
7034,William K. Greiner,"American, born 1957",American,male,1957,0,,
7035,Gregory Crewdson,"American, born 1962",American,male,1962,0,Q1347062,500128025
7036,Barbara Jaffe,"American, born 1942",American,female,1942,0,,
7037,Herbert George Ponting,"British, 1870–1935",British,male,1871,1935,Q127805,500001808
7038,Michal Rovner,"Israeli, born 1957",Israeli,female,1957,0,Q1930439,500114667
7039,Ken Schles,"American, born 1960",American,male,1960,0,,
7040,Barbel Scianghetti,"American, born 1939",American,female,1939,0,,
7041,Madoka Takagi,"Japanese, 1956–2015",Japanese,female,1956,2015,,
7042,Ruud Jan Kokke,"Dutch, born 1956",Dutch,male,1956,0,,
7044,Junichi Arai,"Japanese, 1932–2017",Japanese,male,1932,2017,,
7045,Reiko Sudo,"Japanese, born 1953",Japanese,female,1953,0,,
7046,Peter Cohen,"American, born 1955",American,male,1955,0,,
7047,Christian Leborg,"Norwegian, born 1966",Norwegian,male,1966,0,,
7048,B. Tillmann,"Swiss, born 1947",Swiss,,1947,0,,
7049,Charles Ray,"American, born 1953",American,male,1953,0,Q872846,500118700
7050,Nikos Hadjikyriakos-Ghika,"Greek, 1906–1994",Greek,male,1906,1994,,
7051,Betty Woodman,"American, 1930–2018",American,female,1930,2018,,
7052,François Aubert,"French, 1839–1900",French,male,1839,1900,,
7053,Dawoud Bey,"American, born 1953",American,male,1953,0,Q5242608,500114579
7054,Vincent Borrelli,"American, born 1960",American,male,1960,0,,
7055,Tadao Ando,"Japanese, born 1941",Japanese,male,1941,0,Q208220,500034032
7056,Bernard Tschumi,"French and Swiss, born Switzerland 1944",,male,1944,0,Q123966,500022322
7057,Willie Cole,"American, born 1955",American,male,1955,0,Q8021437,500334448
7058,Tony Fitzpatrick,"American, born 1958",American,male,1958,0,Q7822347,500331982
7060,Margaret Lanzetta,"American, born 1957",American,female,1957,0,,
7061,William Morris,"British, 1834–1896",British,male,1834,1896,Q182589,500030629
7062,Peter Karpf,"Danish, born 1940",Danish,male,1940,0,,
7064,Rolf Kothrade,"German, born 1946",German,male,1946,0,,
7065,Kyoko Kumai,"Japanese, born 1943",Japanese,female,1943,0,,
7066,Faith Ringgold,"American, 1930–2024",American,female,1930,2024,Q5431220,500063866
7067,Alison Saar,"American, born 1956",American,female,1956,0,Q4727179,500122244
7068,Juan Sánchez,"American, born 1954 (Puerto Rican)",American,male,1954,0,,
7070,Paula Scher,"American, born 1948",American,female,1948,0,Q7154764,500125921
7071,Gary Essert,"American, 1938–1992",American,male,1938,1992,,
7072,John Cline,American,American,male,0,0,,
7073,Dahlgren,American,American,,0,0,,
7074,Jima,American,American,,0,0,,
7075,Mortimer,"American, born 1941",American,,1941,0,,
7076,Mike Salisbury,American,American,male,0,0,,
7077,Gustav Stickley,"American, 1858–1942",American,male,1858,1942,Q5621226,500018304
7078,Ekkeland Götze,"German, born 1948",German,male,1948,0,,
7079,Heribert Ottersbach,"German, born 1960",German,male,1960,0,,
7080,Robert Therrien,"American, 1947–2019",American,male,1947,2019,,
7081,Olaf Wegewitz,"German, born 1949",German,male,1949,0,,
7084,Anton van Dalen,"American, 1938–2024",American,male,1938,2024,,
7085,Paul Castrucci,"American, born 1978",American,male,1978,0,,
7086,John Fekner,"American, born 1950",American,male,1950,0,Q628282,500085220
7087,Eric Drooker,"American, born 1958",American,male,1958,0,,
7088,Stash Two (Josh Franklin),"American, born 1967",American,male,1967,0,,
7089,Tom McGlynn,"American, born 1958",American,male,1958,0,,
7090,Emily Carter,"American, born 1960",American,female,1960,0,,
7091,Dennis Thomas,"American, born 1955",American,male,1955,0,,
7092,Day Gleeson,"American, born 1948",American,male,1948,0,,
7093,Nadia Coën,"American, born 1961",American,female,1961,0,,
7094,Martin Wong,"American, 1946–1999",American,male,1946,1999,Q1522057,500043254
7095,Miguel Piñero,"American, born Puerto Rico. 1946–1988",American,male,1946,1988,,
7096,Andrew Castrucci,"American, born 1961",American,male,1961,0,,
7097,Betzaida Concepción,"American, born 1977",American,female,1977,0,,
7098,Seth Tobocman,"American, born 1958",American,male,1958,0,,
7099,Sabrina Jones,"American, born 1960",American,female,1960,0,,
7100,Red David Rodriguez,"American, born 1958",American,male,1958,0,,
7101,James Romberger,"American, born 1958",American,male,1958,0,,
7102,Neighborhood News,American,American,,0,0,,
7103,Lee Quinones,"American, born 1960",American,male,1960,0,Q3228920,500062510
7104,Lady Pink,"Ecuadorian, born 1964",American,female,0,0,,
7105,Sebastian Schroder,"German, born 1961",German,male,1961,0,,
7106,Missing Foundation,American,American,,0,0,,
7107,Walter Sipser,"American, born 1961",American,male,1961,0,,
7108,Bruce Witsiepe,"American, born 1951",American,male,1951,0,,
7109,Will Sales,"American, born 1928",American,male,1928,0,,
7110,Avram Finkelstein,"American, born 1952",American,male,1952,0,,
7111,Vincent Gagliostro,,,male,0,0,,
7112,Marguerite van Cook,"American, born England 1954",American,female,1954,0,,
7113,Eduardo Galeano,American,American,male,0,0,,
7114,Chinn Yuen-Yuei,"Chinese, born 1923",Chinese,,1923,0,,
7115,Tony Bevan,"British, born 1951",British,male,1951,0,Q1486644,500000302
7116,Judith Francisca Baca,"American, born 1946",American,female,1946,0,Q6304327,500026686
7117,Mel Chin,"American, born 1951",American,male,1951,0,Q6810674,500128668
7118,Gonzalo Diaz,"Chilean, born 1947",Chilean,male,1947,0,,
7119,Mike Glier,"American, born 1953",American,male,1953,0,,
7120,Alexander Kosolapov,"Russian, born 1943",Russian,male,1943,0,,
7122,Guillermo Kuitca,"Argentine, born 1961",Argentine,male,1961,0,,
7123,Walter Ruttmann,"German, 1887–1941",German,male,1887,1941,Q77365,500112601
7124,Otto Fried,"German, born 1922",German,male,1922,0,,
7125,Keith Morrow Martin,"American, 1911–1983",American,male,1911,1983,,
7126,Houston Conwill,"American, 1947–2016",American,male,1947,2016,,
7127,Dan Stoenescu,"American, born 1921",American,male,1921,0,,
7128,Chas Laborde (Charles Laborde),"French, born Argentina. 1886–1941",French,male,1886,1941,,
7129,Hin Bredendieck,"German, 1904–1995",German,male,1904,1995,,
7130,Karin Sander,"German, born 1957",German,female,1957,0,Q1729543,500330640
7131,Guy Teschmacher,"American, born 1939",American,male,1939,0,,
7132,Dieter Wackerlin,Swiss,Swiss,male,0,0,,
7133,Robert Welch,"British, 1929–2000",British,male,1929,2000,Q7350952,500328005
7134,Joseph Schlinger,American,American,male,0,0,,
7136,Manfred Malzacher,"American, born 1926",American,male,1926,0,,
7137,Jack Stringer,"American, born 1927",American,male,1927,0,,
7138,Carl Norby,"American, born 1935",American,male,1935,0,,
7139,Javier Carvajal,"Spanish, born 1927",Spanish,male,1927,0,,
7140,"The Custanite Corp., Brooklyn, NY",founded 1952,,,1952,0,,
7142,Robert Dumas-Hermes,"French, born 1917",French,male,1917,0,,
7144,Louis J. Zerbee,American,American,male,0,0,,
7145,"Hochschule für Gestaltung, Ulm, Germany",est. 1953,German,,1953,0,,
7146,Thomas V. Paulson,"American, born 1925",American,male,1925,0,,
7147,Reinhold Weiss,"German, 1934–2022",German,male,1934,2022,Q17325866,
7148,Eric Randmark,Swedish,Swedish,male,0,0,,
7149,Frank Heacox,"American, born 1923",American,male,1923,0,,
7150,Flemming Bo Hansen,"Danish, born 1955",Danish,male,1955,0,,
7152,Bill Stewart,"American, born 1920",American,male,1920,0,,
7153,Moshe Zabari,"American, born 1935",American,male,1935,0,,
7154,Yong Soon Min,"American, born Korea. 1953–2024",American,female,1953,2024,,
7155,Patricia Dalzell,"American, born 1938",American,female,1938,0,,
7156,Charles J. Mauro,American,American,male,0,0,,
7157,Pierangela d'Aniello,"Italian, born 1939",Italian,female,1939,0,,
7158,Perry King,"British, born 1938",British,male,1938,0,,
7159,Peter Hujar,"American, 1934–1987",American,male,1934,1987,Q2075836,500001826
7160,Geoffrey James,"Canadian, born Wales 1942",Canadian,male,1942,0,,
7161,"Pulos Design Associates, Inc.",American,American,,0,0,,
7162,Richard Lowrie,American,American,male,0,0,,
7163,Richard N. Naylor,"American, born 1943",American,male,1943,0,,
7164,Corrado Aroldi,"Italian, born 1936",Italian,male,1936,0,,
7165,Cesare Leonardi,"Italian, born 1935",Italian,male,1935,0,,
7166,Ludwig Mies van der Rohe,"American, born Germany. 1886–1969",American,male,1886,1969,Q41508,500006293
7167,Dante Bandini,"Italian, born 1940",Italian,male,1940,0,,
7168,Livio Castiglioni,"Italian, 1911–1979",Italian,male,1911,1979,,
7169,Ambrogio Tresoldi,Italian,Italian,male,0,0,,
7170,Tony Esposito,"Canadian, born 1943",Canadian,male,1943,0,,
7171,Robert Siegel,"American, born 1939",American,male,1939,0,,
7172,John E. Mullin,"American, born 1963",American,male,1963,0,,
7173,Eric Paddock,"American, born 1954",American,male,1954,0,,
7174,John Pinderhughes,"American, born 1946",American,male,1946,0,,
7175,Toshio Shibata,"Japanese, born 1949",Japanese,male,1949,0,Q5546908,500338021
7176,Craig Schuster,"Australian, born 1960",Australian,male,1960,0,,
7177,Carrie Mae Weems,"American, born 1953",American,female,1953,0,Q5046268,500329422
7178,Popovi Da,"American, 1931–1971",American,male,1931,1971,,
7180,"Pininfarina (Battista ""Pinin"" Farina)","Italian, 1893–1966",Italian,male,1893,1966,Q551406,500329573
7182,Peter Hiort-Loerenzen,"Danish, born 1947",Danish,male,1947,0,,
7183,Olivier,French,French,,0,0,,
7186,Antonio Macchi Cassia,"Italian, born 1937",Italian,male,1937,0,,
7187,Gugelot Institute,German,German,,0,0,,
7188,Hancock Laverne,"American, born 1926",American,male,1926,0,,
7189,Roberto Lucci,Italian,Italian,male,0,0,,
7190,Allen John Bootroyd,"British, born 1943",British,male,1943,0,,
7191,Kurt Steisslinger,German,German,male,0,0,,
7192,Paul D. Miller,"American, born 1943",American,male,1943,0,,
7194,Harry V. Cremonese,"American, born Anthony C. Cannon, 1939",American,male,1939,0,,
7195,Michael Alan Cousins,"American, born 1938",American,male,1938,0,,
7196,M & Co,American,American,,0,0,,
7198,Eric Rivkin,"American, born 1951",American,male,1951,0,,
7199,Kent Macintosh,American,American,male,0,0,,
7200,Torsten Thorup,"Danish, 1944–2016",Danish,male,1944,2016,,
7201,Wassili Luckhardt,"German, 1899–1972",German,male,1899,1972,,
7202,Herbert H. Schultes,"German, born 1938",German,male,1938,0,,
7203,Norbert Schlagheck,"German, born 1925",German,male,1925,0,,
7204,Hap Sakwa,"American, born 1950",American,male,1950,0,,
7205,Hosowo Tomohiro,"Japanese, born 1953",Japanese,male,1953,0,,
7207,Stephen Hobson,"American, born 1942",American,male,1942,0,,
7208,Glenn Edens,"American, born 1952",American,male,1952,0,,
7209,Giotto Stoppino,"Italian, 1926–2011",Italian,male,1926,2011,,
7210,Shiro Kuramata,"Japanese, 1934–1991",Japanese,male,1934,1991,Q2759674,500093619
7211,Jan Matthias,Austrian,Austrian,,0,0,,
7212,Koen De Winter,"Belgian, born 1943",Belgian,male,1943,0,,
7213,Roberto Ubaldi,"Italian, born 1940",Italian,male,1940,0,,
7214,Umberto Orsoni,"Italian, born 1940",Italian,male,1940,0,,
7215,Gianni Pareschi,"Italian, born 1940",Italian,male,1940,0,,
7216,Gianfranco Facchetti,"Italian, born 1939",Italian,male,1939,0,,
7217,Peter L. Zane,"American, born 1950",American,male,1950,0,,
7218,Bengt Palmgren,"Swedish, born 1944",Swedish,male,1944,0,,
7219,Kevan Laycraft,"Canadian, born 1955",Canadian,male,1955,0,,
7220,John Lonczak,"American, born 1954",American,male,1954,0,,
7221,Roald Steen Hansen,"Danish, born 1942",Danish,male,1942,0,,
7222,Mary Kocol,"American, born 1962",American,female,1962,0,,
7223,Davide Mercatali,"Italian, born 1948",Italian,male,1948,0,,
7225,Carmen Basile,"American, born 1947",American,female,1947,0,,
7226,Jacobus Lucas Verhoog,"Danish, born 1878",Danish,male,1878,0,,
7227,"Unidentified Designer, Chinese",,Chinese,,0,0,,
7229,Rafael Viñoly,"American, born Uruguay 1944",American,male,1944,0,Q952826,500059046
7232,Giuseppe Cappelli,Italian,Italian,male,0,0,,
7233,William de Vries,"Dutch, 1908–1969",Dutch,male,1908,1969,,
7234,Earl Childress,"American, born 1956",American,male,1956,0,,
7235,"Robert Kahn Architects, New York",,,,0,0,,
7236,"Nageli & Vallebuona Architekten, Berlin",German,German,,0,0,,
7238,Stephen Peart,"British, born 1958",British,male,1958,0,,
7239,Steven T. Kaneko,"American, born 1962",American,male,1962,0,,
7240,Robert J. King,"American, born 1917",American,male,1917,0,,
7241,Panasonic,"Japan, est. 1918",Japanese,,1918,0,,
7242,Kari Virtanen,"Finnish, born 1948",Finnish,male,1948,0,,
7243,Gregg Fleishman,"American, born 1947",American,male,1947,0,,
7245,Giuseppe Pensotti,"Italian, born 1939",Italian,male,1939,0,,
7246,Gruppo G14,Italian,Italian,,0,0,,
7247,Paulus van Leeuwen,"Dutch, born 1955",Dutch,male,1955,0,,
7248,Alexander Blomberg,"German, born 1949",German,male,1949,0,,
7249,Alice von Pechmann,"American, born Germany 1906",American,female,1906,0,,
7252,Unidentified Designer,Japanese,Japanese,,0,0,,
7261,Poul Henningsen,"Danish, 1894–1967",Danish,male,1894,1967,Q1928794,500067784
7264,Unidentified Designer,Austrian,Austrian,,0,0,,
7267,Edward Welby Pugin,"British, 1834–1875",British,male,1834,1875,,
7275,John Barnard,"British, born 1946",British,male,1946,0,,
7277,Alberto Meda,"Italian, born 1945",Italian,male,1945,0,Q376694,500253455
7278,Franco Raggi,"Italian, born 1945",Italian,male,1945,0,,
7279,Denis Santachiara,"Italian, born 1950",Italian,male,1950,0,,
7280,Tim Parsey,"British, born 1960",British,male,1960,0,,
7281,Mark Sanders,"British, born 1956",British,male,1956,0,,
7282,Bashir Zivari,"American, born 1961",American,male,1961,0,,
7283,Masuteru Aoba,"Japanese, born 1939",Japanese,male,1939,0,,
7290,Emile-Jacques Ruhlmann,"French, 1879–1933",French,male,1879,1933,,
7295,Unidentified Designer,Czech,Czech,,0,0,,
7308,Jürgen Greubel,German,German,male,0,0,,
7312,Charles O. Perry,"American, 1929–2011",American,male,1929,2011,,
7316,Paolo Lomazzi,"Italian, born 1936",Italian,male,1936,0,,
7317,Donato D'Urbino,"Italian, born 1935",Italian,male,1935,0,,
7318,Piero Gilardi,"Italian, 1942–2023",Italian,male,1942,2023,,
7319,Ugo La Pietra,"Italian, born 1938",Italian,male,1938,0,,
7327,Lynn Alexander,"American, 1920–1963",American,female,1920,1963,,
7329,Emily Belding,"American, 1904–1999",American,female,1904,1999,,
7330,Yvonne Delattre,Swiss,Swiss,female,0,0,,
7333,Alexander Girard,"American, 1907–1993",American,male,1907,1993,Q4718960,500096402
7336,Eszter Haraszty,"American, born Hungary. 1920–1994",American,female,1920,1994,,
7338,Jack Lenor Larsen,"American, born 1927",American,male,1927,0,Q6113656,500018823
7340,"Klearflax Linen Looms, Duluth, MN",1909–1953,American,,1909,1953,,
7341,Martin,Nationality unknown,Nationality unknown,male,0,0,,
7342,Sven Markelius,"Swedish, 1889–1972",Swedish,male,1889,1972,Q526888,500033597
7344,Dorothy Liebes,"American, 1899–1972",American,female,1899,1972,Q5298510,
7346,Astrid Sampe,"Swedish, 1909–2002",Swedish,female,1909,2002,Q430667,
7348,Joel Robinson,"American, 1915–2012",American,male,1915,2012,,
7350,Ada Louise Huxtable,"American, 1921–2013",American,female,1921,2013,,
7351,Lodovico Meneghetti,"Italian, born 1926",Italian,male,1926,0,,
7353,Heinz Rasch,"German, 1902–1996",German,male,1902,1996,,
7355,Sigurd Persson,"Swedish, 1914–2003",Swedish,male,1914,2003,,
7357,Angelo Testa,"American, 1921–1984",American,male,1921,1984,,
7359,Basil Spence,"British, 1907–1976",British,male,1907,1976,Q1172126,500092570
7360,Ellen Siegel,American,American,female,0,0,,
7364,Vera (Vera Neumann),"American, 1909–1993",American,female,1909,1993,,
7365,Gretl Wollner,"Austrian, 1920–2006",Austrian,female,1920,2006,,
7366,Giuseppe Terragni,"Italian, 1904–1943",Italian,male,1904,1943,Q458653,500028752
7378,Roger Tallon,"French, 1929–2011",French,male,1929,2011,,
7381,Bertel Gardberg,"Finnish, 1916–2007",Finnish,male,1916,2007,,
7386,Warren Platner,"American, 1919–2006",American,male,1919,2006,,
7387,Willa Percival,American,American,female,0,0,,
7388,Matthew Abbott,"British, 1965–2019",British,male,1965,2019,,
7389,Petah Coyne,"American, born 1953",American,female,1953,0,,
7390,Moustapha Dimé,"Senegalese, 1952–1998",Senegalese,male,1952,1998,,
7391,Marisa Merz,"Italian, 1926–2019",Italian,female,1926,2019,Q6765578,500063253
7392,Donald T. Chadwick,"American, born 1936",American,male,1936,0,,
7393,William Stumpf,"American, 1936–2006",American,male,1936,2006,,
7395,The Stanley Works,"USA, est. 1843",American,,1843,0,,
7397,Werner Büttner,"German, born 1954",German,male,1954,0,,
7400,Marc van de Loo,"Swiss, born 1966",Swiss,male,1966,0,,
7401,Steve Jobs,"American, 1955–2011",American,male,1955,2011,,
7402,Jerry Manock,"American, born 1944",American,male,1944,0,,
7403,Walter Ballmer,"Swiss, born 1923",Swiss,male,1923,0,,
7404,Peggy Diggs,"American, born 1946",American,female,1946,0,,
7406,Tadeusz Myslowski,"American, born 1943",American,male,1943,0,,
7407,Jaune Quick-to-See Smith,"Citizen of the Confederated Salish and Kootenai Nation, 1940–2025",Native American,female,1940,2025,,
7408,Ann Hamilton,"American, born 1956",American,female,1956,0,Q4766433,500115963
7409,Cecil Stephenson,"British, 1889–1965",British,male,1889,1965,,
7410,Miguel Angel Ríos,"Argentine, born 1943",Argentine,male,1943,0,,
7411,Atelier de Creation Graphique,French,French,,0,0,,
7412,Tsuguya Inone,Japanese,Japanese,female,0,0,,
7413,Toshifumi Kawahara,Japanese,Japanese,male,0,0,,
7414,Akio Okumura,Japanese,Japanese,male,0,0,,
7415,Shinro Otake,Japanese,Japanese,male,0,0,,
7416,Gary Hill,"American, born 1951",American,male,1951,0,Q2545780,500061240
7417,Otto Struck,German,German,male,0,0,,
7418,Chuck Hoberman,"American, born 1956",American,male,1956,0,Q4981234,500034042
7419,Scott Marble,"American, born 1960",American,male,1960,0,,
7420,Yoshito Takahashi,"Japanese, born 1962",Japanese,male,1962,0,,
7421,Jacques Herzog,"Swiss, born 1950",Swiss,male,1950,0,,
7422,Pierre de Meuron,"Swiss, born 1950",Swiss,male,1950,0,,
7423,Karen Fairbanks,"American, born 1959",American,female,1959,0,,
7424,George Howe,"American, 1886–1955",American,male,1886,1955,Q6138720,500017781
7425,William Lescaze,"American, born Switzerland. 1896–1969",American,male,1896,1969,Q550725,500025522
7426,Martin Diethelm,Swiss,Swiss,male,0,0,,
7427,Hans Gantert,"German, born 1934",German,male,1934,0,,
7428,José Bedia,"Cuban, born 1959",Cuban,male,1959,0,,
7429,Vijay Kumar,"Indian, born 1942",Indian,male,1942,0,,
7431,Giulio Aristide Sartorio,"Italian, 1860–1932",Italian,male,1860,1932,,
7432,Walter Pfeiffer,,,male,0,0,,
7433,J. Van Der Wal,Nationality unknown,Nationality unknown,,0,0,,
7434,Bureau,American,American,,0,0,,
7435,Donald Moffett,"American, born 1955",American,male,1955,0,,
7436,Marlene McCarty,"American, born 1957",American,female,1957,0,,
7439,Marco Ferreri,"Italian, born 1958",Italian,male,1958,0,,
7440,Kazuo Kawasaki,"Japanese, born 1949",Japanese,male,1949,0,,
7441,Ross Lovegrove,"British, born 1958",British,male,1958,0,,
7442,Lella Vignelli,"Italian, 1934–2016",Italian,female,1934,2016,,
7443,David Law,"American, born 1937",American,male,1937,0,,
7445,Johann Loetz,"American, 1848–1933",American,male,1848,1933,,
7446,Moira Dryer,"Canadian, 1957–1992",Canadian,female,1957,1992,,
7447,Mona Hatoum,"British of Palestinian origin, born in Beirut, Lebanon 1952",British,female,1952,0,Q273696,500033131
7448,Rodolfo Bretzel,"Italian, born 1966",Italian,male,1966,0,,
7449,Thomas Eriksson,"Swedish, born 1959",Swedish,male,1959,0,,
7450,Jean Nouvel,"French, born 1945",French,male,1945,0,Q214317,500017717
7451,Vincent de Rijk,"Dutch, born 1962",Dutch,male,1962,0,,
7452,Arribas,Spanish,Spanish,,0,0,,
7453,Arturo Ballester,"Spanish, 1890–1979",Spanish,male,1890,1979,,
7454,Boni,Spanish,Spanish,,0,0,,
7455,J. Briones,Spanish,Spanish,,0,0,,
7456,Art Chantry,"American, born 1954",American,male,1954,0,,
7457,Jose Espert,Spanish,Spanish,male,0,0,,
7458,Francisco Rivero Gil,"Spanish, 1899–1972",Spanish,male,1899,1972,,
7459,Juan Parrilla,Spanish,Spanish,male,0,0,,
7460,Simon Leung,"American, born 1964",American,male,1964,0,,
7461,Gabriel Orozco,"Mexican, born 1962",Mexican,male,1962,0,Q1242404,500114732
7462,Kim Jones,"American, born 1944",American,male,1944,0,Q6408927,500194076
7463,Sara Sosnowy,"American, born 1957",American,female,1957,0,,
7464,Bill Traylor,"American, c. 1853–1949",American,male,1853,1949,Q862623,500081799
7465,Elyn Zimmerman,"American, born 1945",American,female,1945,0,,
7466,Cliff Chi,"American, born 1964",American,male,1964,0,,
7467,René Herbst,"French, 1891–1982",French,male,1891,1982,Q1421687,500263771
7468,Charles B. Kaufmann,"American, 1890–1957",American,male,1890,1957,,
7470,Christian de Portzamparc,"French, born 1944",French,male,1944,0,Q312838,500024982
7471,Hélène Delprat,"German, born 1957",German,female,1957,0,,
7472,Gordon Cook,"American, 1927–1985",American,male,1927,1985,,
7473,Grenville Davey,"British, born 1961",British,male,1961,0,Q5607518,500199146
7474,General Idea,"Canadian, 1969–1994",Canadian,male,1969,1994,Q283498,500116136
7476,Federico Guzmán,"Spanish, born 1964",Spanish,male,1964,0,,
7477,Alfredo Jaar,"Chilean, born 1956",Chilean,male,1956,0,Q523915,500090589
7478,Richard Mock,"American, born 1944",American,male,1944,0,Q15461045,500065329
7479,Rirkrit Tiravanija,"Thai, born Argentina 1961",Thai,male,1961,0,Q989861,500114916
7480,Enrique Chagoya,"American, born Mexico 1953",Mexican,male,1953,0,Q1343964,
7481,Lucien Pissarro,"French, 1863–1944",French,male,1863,1944,,
7482,Daniel Lang,"American, 1935–2013",American,male,1935,2013,,
7483,James Kearns,"American, born 1924",American,male,1924,0,,
7484,(follower of) José-Guadalupe  Posada,"Mexican, 1852–1913",Mexican,male,1852,1913,,
7485,Luis Alberto Wells,"Argentine, born 1939",Argentine,male,1940,0,,
7487,Tom Friedman,"American, born 1965",American,male,1965,0,Q2439673,500126101
7488,Doris Salcedo,"Colombian, born 1958",Colombian,female,1958,0,Q2916050,500117678
7489,Tony Oursler,"American, born 1957",American,male,1957,0,Q571399,500115954
7490,Kcho (Alexis Leyva Machado),"Cuban, born 1970",Cuban,male,1970,0,Q1737637,500124632
7491,Simon Patterson,"British, born 1967",British,male,1967,0,Q7519497,500057407
7492,Kay Rosen,"American, born 1947",American,female,1947,0,,
7493,Alexis Smith,"American, 1949–2024",American,female,1949,2024,,
7494,Sue Williams,"American, born 1954",American,female,1954,0,Q2363416,500114754
7495,Giulio Paolini,"Italian, born 1940",Italian,male,1940,0,Q826845,500043314
7496,Gilbert & George,British,British,male,0,0,Q684974,500055847
7497,Karen Kunc,"American, born 1952",American,female,1952,0,,
7498,Douglas Blau,"American, born 1955",American,male,1955,0,,
7499,Paul Balluriau,"French, 1860–1917",French,male,1860,1917,,
7500,Raymond Pettibon,"American, born 1957",American,male,1957,0,Q564945,500115615
7501,Toba Khedoori,"Australian, born 1964",Australian,female,1964,0,Q7811437,500056865
7502,Rebecca Horn,"German, 1944–2024",German,female,1944,2024,Q442192,500047281
7503,Roni Horn,"American, born 1955",American,female,1955,0,Q433895,500062257
7504,Phyllis Bramson,"American, born 1941",American,female,1941,0,,
7505,Koichi Yoshimura,"Japanese, born 1940",Japanese,male,1940,0,,
7506,Yamazaki Vellodo Co. Ltd.,Japanese,Japanese,,0,0,,
7507,Eiji Miyamoto,"Japanese, born 1948",Japanese,male,1948,0,,
7510,Ritva Puotila,"Finnish, born 1935",Finnish,female,1935,0,,
7512,Edward William Godwin,"British, 1833–1886",British,male,1833,1886,Q1294110,500012257
7513,Harry J. Powell,"British, 1855–1922",British,male,1855,1922,,
7514,Tomoyuki Sugiyama,"Japanese, born 1954",Japanese,male,1954,0,,
7515,Sir William Lyons,"British, 1901–1985",British,male,1901,1985,Q1347549,
7516,Malcolm Sayer,"British, 1916–1970",British,male,1916,1970,,
7517,Cyan,"German, established 1992",German,,1992,0,,
7518,Jennifer Morla,"American, born 1955",American,female,1955,0,,
7520,Luc Tuymans,"Belgian, born 1958",Belgian,male,1958,0,Q200622,500116172
7521,Marlene Dumas,"South African, born 1953",South African,female,1953,0,Q260617,500093895
7522,Nobuyoshi Araki (荒木経惟),"Japanese, born 1940",Japanese,male,1940,0,Q450696,500116119
7523,Willie Birch,"American, born 1942",American,male,1942,0,,
7524,Minnie Evans,"American, 1892–1987",American,female,1892,1987,Q15462261,500081017
7525,Andrea Zittel,"American, born 1965",American,female,1965,0,Q495290,500033135
7526,Toyo Ito,"Japanese, born 1941",Japanese,male,1941,0,,
7527,Daniel Libeskind,"American, born Poland 1946",American,male,1946,0,Q154538,500023087
7528,César Pelli,"American, born Argentina. 1926–2019",American,male,1926,2019,Q309483,500023533
7529,Ben van Berkel,"Dutch, born 1957",Dutch,male,1957,0,,
7530,Mehrdad Yazdani,"Iranian, born 1959",Iranian,male,1959,0,,
7531,Bernhard Fuchs,"Austrian, born 1971",Austrian,male,1971,0,,
7532,Nan Goldin,"American, born 1953",American,female,1953,0,Q234279,500105338
7533,Jean-Luc Moulène,"French, born 1955",French,male,1955,0,,
7534,Julião Sarmento,"Portuguese, 1948–2021",Portuguese,male,1948,2021,,
7535,Christian Schumann,"American, born 1970",American,male,1970,0,,
7537,Mikko Heikkinen,"Finnish, born 1949",Finnish,male,1949,0,,
7538,Henry Bond,"British, born 1966",British,male,1966,0,,
7539,Markku Komonen,"Finnish, born 1945",Finnish,male,1945,0,,
7540,Stuart Brisley,"British, born 1933",British,male,1933,0,,
7541,Don Brown,"British, born 1962",British,male,1962,0,,
7542,Helen Chadwick,"British, 1953–1996",British,female,1953,1996,Q5702008,500005588
7545,Tracey Emin,"British, born 1963",British,female,1963,0,,
7546,Angus Fairhurst,"British, 1966–2008",British,male,1966,2008,Q4764114,500123746
7547,Liam Gillick,"British, born 1964",British,male,1964,0,Q828254,500116137
7548,Gary Hume,"British, born 1962",British,male,1962,0,Q4502697,500115026
7550,Sam Taylor-Wood,"British, born 1967",British,female,1967,0,Q1273122,500057414
7555,Boyd Webb,"New Zealander, born 1947",New Zealander,male,1947,0,,
7556,John Biggers,"American, 1924–2001",American,male,1924,2001,,
7557,Franz West,"Austrian, 1947–2012",Austrian,male,1947,2012,Q697200,500065606
7558,Elia Zenghelis,"British, born Greece 1937",British,male,1937,0,Q1658487,500112396
7559,Zoe Zenghelis,"British, born Greece 1937",British,female,1937,0,,
7560,Gwathmey Siegel & Associates Architects,est. 1967,American,,1967,0,,
7561,Laurids Ortner,"Austrian, born 1941",Austrian,male,1941,0,Q1808327,500089401
7562,Manfred Ortner,"Austrian, born 1943",Austrian,male,1943,0,,
7563,Kazuyo Sejima & Associates,"Japanese, established 1987",Japanese,,1987,0,,
7564,Marc Tsurumaki,"American, born 1965",American,male,1965,0,,
7565,Jonathan Crary,"American, born 1951",American,male,1951,0,,
7566,Joel Sanders,"American, born 1956",American,male,1956,0,,
7567,"Herzog & de Meuron, Basel",est. 1978,Swiss,,1978,0,Q308776,500125483
7568,Thomas Blossfeldt,"Swiss, born 1950",Swiss,male,1950,0,,
7569,Norman Foster,"British, born 1935",British,male,1935,0,Q104898,500022198
7570,James Wines,"American, born 1932",American,male,1932,0,Q2396391,500018039
7571,Harry C. Wolf,"American, born 1935",American,male,1935,0,,
7572,Wolf D. Prix,"Austrian, born 1942",Austrian,male,1942,0,,
7573,Helmut Swiczinsky,"Polish, born 1944",Polish,male,1944,0,,
7574,Ortner & Ortner,"Austrian, founded 1987",Austrian,,1987,0,,
7575,Winy Maas,"Dutch, born 1959",Dutch,male,1959,0,,
7576,Elizabeth Alford,"American, born 1967",American,female,1967,0,,
7577,Ray Maggiore,"American, born 1964",American,male,1964,0,,
7578,Vince Scirano,"American, born 1966",American,male,1966,0,,
7579,Ron Steiner,"American, born 1952",American,male,1952,0,,
7583,Rody Graumans,"Dutch, born 1968",Dutch,male,1968,0,,
7584,Hella Jongerius,"Dutch, born 1963",Dutch,female,1963,0,Q924426,500263869
7585,Tejo Remy,"Dutch, born 1960",Dutch,male,1960,0,,
7586,Arian Brekveld,"Dutch, born 1968",Dutch,male,1968,0,,
7587,Jos van der Meulen,"Dutch, born 1958",Dutch,male,1958,0,,
7588,Marcel Wanders,"Dutch, born 1963",Dutch,male,1963,0,Q648761,500263861
7590,Studio Tetrarc,"Italian, established 1969",Italian,,1969,0,,
7592,Paolo Rizzatto,"Italian, born 1941",Italian,male,1941,0,,
7594,Maurizio Ficcadenti,"Italian, born 1970",Italian,male,1970,0,,
7595,David Moreno,"American, born 1957",American,male,1957,0,,
7596,Florence Knoll,"American, 1917–2019",American,female,1917,2019,,
7597,Patti Smith,"American, born 1946",American,female,1946,0,Q557,
7598,Bent Hedegaard Nobert,"Danish, born 1959",Danish,male,1959,0,,
7599,Montse Padrós i Marqués,"Spanish, born 1952",Spanish,male,1952,0,,
7600,Carlos Riart,"Spanish, born 1944",Spanish,male,1944,0,,
7601,Ben Faydherbe,"Dutch, born 1958",Dutch,male,1958,0,,
7602,Wout De Vringer,"Dutch, born 1959",Dutch,male,1959,0,,
7603,Opera,"Dutch, established 1985",Dutch,,1985,0,,
7604,Ton Homburg,"Dutch, born 1952",Dutch,male,1952,0,,
7605,Emil Hoppe,"Austrian, 1876–1957",Austrian,male,1876,1957,Q1336246,500232997
7606,Robert A. M. Stern,"American, born 1939",American,male,1939,0,Q166567,500023335
7607,Marcel Kammerer,"Austrian, 1878–1969",Austrian,male,1878,1969,Q12286231,500149152
7608,Otto Schönthal,"Austrian, 1878–1961",Austrian,male,1878,1961,Q2040590,500191233
7609,Steven Holl Architects,"American, founded 1976",American,,1976,0,,
7610,Stephen Cassell,"American, born 1963",American,male,1963,0,,
7611,Pier Copat,American,American,male,0,0,,
7612,Bryan Bell,American,American,male,0,0,,
7613,Peter Lynch,American,American,male,0,0,,
7614,Pieter Laurens Mol,"Dutch, born 1946",Dutch,male,1946,0,,
7615,Waltercio Caldas,"Brazilian, born 1946",Brazilian,male,1946,0,Q16941062,500118139
7616,Lari Pittman,"American, born 1952",American,male,1952,0,,
7617,Nancy Rubins,"American, born 1952",American,female,1952,0,,
7618,Nicola Tyson,"British, born 1960",British,female,1960,0,Q19577787,500124675
7619,Lex Reitsma,"Dutch, born 1958",Dutch,male,1958,0,,
7620,Studio Boot,"Dutch, born 1992",Dutch,,1992,0,,
7621,Edwin Vollebergh,,,male,0,0,,
7622,Pietra Jansen,,,female,0,0,,
7623,Una,"Dutch, established 1992",Dutch,,1992,0,,
7624,Will De L'ecluse,"Dutch, born 1951",Dutch,male,1951,0,,
7625,Jan van Toorn,"Dutch, 1932–2020",Dutch,male,1932,2020,,
7626,Patrick Ireland,"Irish, 1972–2008",Irish,male,1972,2008,Q3777954,500079431
7627,Rudolf Stingel,"Italian, born 1956",Italian,male,1956,0,Q2173916,500126270
7629,Carol Hepper,"American, born 1953",American,female,1953,0,,
7630,Hale Woodruff,"American, 1900–1980",American,male,1900,1980,Q15489989,500097842
7631,Yasumasa Morimura,"Japanese, born 1951",Japanese,male,1951,0,,
7632,Wild Plakken,"Dutch, founded 1977",Dutch,,1977,0,,
7633,Lies Ros,"Dutch, born 1952",Dutch,male,1952,0,,
7634,Frank Beekers,Dutch,Dutch,male,0,0,,
7635,Rob Schroder,"Dutch, born 1950",Dutch,male,1950,0,,
7637,Paul McCarthy,"American, born 1945",American,male,1945,0,Q221732,500115653
7638,Roger Ballen,"South African, born America 1950",South African,male,1950,0,,
7639,Ellen Gallagher,"American, born 1965",American,female,1965,0,Q4132681,500126100
7640,Steve Wolfe,"American, 1955–2016",American,male,1955,2016,,
7641,Gerald Brockhurst,"American, 1890–1978",American,male,1890,1978,,
7642,Yvonne Droge-Wendel,"German, born 1961",German,female,1961,0,,
7644,Elaine Lustig Cohen,"American, 1927–2016",American,female,1927,2016,,
7646,Frank Paulin,"American, 1926–2016",American,male,1926,2016,Q5488924,500350028
7647,Dieter Appelt,"German, born 1935",German,male,1935,0,Q447569,500065342
7648,Shimon Attie,"American, born 1957",American,male,1957,0,,
7649,Per Bernsten,"Norwegian, born 1942",Norwegian,male,1942,0,,
7650,Bruce Charlesworth,"American, born 1950",American,male,1950,0,,
7651,David Goldes,"American, born 1947",American,male,1947,0,,
7652,Geoffrey Biddle,"American, born 1950",American,male,1950,0,,
7653,Rudy Burckhardt,"American, born Switzerland. 1914–1999",American,male,1914,1999,Q7377582,500085966
7654,Carl Martin,"American, born 1958",American,male,1958,0,,
7655,Floris M. Neusüss,"German, born 1937",German,male,1937,0,Q92340,500076599
7656,Melissa Ann Pinney,"American, born 1953",American,female,1953,0,,
7657,Gabrielle Russomagno,"American, born 1963",American,female,1963,0,,
7658,Shelly Rusten,"American, born 1938",American,male,1938,0,,
7659,Herman Schervee,"Norwegian, 1867–1923",Norwegian,male,1867,1923,,
7660,Christer Strömholm,"Swedish, 1918–2002",Swedish,male,1918,2002,Q555498,500090742
7661,Aldo Rossi,"Italian, 1931–1997",Italian,male,1931,1997,Q322953,500022440
7662,Franz Erhard Walther,"German, born 1939",German,male,1939,0,,
7663,Joel Leivick,"American, born 1951",American,male,1951,0,,
7664,John Claude White,"British, 1853–1918",British,male,1853,1918,,
7665,Eduardo Arroyo,"Spanish, born 1937",Spanish,male,1937,0,Q555137,500037981
7666,Eugène Druet,"French, 1868–1917",French,male,1868,1917,Q3059832,500075424
7667,Horst P. Horst,"American, born Germany. 1906–1999",American,male,1906,1999,Q65707,500000790
7668,Robert Howlett,"British, 1831–1858",British,male,1831,1858,Q7345653,500036990
7669,Calvert Richard Jones,"British, 1802–1877",British,male,1802,1877,,
7670,Drahomir Joseph Ruzicka,"American, born Austria–Hungary. 1870–1960",American,male,1870,1960,,
7671,Frank Meadow Sutcliffe,"British, 1853–1941",British,male,1853,1941,Q939537,500031222
7672,Léon Vidal,"French, 1833–1906",French,male,1833,1906,,
7673,Fred Tomaselli,"American, born 1956",American,male,1956,0,Q4460192,500121270
7674,Sylvie Fleury,"Swiss, born 1961",Swiss,female,1961,0,Q528083,500116132
7675,Louis Legrand,"French, 1863–1951",French,male,1863,1951,Q1724799,500022826
7676,Antonio Muntadas,"Spanish, born 1942",Spanish,male,1942,0,Q2406301,500027740
7677,Alyson Shotz,"American, born 1964",American,female,1964,0,,
7678,Martin Walde,"Austrian, born 1957",Austrian,male,1957,0,,
7679,Kara Walker,"American, born 1969",American,female,1969,0,Q444277,500123343
7680,Michael Joaquin Grey,"American, born 1961",American,male,1961,0,Q6831637,500114907
7681,Paulina Wallenberg-Olsson,,,female,0,0,,
7682,Group Material,"American, active 1979–1996",American,,1979,1996,,
7683,Helga von Eicken-Kopperl,Canadian,Canadian,female,0,0,,
7684,Equipo Crónica,"Spanish artist's group, active 1964–1981",Spanish,male,1964,1981,,
7685,Peter Nadin,"American, born 1954",American,male,1954,0,,
7686,Rafael Solbes,"Spanish, 1940–1981",Spanish,male,1940,1981,,
7687,Barbara Blondeau,"American, 1938–1974",American,female,1938,1974,,
7688,Adam Bartos,"American, born 1953",American,male,1953,0,,
7689,Yukinori Yanagi,"Japanese, born 1959",Japanese,male,1959,0,,
7691,Kevin Bubriski,"American, born 1954",American,male,1954,0,,
7692,Terry Evans,"American, born 1944",American,female,1944,0,,
7693,Adolphe-Léon Willette,"French, 1857–1926",French,male,1857,1926,,
7694,Jay DeFeo,"American, 1929–1989",American,female,1929,1989,Q15522104,500112022
7695,José Gabriel Gonzáles,"Peruvian, 1900–1978",Peruvian,male,1900,1978,,
7696,Nicholas Grimshaw,"British, born 1939",British,male,1939,0,,
7697,Eric Rondepierre,"French, born 1950",French,male,1950,0,,
7698,David Spear,"American, born 1937",American,male,1937,0,,
7699,Paul Jeuffrain,"French, died 1916",French,male,0,1916,,
7700,François Kollar,"French, born Slovakia. 1904–1979",French,male,1904,1979,Q3085041,500340443
7701,Herbert List,"German, 1903–1975",German,male,1903,1975,,
7702,John Milisenda,"American, born 1947",American,male,1947,0,,
7703,Margaret Moulton,"American, born 1956",American,female,1956,0,,
7704,Susan Weil,"American, born 1930",American,female,1930,0,,
7705,Frank Sellitto,"American, born 1951",American,male,1951,0,,
7706,Wojciech Prazmowski,"Polish, born 1949",Polish,male,1949,0,,
7707,Mike and Doug Starn,"American, born 1961",American,male,1961,0,,
7708,"U.S. Geological Survey and NASA, Surveyor III",American,American,,0,0,,
7709,Jay Wolke,"American, born 1954",American,male,1954,0,,
7710,Shikanosuke Yagaki,"Japanese, 1897–1966",Japanese,male,1897,1966,,
7711,Jerry Schatzberg,"American, born 1927",American,male,1927,0,Q935852,500342972
7712,Carolee Schneemann,"American, 1939–2019",American,female,1939,2019,Q299662,500092112
7714,Graham Smith,"British, born 1947",British,male,1947,0,,
7715,Hélio Oiticica,"Brazilian, 1937–1980",Brazilian,male,1937,1980,Q604340,500111185
7716,Paul Vanderbilt,"American, 1905–1992",American,male,1905,1992,,
7717,Catherine Wagner,"American, born 1953",American,female,1953,0,,
7718,Mogens Balle,"Danish, 1921–1988",Danish,male,1921,1988,,
7719,Sven Dalsgaard,"Danish, born 1914",Danish,male,1914,0,,
7720,Knud Jans,Danish,Danish,male,0,0,,
7721,Niels Jensen,Danish,Danish,male,0,0,,
7722,Bago Nielsen,Danish,Danish,,0,0,,
7723,Axel Wilmar,Danish,Danish,male,0,0,,
7724,Johs Jensen,Danish,Danish,male,0,0,,
7725,Raphael Drouart,"French, born 1884",French,male,1884,0,,
7726,Jeanne Bardey,"French, 1872–1954",French,female,1872,1954,,
7727,Maurice Asselin,"French, 1882–1947",French,male,1882,1947,,
7728,Willibald Kramm,"German, born 1891",German,male,1891,0,,
7730,Georg Meistermann,"German, born 1911",German,male,1911,0,,
7731,Emil Kiess,"German, born 1930",German,male,1930,0,,
7732,Hubertus von Pilgrim,"German, born 1931",German,male,1931,0,,
7733,Rigaud Benoit,"Haitian, 1911–1986",Haitian,male,1911,1986,,
7734,Dieudonné Cédor,"Haitian, 1925–2010",Haitian,male,1925,2010,,
7735,Gabriel Alix,"Haitian, 1930–1998",Haitian,male,1930,1998,,
7736,Arnold Lafontant,Haitian,Haitian,male,0,0,,
7737,Gabriel Lévêque,"Haitian, 1923–2013",Haitian,male,1923,2013,,
7738,Lusimond Merelus,Haitian,Haitian,male,0,0,,
7739,Denis Vergin,"Haitian, born 1928",Haitian,male,1928,0,,
7740,Jacob Burck,"American, 1907–1982",American,male,1907,1982,,
7741,Russell Limbach,"American, 1904–1971",American,male,1904,1971,,
7742,Robert Walters,"American, 1925–2008",American,male,1925,2008,,
7753,Jack Garver,American,American,male,0,0,,
7756,John Wood,American,American,male,0,0,,
7803,Frederick Franck,"American, 1909–2006",American,male,1909,2006,Q5497802,500125208
7804,Stephan Balkenhol,"German, born 1957",German,male,1957,0,Q517388,500073571
7805,Douglas Gordon,"Scottish, born 1966",Scottish,male,1966,0,Q1252327,500115974
7806,Andreas Gursky,"German, born 1955",German,male,1955,0,Q497712,500115262
7807,Jerry Cooke,"American, born Russia. 1922–2005",American,male,1922,2005,,
7808,Imi Knoebel,"German, born 1940",German,male,1940,0,Q241977,500124422
7810,Sarah Lucas,"British, born 1962",British,female,1962,0,Q267786,500115024
7811,Jessie Tarbox Beals,"American, born Canada. 1870–1942",American,female,1870,1942,Q6187840,500007393
7812,Juan Muñoz,"Spanish, 1953–2001",Spanish,male,1953,2001,Q567396,500039395
7813,Clements,American,American,male,0,0,,
7814,Jean-Luc Mylayne,"French, born 1946",French,male,1946,0,,
7815,Tommaso Cuccioni,"Italian, 1790–1864",Italian,male,1790,1864,,
7816,VALIE EXPORT,"Austrian, born 1940",Austrian,female,1940,0,Q459681,500061062
7817,Cady Noland,"American, born 1956",American,female,1956,0,Q437729,500116157
7818,Vik Muniz,"Brazilian, born 1961",Brazilian,male,1961,0,Q1288454,500114657
7819,Kirill Rozhdestvenskii,"Russian, born 1932",Russian,male,1932,0,,
7820,Alexander Slussarev,"Russian, born 1944",Russian,male,1944,0,,
7821,R.J. Waters & Co.,American,American,,0,0,,
7822,Giorgio Sommer,"Italian, 1834–1914",Italian,male,1834,1914,Q64212,500030461
7823,Franco Zecchin,"Italian, born 1953",Italian,male,1953,0,,
7824,Roman Signer,"Swiss, born 1938",Swiss,male,1938,0,Q463844,500096318
7825,Thomas Struth,"German, born 1954",German,male,1954,0,Q522783,500037064
7826,Jeff Wall,"Canadian, born 1946",Canadian,male,1946,0,Q550428,500101667
7827,Uta Barth,"American, born 1958",American,female,1958,0,Q122006,500331302
7828,Tria Giovan,"American, born 1961",American,female,1961,0,,
7829,Kurt Kranz,"German, 1910–1997",German,male,1910,1997,Q1717677,500073410
7830,Erwin Smith,"American, 1886–1947",American,male,1886,1947,,
7831,Gerd Bonfert,"Romanian, born 1953",Romanian,male,1953,0,,
7833,Manuel Valdes,"Spanish, born 1942",Spanish,male,1942,0,,
7834,Rose Mandel,"American, born Poland. 1910–2002",American,female,1910,2002,,
7835,Peter Klasen,"German, born 1935",German,male,1935,0,Q2076300,500029456
7836,David Swedlow,American,American,male,0,0,,
7837,Peter Stampfli,"Swiss, born 1937",Swiss,male,1937,0,Q3376904,500030645
7838,Étienne-Jules Marey,"French, 1830–1904",French,male,1830,1904,Q289217,500018125
7839,Georges Demeny,"French, 1850–1917",French,male,1850,1917,,
7840,Ava Gerber,"American, born 1961",American,female,1961,0,,
7841,Sean Mellyn,"American, born 1965",American,male,1965,0,,
7842,Jonathan Seliger,"American, born 1955",American,male,1955,0,,
7843,Frank K. Bacher,"American, born Switzerland",American,male,0,0,,
7844,Katy Schimert,"American, born 1963",American,female,1963,0,,
7845,Diana Michener,"American, born 1940",American,female,1940,0,,
7846,Bernard Rancillac,"French, born 1931",French,male,1931,0,Q2898497,500329203
7847,Raphael Montañez Ortiz,"American, born 1934 (Puerto Rican)",American,male,1934,0,,
7848,Dörte Eissfeldt,"German, born 1950",German,female,1950,0,,
7849,Sharon Harper,"American, born 1966",American,female,1966,0,,
7850,Sanjeev Saith,"Indian, born 1958",Indian,male,1958,0,,
7851,Frances Benjamin Johnston,"American, 1864–1952",American,female,1864,1952,Q462707,500009325
7852,Bastienne Schmidt,"German, born 1961",German,male,1961,0,,
7853,Colette Alvarez Urbajtel,"French, born 1934",French,female,1934,0,,
7854,Nicholas Dean,"American, born 1933",American,male,1933,0,,
7855,Rachel Harrison,"American, born 1966",American,female,1966,0,Q7279265,500129198
7856,Herb Snitzer,"American, 1932–2022",American,male,1932,2022,,
7857,The Group,Finnish,Finnish,,0,0,,
7858,Juha Kaakko,"Finnish, born 1964",Finnish,,1964,0,,
7859,Kimmo Liimatainen,"Finnish, born 1965",Finnish,,1965,0,,
7860,Jari Tirkkonen,"Finnish, born 1965",Finnish,,1965,0,,
7861,Ilkka Laine,"Finnish, born 1964",Finnish,female,1964,0,,
7862,Heikkinen Komonen Architects,"Finnish, est. 1974",Finnish,,1974,0,,
7863,Seiichi Furuya,"Japanese, born 1950",Japanese,male,1950,0,,
7864,Vladimir Syomin,"Russian, born 1938",Russian,male,1938,0,,
7865,Amy Arbus,"American, born 1954",American,female,1954,0,,
7866,Accra Shepp,"American, born 1962",American,male,1962,0,,
7867,Bertien van Manen,"Dutch, 1935–2024",Dutch,female,1935,2024,,
7868,Judith Rothschild,"American, 1921–1993",American,female,1921,1993,,
7869,Power Boothe,"American, born 1945",American,male,1945,0,,
7870,Naomi Boretz,"American, 1935–2023",American,female,1935,2023,,
7871,Marvin Brown,"American, born 1943",American,male,1943,0,,
7872,Kenneth Bushnell,"American, born 1933",,male,1933,0,,
7873,Jean Cohen,American,American,female,0,0,,
7874,Ruth Eckstein,"German, 1916–2011",American,female,1916,2011,,
7875,Gabriele Evertz,American,American,female,0,0,,
7876,Helen Gilbert,American,American,female,0,0,,
7877,James Gross,American,American,male,0,0,,
7878,Paul Heald,American,American,male,0,0,,
7879,Ward Jackson,"American, 1929–2004",American,male,1929,2004,,
7880,James Juszczyk,American,American,male,0,0,,
7881,Martha Keller,American,American,female,0,0,,
7882,Jane Logemann,"American, born 1942",American,female,1942,0,,
7883,Katinka Mann,American,American,female,0,0,,
7884,Nancy Manter,American,American,female,0,0,,
7885,Hiroshi Murata,"Japanese, born 1941",Japanese,male,1941,0,,
7886,Mary Obering,American,American,female,0,0,,
7887,Joan Webster Price,American,American,female,0,0,,
7888,Raquel Rabinovich,American,American,female,0,0,,
7889,Beatrice Riese,"American, 1917–2004",American,female,1917,2004,,
7890,Ce Roser,"American, born 1930",American,female,1930,0,,
7891,Irene Rousseau,American,American,female,0,0,,
7892,Wilfred Graf Schwerin Von Krosigk,American,American,male,0,0,,
7894,Peter Stroud,American,American,male,0,0,,
7895,Mac Wells,American,American,male,0,0,,
7896,Stephen Westfall,American,American,male,0,0,,
7897,Teiji Furuhashi,"Japanese, 1960–1995",Japanese,male,1960,1995,,
7898,Bill Viola,"American, 1951–2024",American,male,1951,2024,Q437616,500092205
7899,Maya Ying Lin,"American, born 1959",American,female,1959,0,,
7900,Tom Slaughter,"American, born 1955",American,male,1955,0,,
7901,An-My Lê,"American, born Vietnam 1960",American,female,1960,0,,
7902,Kenzo Okada,"American, 1902–1982",American,male,1902,1982,Q1279374,500010933
7904,Henri-Victor Regnault,"French, 1810–1878",French,male,1810,1878,Q311115,500002390
7905,Adolphe Terris,"French, 1820–1900",French,male,1820,1900,,
7906,Ming Smith,American,American,female,0,0,,
7907,René Ravo,"French, 1904–1998",French,male,1904,1998,,
7908,Vivian Cherry,"American, 1920–2019",American,female,1920,2019,,
7909,Valdir Cruz,"Brazilian, born 1952",Brazilian,male,1952,0,,
7910,Rudolf Schwarzkogler,"Austrian, 1940–1969",Austrian,male,1940,1969,Q84761,500075011
7911,Charles Long,"American, born 1958",American,male,1958,0,,
7912,Mikhail Razulevich,"Russian, 1904–1993",Russian,male,1904,1993,,
7913,Werner Rohde,"German, 1906–1990",German,male,1906,1990,,
7914,Ian Wallace,"Canadian, born 1943",Canadian,male,1943,0,Q5983181,500069013
7915,Stanisław Ignacy Witkiewicz,"Polish, 1885–1939",Polish,male,1885,1939,Q381238,500028450
7916,Mariana Yampolsky,"Mexican, 1925–2002",Mexican,female,1925,2002,,
7917,Not Vital,"Swiss, born 1948",Swiss,male,1948,0,Q2001713,500067365
7918,Jill Baroff,"American, born 1954",American,female,1954,0,,
7919,William Kentridge,"South African, born 1955",South African,male,1955,0,Q666092,500116197
7920,Maria Serebriakova,"Russian, born 1965",Russian,female,1965,0,,
7921,Lola Álvarez Bravo,"Mexican, 1907–1993",Mexican,female,1907,1993,Q454705,500056681
7922,Roger Cutforth,"British, born 1944",British,male,1944,0,,
7923,Hope Sandrow,"American, born 1951",American,female,1951,0,,
7924,Bogdan Achimescu,"Romanian, born 1965",Romanian,male,1965,0,,
7925,Deborah Oropallo,"American, born 1954",American,female,1954,0,,
7926,Terry Adkins,"American, 1953–2014",American,male,1953,2014,,
7927,Rona Pondick,"American, born 1952",American,female,1952,0,,
7928,Louise Lawler,"American, born 1947",American,female,1947,0,Q539270,500088762
7929,Joseph Grigely,"American, born 1956",American,male,1956,0,,
7930,Jonas Mekas,"Lithuanian, 1922–2019",Lithuanian,male,1922,2019,,
7931,Luca Buvoli,"Italian, born 1963",Italian,male,1963,0,,
7933,Neil M. Denari,"American, born 1957",American,male,1957,0,Q6135237,500100747
7935,Werner Aisslinger,"German, born 1964",German,male,1964,0,Q75156,500125343
7936,Wendell Castle,"American, 1932–2018",American,male,1932,2018,,
7938,Tom Dixon,"British, born 1959",British,male,1959,0,,
7941,Jacques Lowe,"American, born 1924",American,male,1924,0,,
7942,Charles Moore,"American, 1931–2010",American,male,1931,2010,Q1902544,500124541
7954,Lew Thomas,"American, 1932–2021",American,male,1932,2021,,
7958,José Leonilson,"Brazilian, 1957–1993",Brazilian,male,1957,1993,,
7959,Jean-Michel Othoniel,"French, born 1964",French,male,1964,0,,
7960,Elaine Reichek,"American, born 1943",American,female,1943,0,,
7961,Mira Schendel,"Brazilian, born Switzerland. 1919–1988",Brazilian,female,1919,1988,Q1747401,500034420
7962,Sarah Sze,"American, born 1969",American,female,1969,0,Q3473432,500114674
7963,James Castle,"American, 1900–1977",American,male,1900,1977,Q1680153,
7964,Dennis Hopper,"American, 1936–2010",American,male,1936,2010,Q102711,500114625
7965,Lisa Yuskavage,"American, born 1962",American,female,1962,0,Q6558517,500114682
7967,Chris Ofili,"British, born 1968",British,male,1968,0,Q1077608,500057423
7968,Jim Shaw,"American, born 1952",American,male,1952,0,Q6198060,500056898
7969,Gary Simmons,"American, born 1964",American,male,1964,0,,
7970,Katharina Bosse,"German, born 1968",German,female,1968,0,,
7971,Ernest Cole,"South African, 1940–1990",South African,male,1940,1990,Q5392913,
7973,Yevgeny Khaldei,"Russian, 1917–1998",Russian,male,1917,1998,,
7974,Ivan Shagin,"Russian, 1904–1982",Russian,male,1904,1982,,
7975,Arkadii Shishkin,"Russian, 1899–1985",Russian,male,1899,1985,,
7976,Anatoly Skurikhin,"Russian, 1900–1991",Russian,male,1900,1991,,
7977,Aleksandr Ustinov,"Russian, 1909–1995",Russian,male,1909,1995,Q4478236,
7978,Georgi Zelma,"Russian, born Tashkent, Uzbekistan.1906–1984",Russian,male,1906,1984,Q4190529,500116865
7979,interware SARL,"France, est. 2000",French,male,2000,0,,
7980,Jasper Morrison,"British, born 1959",British,male,1959,0,Q1374775,500048491
7981,Serge Mouille,"French, 1922–1988",French,male,1922,1988,Q3479460,500281191
7982,Jean Prouvé,"French, 1901–1984",French,male,1901,1984,Q381924,500115727
7983,"Sony Corporation, Tokyo",est. 1946,Japanese,,1946,0,,
7984,Bas Oudt,"Dutch, 1956–2014",Dutch,male,1956,2014,,
7986,Cedric Price,"British, 1934–2003",British,male,1934,2003,Q555640,500002149
7987,Michael Webb,"British, born 1937",British,male,1937,0,Q427301,500007233
7988,Mathias Ungers,"German, 1926–2007",German,male,1926,2007,,
7991,Franco Albini,"Italian, 1905–1977",Italian,male,1905,1977,Q388683,500003267
7992,Simon Ungers,"German, 1957–2006",German,male,1957,2006,Q67316,500003879
7993,Constantin Boym,"American, born Russia 1955",American,male,1955,0,,
7994,Laurene Leon Boym,"American, born 1964",American,female,1964,0,,